Название в программе;Нормализованное название в программе;Найденное совпадение в exercise DB;DB id;Confidence score;Статус;Причина;Предлагаемый alias;Встречается в программах;Кол-во course_id;Кол-во lesson_id;Muscle group DB;Pattern DB;Target zone DB;DB has video;Второй кандидат;Score второго кандидата;Пример raw/comment
Растяжка на все тело;растяжка на все тело;;;0.078;no_match;Нет кандидата с достаточной похожестью.;;2473;149;2472;;;;;"Скрепка на пресс, техника выполнения упражнения";0.077;Упражнение 7: Растяжка на все тело 1 подходов | Упражнение 7: Растяжка на все тело 1 подходов | Упражнение 7: Растяжка на все тело 1 подходов
Разводка под 15*;разводка под 15;;;0.556;no_match;Нет кандидата с достаточной похожестью.;;533;118;533;;;;;"Дуговая разводка, техника выполнения упражнения";0.392;Упражнение 2: Разводка под 15* 4 подходов x 10 раз | Упражнение 2: Разводка под 15* 4 подходов x 10 раз | Упражнение 2: Разводка под 15* 4 подходов x 10 раз
Присед плие;присед плие;;;0.416;no_match;Нет кандидата с достаточной похожестью.;;45;20;45;;;;;"Присед с точкой опоры, техника выполнения упражнения";0.415;Упражнение 3: Присед плие 4 подходов x 10 раз | Упражнение 3: Присед плие 4 подходов x 10 раз | Упражнение 2: Присед плие 4 подходов x 10 раз
Выпады в смите;выпады в смите;;;0.556;no_match;Нет кандидата с достаточной похожестью.;;33;19;33;;;;;"Выпады в кроссовере, техника выполнения упражнения";0.478;Упражнение 3: Выпады в смите 4 подходов x 12 раз | Упражнение 3: Выпады в смите 4 подходов x 12 раз | Упражнение 3: Выпады в смите 4 подходов x 12 раз
Сведение на ягодицы;сведение на ягодицы;;;0.434;no_match;Нет кандидата с достаточной похожестью.;;5;3;5;;;;;"Жим платформы на ягодицы, техника выполнения упражнения";0.432;Упражнение 6: Сведение на ягодицы 4 подходов x 20 раз | Упражнение 6: Сведение на ягодицы 4 подходов x 20 раз | Упражнение 6: Сведение на ягодицы 4 подходов x 20 раз
Бабочка на большие грудные 10 раз;бабочка на большие грудные 10 раз;;;0.625;no_match;Нет кандидата с достаточной похожестью.;;4;2;4;;;;;"Бабочка на заднюю дельту в кроссовере, техника выполнения упражнения";0.216;Упражнение 2: Бабочка на большие грудные 10 раз | Упражнение 2: Бабочка на большие грудные 10 раз | Упражнение 2: Бабочка на большие грудные 10 раз
Жим в свенда в кроссовере 10 раз;жим в свенда в кроссовере 10 раз;;;0.626;no_match;Нет кандидата с достаточной похожестью.;;3;2;3;;;;;"Выпады в кроссовере, техника выполнения упражнения";0.251;Упражнение 3: Жим в свенда в кроссовере 10 раз | Упражнение 3: Жим в свенда в кроссовере 10 раз | Упражнение 3: Жим в свенда в кроссовере 10 раз
Классические выпады.;классические выпады;;;0.491;no_match;Нет кандидата с достаточной похожестью.;;2;1;2;;;;;Антиротационные выпады с эспандером. Техника выполнения упражнения;0.388;Упражнение 5: Классические выпады. 4 подходов x 8 раз | Упражнение 5: Классические выпады. 4 подходов x 8 раз
Присед с паузой;присед с паузой;;;0.525;no_match;Нет кандидата с достаточной похожестью.;;2;1;2;;;;;"Жим с паузой, техника выполнения упражнения";0.498;Упражнение 2: Присед с паузой 4 подходов x 6 раз | Упражнение 2: Присед с паузой 4 подходов x 6 раз
Подъемы ног;подъемы ног;"Подъемы ног на пресс, техника выполнения упражнения";table_109;0.92;ambiguous_match;"Несколько близких кандидатов: Подъемы ног на пресс, техника выполнения упражнения / Подъемы ног на скамье для пресса, техника выполнения упражнения.";"Подъемы ног на пресс, техника выполнения упражнения";341;122;341;пресс;подъем ног;Нижний пресс;true;"Подъемы ног на скамье для пресса, техника выполнения упражнения";0.92;Упражнение 7: Подъемы ног 4 подходов x 10 раз | Упражнение 7: Подъемы ног 4 подходов x 10 раз | Упражнение 4: Подъемы ног 4 подходов x 10 раз
Фронтальные приседания со штангой;фронтальные приседания со штангой;"Приседания со штангой, техника выполнения упражнений";table_144;0.88;ambiguous_match;"Несколько близких кандидатов: Приседания со штангой, техника выполнения упражнений / Фронтальные приседания, техника выполнения упражнения.";"Приседания со штангой, техника выполнения упражнений";291;110;291;ноги;приседание;Квадрицепс / ягодицы;true;"Фронтальные приседания, техника выполнения упражнения";0.88;Упражнение 1: Фронтальные приседания со штангой 4 подходов x 12 раз | Упражнение 1: Фронтальные приседания со штангой 4 подходов x 12 раз | Упражнение 4: Фронтальные приседания со штангой 4 подходов x 8 раз
Дуговые махи;дуговые махи;"Дуговые махи гантелями стоя, техника выполнения упражнения";table_188;0.92;ambiguous_match;"Несколько близких кандидатов: Дуговые махи гантелями стоя, техника выполнения упражнения / Дуговые махи гантелями, техника выполнения упражнения.";"Дуговые махи гантелями стоя, техника выполнения упражнения";101;42;101;плечи;отведение плеча;Средняя дельта;true;"Дуговые махи гантелями, техника выполнения упражнения";0.92;Упражнение 4: Дуговые махи 4 подходов x 10 раз | Упражнение 4: Дуговые махи 4 подходов x 10 раз | Упражнение 4: Дуговые махи 4 подходов x 10 раз
Жим узким хватом;жим узким хватом;"Жим узким хватом в смитте, техника выполнения упражнения";table_129;0.92;ambiguous_match;"Несколько близких кандидатов: Жим узким хватом в смитте, техника выполнения упражнения / Жим с пола узким хватом, техника выполнения упражнения.";"Жим узким хватом в смитте, техника выполнения упражнения";69;42;69;трицепс;горизонтальный жим;Трицепс / грудь;true;"Жим с пола узким хватом, техника выполнения упражнения";0.875;Упражнение 4: Жим узким хватом 4 подходов x 8 раз | Упражнение 4: Жим узким хватом 4 подходов x 8 раз | Упражнение 4: Жим узким хватом 4 подходов x 8 раз
Планка на фитболе;планка на фитболе;"Планка на фитболе под ногами, техника выполнения упражнения";table_084;0.92;ambiguous_match;"Несколько близких кандидатов: Планка на фитболе под ногами, техника выполнения упражнения / Планка на фитболе под руками, техника выполнения упражнения.";"Планка на фитболе под ногами, техника выполнения упражнения";52;29;52;пресс;стабилизация;Кор;true;"Планка на фитболе под руками, техника выполнения упражнения";0.92;Упражнение 6: Планка на фитболе 4 подходов x 30 сек | Упражнение 6: Планка на фитболе 4 подходов x 1 мин | Упражнение 4: Планка на фитболе 4 подходов x 1 мин
Изодинамические махи;изодинамические махи;"Изодинамические махи гантелями сидя, техника выполнения упражнения";table_063;0.92;ambiguous_match;"Несколько близких кандидатов: Изодинамические махи гантелями сидя, техника выполнения упражнения / Изодинамические махи гантелями, техника выполнения упражнения.";"Изодинамические махи гантелями сидя, техника выполнения упражнения";51;32;51;плечи;отведение плеча;Средняя дельта;true;"Изодинамические махи гантелями, техника выполнения упражнения";0.92;Упражнение 5: Изодинамические махи 4 подходов x 10 раз | Упражнение 5: Изодинамические махи 4 подходов x 10 раз | Упражнение 5: Изодинамические махи 4 подходов x 10 раз
Сведение рук в кроссовере на 30* скамье;сведение рук в кроссовере на 30 скамье;"Сведение рук в кроссовере на 30-градусной скамье, техника выполнения упражнения";table_019;0.915;ambiguous_match;"Несколько близких кандидатов: Сведение рук в кроссовере на 30-градусной скамье, техника выполнения упражнения / Сведение рук в кроссовере, техника выполнения упражнения.";"Сведение рук в кроссовере на 30-градусной скамье, техника выполнения упражнения";45;28;45;грудь;сведение рук;Верх груди;true;"Сведение рук в кроссовере, техника выполнения упражнения";0.88;Упражнение 2: Сведение рук в кроссовере на 30* скамье 4 подходов x 15 раз | Упражнение 2: Сведение рук в кроссовере на 30* скамье 4 подходов x 15 раз | Упражнение 2: Сведение рук в кроссовере на 30* скамье 4 подходов x 15 раз
Плеометрический гак присед;плеометрический гак присед;"Гак присед, техника выполнения упражнения";table_040;0.88;ambiguous_match;"Несколько близких кандидатов: Гак присед, техника выполнения упражнения / Плеометрический ГАК, техника выполнения упражнения.";"Гак присед, техника выполнения упражнения";17;10;17;ноги;приседание;Квадрицепс;true;"Плеометрический ГАК, техника выполнения упражнения";0.88;Упражнение 5: Плеометрический гак присед 4 подходов x 12 раз | Упражнение 1: Плеометрический гак присед 4 подходов x 10 раз | Упражнение 1: Плеометрический гак присед 4 подходов x 10 раз
Махи гантелями;махи гантелями;"Дуговые махи гантелями стоя, техника выполнения упражнения";table_188;0.92;ambiguous_match;"Несколько близких кандидатов: Дуговые махи гантелями стоя, техника выполнения упражнения / Дуговые махи гантелями, техника выполнения упражнения.";"Дуговые махи гантелями стоя, техника выполнения упражнения";14;7;14;плечи;отведение плеча;Средняя дельта;true;"Дуговые махи гантелями, техника выполнения упражнения";0.92;Упражнение 4: Махи гантелями 4 подходов x 10 раз | Упражнение 4: Махи гантелями 4 подходов x 10 раз | Упражнение 4: Махи гантелями 4 подходов x 10 раз
Жим гантелей лёжа на скамье 30*;жим гантелей лежа на скамье 30;"Жим гантелей лёжа, техника выполнения упражнения";table_047;0.88;fuzzy_match;Высокая похожесть по токенам/строке.;"Жим гантелей лёжа, техника выполнения упражнения";464;116;464;грудь;горизонтальный жим;Средняя грудь;true;"Жим гантелей на 30* скамье, техника выполнения упражнения";0.785;Упражнение 1: Жим гантелей лёжа на скамье 30* 4 подходов x 12 раз | Упражнение 2: Жим гантелей лёжа на скамье 30* 4 подходов x 8 раз | Упражнение 2: Жим гантелей лёжа на скамье 30* 4 подходов x 12 раз
Комплекс ЛФК упражнений на плечи;комплекс лфк упражнений на плечи;"Комлпекс ЛФК упражнений на плечи, техника выполнения упражнений";table_056;0.756;fuzzy_match;Высокая похожесть по токенам/строке.;"Комлпекс ЛФК упражнений на плечи, техника выполнения упражнений";424;30;424;плечи лфк плеч;лфк плеч;Ротаторная манжета плеча;true;"Махи на плечи в кроссовере, тросс сзади. Техника выполнения упражнения";0.212;Упражнение 1: Комплекс ЛФК упражнений на плечи 4 подходов x 10 раз | Упражнение 1: Комплекс ЛФК упражнений на плечи 4 подходов x 10 раз | Упражнение 1: Комплекс ЛФК упражнений на плечи. 4 подходов x 10 раз
Бабочка на большие грудные;бабочка на большие грудные;"Бабочка на большие грудные мышцы, техника выполнения упражнения";table_114;0.92;fuzzy_match;Название из программы является частью названия в exercise DB.;"Бабочка на большие грудные мышцы, техника выполнения упражнения";363;134;363;грудь;сведение рук;Большие грудные;true;"Бабочка на заднюю дельту в кроссовере, техника выполнения упражнения";0.316;Упражнение 2: Бабочка на большие грудные 4 подходов x 10 раз | Упражнение 2: Бабочка на большие грудные 4 подходов x 10 раз | Упражнение 2: Бабочка на большие грудные 4 подходов x 10 раз
Горизонтальная или гребная тяга широким хватом;горизонтальная или гребная тяга широким хватом;"Горизонтальная тяга широким хватом, техника выполнения упражнения";table_078;0.683;fuzzy_match;Высокая похожесть по токенам/строке.;"Горизонтальная тяга широким хватом, техника выполнения упражнения";232;101;232;спина;горизонтальная тяга;Верх спины;true;"Подтягивания в гравитроне широким хватом, техника выполнения упражнения";0.355;Упражнение 3: Горизонтальная или гребная тяга широким хватом 4 подходов x 8 раз | Упражнение 3: Горизонтальная или гребная тяга широким хватом 4 подходов x 8 раз | Упражнение 2: Горизонтальная или гребная тяга широким хватом 4 подходов x 8 раз
Горизонтальная тяга или гребная тяга.;горизонтальная тяга или гребная тяга;"Горизонтальная тяга, техника выполнения упражнения";table_055;0.88;fuzzy_match;Высокая похожесть по токенам/строке.;"Горизонтальная тяга, техника выполнения упражнения";215;90;215;спина;горизонтальная тяга;Верх спины;true;"Горизонтальная тяга широким хватом, техника выполнения упражнения";0.485;Упражнение 3: Горизонтальная тяга или гребная тяга. 4 подходов x 10 раз | Упражнение 3: Горизонтальная тяга или гребная тяга. 4 подходов x 10 раз | Упражнение 3: Горизонтальная тяга или гребная тяга. 4 подходов x 10 раз
Классический жим в тренажере;классический жим в тренажере;"Классический жим от груди в тренажёре, техника выполнения упражнения";table_023;0.853;fuzzy_match;Высокая похожесть по токенам/строке.;"Классический жим от груди в тренажёре, техника выполнения упражнения";212;93;212;грудь;горизонтальный жим;Средняя грудь;true;"Трицепс в тренажере, техника выполнения упражнения";0.35;Упражнение 1: Классический жим в тренажере 4 подходов x 8 раз | Упражнение 1: Классический жим в тренажере 4 подходов x 8 раз | Упражнение 1: Классический жим в тренажере 4 подходов x 8 раз
Жим ногами на бицеп бедра;жим ногами на бицеп бедра;"Жим ногами, техника выполнения упражнения";table_028;0.88;fuzzy_match;Высокая похожесть по токенам/строке.;"Жим ногами, техника выполнения упражнения";198;76;198;ноги;жим ногами;Квадрицепс;true;Жим ногами на бицепс бедра;0.761;Упражнение 5: Жим ногами на бицеп бедра 4 подходов x 12 раз | Упражнение 5: Жим ногами на бицеп бедра 4 подходов x 10 раз | Упражнение 5: Жим ногами на бицеп бедра 4 подходов x 12 раз
Приседания в кроссовере;приседания в кроссовере;"Приседание в кроссовере, техника выполнения упражнения";table_124;0.99;fuzzy_match;Высокая похожесть по токенам/строке.;"Приседание в кроссовере, техника выполнения упражнения";176;70;176;ноги;приседание;Квадрицепс / ягодицы;true;"Приседания в смите, техника выполнения упражнения";0.494;Упражнение 1: Приседания в кроссовере 4 подходов x 8 раз | Упражнение 1: Приседания в кроссовере 4 подходов x 8 раз | Упражнение 1: Приседания в кроссовере 4 подходов x 8 раз
Бабочка на заднюю дельту;бабочка на заднюю дельту;"Бабочка на заднюю дельту в кроссовере, техника выполнения упражнения";table_049;0.92;fuzzy_match;Название из программы является частью названия в exercise DB.;"Бабочка на заднюю дельту в кроссовере, техника выполнения упражнения";137;61;137;плечи задняя дельта;разведение плеча;Задняя дельта;true;"Тяга ""Арбалет"" на заднюю дельту, техника выполнения упражнения";0.602;Упражнение 6: Бабочка на заднюю дельту 4 подходов x 10 раз | Упражнение 6: Бабочка на заднюю дельту 4 подходов x 10 раз | Упражнение 4: Бабочка на заднюю дельту 4 подходов x 12 раз
"Трицепс в тренажёре формата ""брусья""";трицепс в тренажере формата брусья;"Трицепс в тренажере, техника выполнения упражнения";table_137;0.88;fuzzy_match;Высокая похожесть по токенам/строке.;"Трицепс в тренажере, техника выполнения упражнения";129;70;129;трицепс;разгибание локтя;Трицепс;true;"Трицепс в кроссовере обратным хватом, техника выполнения упражнения";0.28;"Упражнение 4: Трицепс в тренажёре формата ""брусья"" 4 подходов x 8 раз | Упражнение 4: Трицепс в тренажёре формата ""брусья"" 4 подходов x 8 раз | Упражнение 4: Трицепс в тренажёре формата ""брусья"" 4 подходов x 8 раз"
Отжимания в смитте;отжимания в смитте;"Отжимания в тренажёре смитта, техника выполнения упражнения";table_126;0.836;fuzzy_match;Высокая похожесть по токенам/строке.;"Отжимания в тренажёре смитта, техника выполнения упражнения";124;40;124;грудь;горизонтальный жим;Средняя грудь;true;"Жим в смитте, техника выполнения упражнения";0.498;Упражнение 1: Отжимания в смитте 4 подходов x 12 раз | Упражнение 1: Отжимания в смитте 4 подходов x 15 раз | Упражнение 1: Отжимания в смитте 4 подходов x 12 раз
Латеральная или боковая вытяжка в кроссовере.;латеральная или боковая вытяжка в кроссовере;"Латеральная или боковая вытяжка в кросовере, техника выполнения упражнения. (ЛФК для спины)";table_010;0.808;fuzzy_match;Высокая похожесть по токенам/строке.;"Латеральная или боковая вытяжка в кросовере, техника выполнения упражнения. (ЛФК для спины)";119;24;119;;лфк вытяжка;Квадратная мышца поясницы;true;"Латеральные или боковые зашагивания, техника выполнения упражнения";0.55;Упражнение 2: Латеральная или боковая вытяжка в кроссовере. 4 подходов x 12 раз | Упражнение 1: Латеральная или боковая вытяжка в кроссовере. 4 подходов x 12 раз | Упражнение 2: Латеральная или боковая вытяжка в кроссовере. 4 подходов x 12 раз
Жим в хаммере верх груди;жим в хаммере верх груди;"Жим в хаммере на верх груди, техника выполнения упражнения";table_027;0.976;fuzzy_match;Высокая похожесть по токенам/строке.;"Жим в хаммере на верх груди, техника выполнения упражнения";109;58;109;грудь;горизонтальный жим;Верх груди;true;"Жим в хаммере на низ груди, техника выполнения упражнения";0.719;Упражнение 3: Жим в хаммере верх груди 4 подходов x 8 раз | Упражнение 3: Жим в хаммере верх груди 4 подходов x 8 раз | Упражнение 1: Жим в хаммере верх груди 4 подходов x 8 раз
Разгибание на трицепс с канатной рукоятью;разгибание на трицепс с канатной рукоятью;"Разгибание на трицепс в кроссовере с канатной рукояткой, техника выполнения упражнения";table_133;0.682;fuzzy_match;Высокая похожесть по токенам/строке.;"Разгибание на трицепс в кроссовере с канатной рукояткой, техника выполнения упражнения";109;57;109;трицепс;разгибание локтя;Трицепс;true;"Разгибание на трицепс в кроссовере, техника выполнения упражнения";0.506;Упражнение 5: Разгибание на трицепс с канатной рукоятью 4 подходов x 15 раз | Упражнение 5: Разгибание на трицепс с канатной рукоятью 4 подходов x 15 раз | Упражнение 5: Разгибание на трицепс с канатной рукоятью 4 подходов x 12 раз
Боковая или латеральная планка;боковая или латеральная планка;"Латеральная планка, или боковая планка, техника выполнения упражнения";table_085;0.863;fuzzy_match;Высокая похожесть по токенам/строке.;"Латеральная планка, или боковая планка, техника выполнения упражнения";106;48;106;пресс;стабилизация;Косые мышцы живота;true;"Латеральные или боковые зашагивания, техника выполнения упражнения";0.606;Упражнение 5: Боковая или латеральная планка 4 подходов x 30 сек | Упражнение 5: Боковая или латеральная планка 4 подходов x 30 сек | Упражнение 7: Боковая или латеральная планка 8 подходов x 30 сек
Вертикальная тяга широким хватом;вертикальная тяга широким хватом;"Вертикальная тяга, техника выполнения упражнения";table_127;0.88;fuzzy_match;Высокая похожесть по токенам/строке.;"Вертикальная тяга, техника выполнения упражнения";103;55;103;спина;вертикальная тяга;Широчайшие;true;"Вертикальная тяга узким хватом, техника выполнения упражнения";0.742;Упражнение 3: Вертикальная тяга широким хватом 4 подходов x 8 раз | Упражнение 3: Вертикальная тяга широким хватом 4 подходов x 8 раз | Упражнение 2: Вертикальная тяга широким хватом 4 подходов x 15 раз
Скрепка;скрепка;"Скрепка на пресс, техника выполнения упражнения";table_098;0.92;fuzzy_match;Название из программы является частью названия в exercise DB.;"Скрепка на пресс, техника выполнения упражнения";100;53;100;пресс;скручивание;Прямая мышца живота;true;"Классическая планка, техника выполнения упражнения";0.058;Упражнение 6: Скрепка 4 подходов x 10 раз | Упражнение 6: Скрепка 4 подходов x 10 раз | Упражнение 7: Скрепка 4 подходов x 15 раз
Выпады со штангой;выпады со штангой;"Выпады со штангой на ягодицы, техника выполнения упражнения";table_032;0.92;fuzzy_match;Название из программы является частью названия в exercise DB.;"Выпады со штангой на ягодицы, техника выполнения упражнения";97;46;97;ноги ягодицы;выпад;Ягодицы;true;"Отходы со штангой, техника выполнения упражнения";0.519;Упражнение 3: Выпады со штангой 4 подходов x 8 раз | Упражнение 3: Выпады со штангой 4 подходов x 6 раз | Упражнение 3: Выпады со штангой 4 подходов x 8 раз
Тяга из-за головы на трицепс;тяга из за головы на трицепс;"Тяга из-за головы в кроссовере на трицепс, техника выполнения упражнения";table_134;0.872;fuzzy_match;Высокая похожесть по токенам/строке.;"Тяга из-за головы в кроссовере на трицепс, техника выполнения упражнения";96;49;96;трицепс;разгибание локтя;Трицепс;true;"Разгибание на трицепс из-за головы, техника выполнения упражнения";0.533;Упражнение 6: Тяга из-за головы на трицепс 4 подходов x 10 раз | Упражнение 6: Тяга из-за головы на трицепс 4 подходов x 10 раз | Упражнение 5: Тяга из-за головы на трицепс 4 подходов x 10 раз
Касания пяток (пресс);касания пяток;"Касание пяток на пресс, техника выполнения упражнения";table_099;0.822;fuzzy_match;Высокая похожесть по токенам/строке.;"Касание пяток на пресс, техника выполнения упражнения";86;47;86;пресс;скручивание;Косые мышцы живота;true;"Приседания с паузой, техника выполнения упражнений";0.093;Упражнение 5: Касания пяток (пресс) 4 подходов x 20 раз | Упражнение 5: Касания пяток (пресс) 4 подходов x 20 раз | Упражнение 7: Касания пяток (пресс) 4 подходов x 30 раз
Дуговые махи на заднюю дельту;дуговые махи на заднюю дельту;"Махи дерижер на заднюю дельту, техника выполнения упражнения";table_110;0.686;fuzzy_match;Высокая похожесть по токенам/строке.;"Махи дерижер на заднюю дельту, техника выполнения упражнения";78;47;78;плечи задняя дельта;разведение плеча;Задняя дельта;true;"Махи на заднюю дельту на 30* скамье, техника выполнения упражнения";0.611;Упражнение 5: Дуговые махи на заднюю дельту 4 подходов x 10 раз | Упражнение 5: Дуговые махи на заднюю дельту 4 подходов x 10 раз | Упражнение 5: Дуговые махи на заднюю дельту 4 подходов x 10 раз
Изодинамический подъем на бицепс.;изодинамический подъем на бицепс;"Изодинамиеский подъем на бицепс, техника выполнения упражнения";table_176;0.694;fuzzy_match;Высокая похожесть по токенам/строке.;"Изодинамиеский подъем на бицепс, техника выполнения упражнения";67;35;67;бицепс;сгибание локтя;Бицепс;true;"Попеременный подъем на бицепс, техника выполнения упражнения";0.625;Упражнение 6: Изодинамический подъем на бицепс. 4 подходов x 12 раз | Упражнение 6: Изодинамический подъем на бицепс. 4 подходов x 12 раз | Упражнение 6: Изодинамический подъем на бицепс. 4 подходов x 10 раз
Жим в хаммере низ;жим в хаммере низ;"Жим в хаммере на низ груди, техника выполнения упражнения";table_015;0.865;fuzzy_match;Высокая похожесть по токенам/строке.;"Жим в хаммере на низ груди, техника выполнения упражнения";62;41;62;грудь;горизонтальный жим;Нижняя грудь;true;"Жим в хаммере на верх груди, техника выполнения упражнения";0.58;Упражнение 1: Жим в хаммере низ 4 подходов x 8 раз | Упражнение 1: Жим в хаммере низ 4 подходов x 12 раз | Упражнение 1: Жим в хаммере низ 4 подходов x 12 раз
Бицепс со штангой на скамье Скотта;бицепс со штангой на скамье скотта;"Бицепс со штангой в скамье скотта, техника выполнения упражнения";table_166;0.987;fuzzy_match;Высокая похожесть по токенам/строке.;"Бицепс со штангой в скамье скотта, техника выполнения упражнения";60;29;60;бицепс;сгибание локтя;Бицепс;true;"Бицепс с гантелью на скамье скотта, техника выполнения упражнения";0.718;Упражнение 5: Бицепс со штангой на скамье Скотта 4 подходов x 12 раз | Упражнение 5: Бицепс со штангой на скамье Скотта 4 подходов x 12 раз | Упражнение 4: Бицепс со штангой на скамье скотта 4 подходов x 10 раз
Жим в свенда в кроссовере;жим в свенда в кроссовере;"Жим Свенда в кроссовере, техника выполнения упражнения";table_031;0.982;fuzzy_match;Высокая похожесть по токенам/строке.;"Жим Свенда в кроссовере, техника выполнения упражнения";59;37;59;грудь;сведение рук;Внутренняя грудь;true;"Выпады в кроссовере, техника выполнения упражнения";0.372;Упражнение 2: Жим в свенда в кроссовере 4 подходов x 10 раз | Упражнение 2: Жим в свенда в кроссовере 4 подходов x 10 раз | Упражнение 2: Жим в свенда в кроссовере 4 подходов x 12 раз
Махи на заднюю дельту на скамье 30*;махи на заднюю дельту на скамье 30;"Махи на заднюю дельту на 30* скамье, техника выполнения упражнения";table_107;0.961;fuzzy_match;Высокая похожесть по токенам/строке.;"Махи на заднюю дельту на 30* скамье, техника выполнения упражнения";56;31;56;плечи задняя дельта;разведение плеча;Задняя дельта;true;"Махи дерижер на заднюю дельту, техника выполнения упражнения";0.529;Упражнение 4: Махи на заднюю дельту на скамье 30* 4 подходов x 10 раз | Упражнение 4: Махи на заднюю дельту на скамье 30* 4 подходов x 10 раз | Упражнение 4: Махи на заднюю дельту на скамье 30* 4 подходов x 10 раз
Махи на скамье под 45* на плечи;махи на скамье под 45 на плечи;"Махи на скамье под 45*, техника выполнения упражнения";table_060;0.88;fuzzy_match;Высокая похожесть по токенам/строке.;"Махи на скамье под 45*, техника выполнения упражнения";46;29;46;плечи;отведение плеча;Средняя дельта;true;"Махи на заднюю дельту на 30* скамье, техника выполнения упражнения";0.424;Упражнение 5: Махи на скамье под 45* на плечи 4 подходов x 10 раз | Упражнение 4: Махи на скамье под 45* на плечи 4 подходов x 10 раз | Упражнение 5: Махи на скамье под 45* на плечи 4 подходов x 10 раз
Подъем на бицепс с гантелями сидя;подъем на бицепс с гантелями сидя;"Подъем на бицепс с резинкой сидя, техника выполнения упражнения";table_167;0.71;fuzzy_match;Высокая похожесть по токенам/строке.;"Подъем на бицепс с резинкой сидя, техника выполнения упражнения";41;26;41;бицепс;сгибание локтя;Бицепс;true;"Подъем на бицепс гантелей стоя, техника выполнения упражнения";0.524;Упражнение 6: Подъем на бицепс с гантелями сидя 4 подходов x 10 раз | Упражнение 6: Подъем на бицепс с гантелями сидя 4 подходов x 10 раз | Упражнение 7: Подъем на бицепс с гантелями сидя 4 подходов x 10 раз
Молотковые сгибания на бицепс с канатной рукояткой;молотковые сгибания на бицепс с канатной рукояткой;"Молотковые сгибание на бицепс с канатной рукояткой в кроссовере, техника выполнения упражнения";table_171;0.912;fuzzy_match;Высокая похожесть по токенам/строке.;"Молотковые сгибание на бицепс с канатной рукояткой в кроссовере, техника выполнения упражнения";40;23;40;бицепс;сгибание локтя;Бицепс / брахиалис;true;"Бицепс с канатной рукояткой в кроссовере, техника выполнения упражнения";0.506;Упражнение 4: Молотковые сгибания на бицепс с канатной рукояткой 4 подходов x 15 раз | Упражнение 4: Молотковые сгибания на бицепс с канатной рукояткой 4 подходов x 15 раз | Упражнение 6: Молотковые сгибания на бицепс с канатной рукояткой 4 подходов x 10 раз
Изодинамические махи на заднюю дельту;изодинамические махи на заднюю дельту;"Махи дерижер на заднюю дельту, техника выполнения упражнения";table_110;0.669;fuzzy_match;Высокая похожесть по токенам/строке.;"Махи дерижер на заднюю дельту, техника выполнения упражнения";38;25;38;плечи задняя дельта;разведение плеча;Задняя дельта;true;"Махи на заднюю дельту на 30* скамье, техника выполнения упражнения";0.574;Упражнение 4: Изодинамические махи на заднюю дельту 4 подходов x 10 раз | Упражнение 4: Изодинамические махи на заднюю дельту 4 подходов x 10 раз | Упражнение 4: Изодинамические махи на заднюю дельту 4 подходов x 10 раз
Паучьи сгибания с гантелями;паучьи сгибания с гантелями;"Паучьи сгибания, техника выполнения упражнения";table_180;0.88;fuzzy_match;Высокая похожесть по токенам/строке.;"Паучьи сгибания, техника выполнения упражнения";18;13;18;бицепс;сгибание локтя;Бицепс;true;"Паучьи сгибания молотковым хватом, техника выполнения упражнения";0.571;Упражнение 5: Паучьи сгибания с гантелями 4 подходов x 15 раз | Упражнение 5: Паучьи сгибания с гантелями 4 подходов x 15 раз | Упражнение 6: Паучьи сгибания с гантелями 4 подходов x 15 раз
Подъем на бицепс обратным хватом в кроссовере;подъем на бицепс обратным хватом в кроссовере;"Подъем на бицепс обратным хватом, техника выполнения упражнения";table_172;0.88;fuzzy_match;Высокая похожесть по токенам/строке.;"Подъем на бицепс обратным хватом, техника выполнения упражнения";14;10;14;бицепс;сгибание локтя;Брахиалис / предплечье;true;"Подъем на бицепс спиной к кроссоверу, техника выполнения упражнения";0.591;Упражнение 6: Подъем на бицепс обратным хватом в кроссовере 4 подходов x 10 раз | Упражнение 6: Подъем на бицепс обратным хватом в кроссовере 4 подходов x 10 раз | Упражнение 6: Подъем на бицепс обратным хватом в кроссовере 4 подходов x 10 раз
Прямые скручивания на пресс;прямые скручивания на пресс;"Прямые скручивания с мячом, техника выполнения упражнения";table_096;0.644;fuzzy_match;Высокая похожесть по токенам/строке.;"Прямые скручивания с мячом, техника выполнения упражнения";14;7;14;пресс;скручивание;Прямая мышца живота;true;"Велосипедные скручивания на пресс, техника выполнения упражнения";0.641;Упражнение 6: Прямые скручивания на пресс 4 подходов x 10 раз | Упражнение 6: Прямые скручивания на пресс 4 подходов x 10 раз | Упражнение 6: Прямые скручивания на пресс 4 подходов x 10 раз
Присед в смите;присед в смите;"Си-си присед на бицепс бедра в смите, техника выполнения упражнения";table_018;0.725;fuzzy_match;Высокая похожесть по токенам/строке.;"Си-си присед на бицепс бедра в смите, техника выполнения упражнения";11;7;11;ноги бицепс бедра;сгибание ног;Бицепс бедра;true;"Приседания в смите, техника выполнения упражнения";0.522;Упражнение 1: Присед в смите 4 подходов x 8 раз | Упражнение 1: Присед в смите 4 подходов x 8 раз | Упражнение 3: Присед в смите 4 подходов x 12 раз
Классические отжимания 10 раз;классические отжимания 10 раз;"Классические отжимания, техника выполнения упражнения";table_103;0.88;fuzzy_match;Высокая похожесть по токенам/строке.;"Классические отжимания, техника выполнения упражнения";10;5;10;грудь;горизонтальный жим;Грудные / трицепс;true;"Обратные отжимания, техника выполнения упражнения";0.267;Упражнение 3: Классические отжимания 10 раз | Упражнение 3: Классические отжимания 10 раз | Упражнение 3: Классические отжимания 10 раз
Разгибание ног 10 раз;разгибание ног 10 раз;"Разгибание ног, техника выполнения упражнения";table_123;0.88;fuzzy_match;Высокая похожесть по токенам/строке.;"Разгибание ног, техника выполнения упражнения";9;5;9;ноги;разгибание ног;Квадрицепс;true;"Сгибание ног лёжа, техника выполнения упражнения";0.312;Упражнение 4: Разгибание ног 10 раз | Упражнение 4: Разгибание ног 10 раз | Упражнение 4: Разгибание ног 10 раз
Си-си присед с собственным весом 10 раз;си си присед с собственным весом 10 раз;"Си-си присед с собственным весом, техника выполнения упражнения";table_014;0.88;fuzzy_match;Высокая похожесть по токенам/строке.;"Си-си присед с собственным весом, техника выполнения упражнения";9;5;9;ноги квадрицепс;приседание;Квадрицепс;true;"Си-си присед на бицепс бедра в смите, техника выполнения упражнения";0.33;Упражнение 5: Си-си присед с собственным весом 10 раз | Упражнение 5: Си-си присед с собственным весом 10 раз | Упражнение 5: Си-си присед с собственным весом 10 раз
Зашагивания на тумбу 10 раз;зашагивания на тумбу 10 раз;"Зашагивания на тумбу, техника выполнения упражнения";table_012;0.88;fuzzy_match;Высокая похожесть по токенам/строке.;"Зашагивания на тумбу, техника выполнения упражнения";8;8;8;ноги ягодицы;зашагивание;Ягодицы / квадрицепс;true;"Латеральные или боковые зашагивания, техника выполнения упражнения";0.208;Упражнение 3: Зашагивания на тумбу 10 раз | Упражнение 6: Зашагивания на тумбу 10 раз | Упражнение 8: Зашагивания на тумбу 10 раз
Латеральные или боковые зашагивания 10 раз;латеральные или боковые зашагивания 10 раз;"Латеральные или боковые зашагивания, техника выполнения упражнения";table_036;0.88;fuzzy_match;Высокая похожесть по токенам/строке.;"Латеральные или боковые зашагивания, техника выполнения упражнения";8;8;8;ноги бицепс бедра;зашагивание;Средняя ягодичная / квадрицепс;true;"Латеральная или боковая вытяжка в кросовере, техника выполнения упражнения. (ЛФК для спины)";0.468;Упражнение 2: Латеральные или боковые зашагивания 10 раз | Упражнение 5: Латеральные или боковые зашагивания 10 раз | Упражнение 7: Латеральные или боковые зашагивания 10 раз
Велосипедные скручивания;велосипедные скручивания;"Велосипедные скручивания на пресс, техника выполнения упражнения";table_100;0.92;fuzzy_match;Название из программы является частью названия в exercise DB.;"Велосипедные скручивания на пресс, техника выполнения упражнения";6;3;6;пресс;скручивание;Косые мышцы живота;true;"Косые скручивания с мячом, техника выполнения упражнения";0.411;Упражнение 9: Велосипедные скручивания 4 подходов x 30 сек | Упражнение 9: Велосипедные скручивания 4 подходов x 30 сек | Упражнение 8: Велосипедные скручивания 4 подходов x 30 сек
Молотковые сгибания с канатной рукоятью в кроссовере;молотковые сгибания с канатной рукоятью в кроссовере;"Молотковые сгибание на бицепс с канатной рукояткой в кроссовере, техника выполнения упражнения";table_171;0.742;fuzzy_match;Высокая похожесть по токенам/строке.;"Молотковые сгибание на бицепс с канатной рукояткой в кроссовере, техника выполнения упражнения";6;3;6;бицепс;сгибание локтя;Бицепс / брахиалис;true;"Бицепс с канатной рукояткой в кроссовере, техника выполнения упражнения";0.421;Упражнение 9: Молотковые сгибания с канатной рукоятью в кроссовере 4 подходов x 12 раз | Упражнение 9: Молотковые сгибания с канатной рукоятью в кроссовере 4 подходов x 12 раз | Упражнение 9: Молотковые сгибания с канатной рукоятью в кроссовере 4 подходов x 12 раз
Сведение рук в кроссовере на 30* скамье 10 раз;сведение рук в кроссовере на 30 скамье 10 раз;"Сведение рук в кроссовере, техника выполнения упражнения";table_007;0.88;fuzzy_match;Высокая похожесть по токенам/строке.;"Сведение рук в кроссовере, техника выполнения упражнения";6;3;6;грудь;сведение рук;Большие грудные;true;"Сведение рук в кроссовере на 30-градусной скамье, техника выполнения упражнения";0.697;Упражнение 3: Сведение рук в кроссовере на 30* скамье 10 раз | Упражнение 3: Сведение рук в кроссовере на 30* скамье 10 раз | Упражнение 3: Сведение рук в кроссовере на 30* скамье 10 раз
Си-си присед на бицепс бедра;си си присед на бицепс бедра;"Си-си присед на бицепс бедра в смите, техника выполнения упражнения";table_018;0.92;fuzzy_match;Название из программы является частью названия в exercise DB.;"Си-си присед на бицепс бедра в смите, техника выполнения упражнения";6;5;6;ноги бицепс бедра;сгибание ног;Бицепс бедра;true;Жим ногами на бицепс бедра;0.492;Упражнение 5: Си-си присед на бицепс бедра 4 подходов x 10 раз | Упражнение 5: Си-си присед на бицепс бедра 4 подходов x 10 раз | Упражнение 5: Си-си присед на бицепс бедра 4 подходов x 10 раз
Сведение рук в кроссовере 10 раз;сведение рук в кроссовере 10 раз;"Сведение рук в кроссовере, техника выполнения упражнения";table_007;0.88;fuzzy_match;Высокая похожесть по токенам/строке.;"Сведение рук в кроссовере, техника выполнения упражнения";3;2;3;грудь;сведение рук;Большие грудные;true;Сведение рук в кроссовере на горизонтальной скамье;0.555;Упражнение 2: Сведение рук в кроссовере 10 раз | Упражнение 2: Сведение рук в кроссовере 10 раз | Упражнение 4: Сведение рук в кроссовере 10 раз
Зашагивания на тумбу 15 раз;зашагивания на тумбу 15 раз;"Зашагивания на тумбу, техника выполнения упражнения";table_012;0.88;fuzzy_match;Высокая похожесть по токенам/строке.;"Зашагивания на тумбу, техника выполнения упражнения";2;2;2;ноги ягодицы;зашагивание;Ягодицы / квадрицепс;true;"Раводка под 15*, техника выполнения упражнения";0.24;Упражнение 5: Зашагивания на тумбу 15 раз | Упражнение 3: Зашагивания на тумбу 15 раз
Латеральные или боковые зашагивания 15 раз;латеральные или боковые зашагивания 15 раз;"Латеральные или боковые зашагивания, техника выполнения упражнения";table_036;0.88;fuzzy_match;Высокая похожесть по токенам/строке.;"Латеральные или боковые зашагивания, техника выполнения упражнения";2;2;2;ноги бицепс бедра;зашагивание;Средняя ягодичная / квадрицепс;true;"Латеральная или боковая вытяжка в кросовере, техника выполнения упражнения. (ЛФК для спины)";0.468;Упражнение 4: Латеральные или боковые зашагивания 15 раз | Упражнение 4: Латеральные или боковые зашагивания 15 раз
Скручивание на полу;скручивание на полу;"Скручивания на полу на пресс, техника выполнения упражнения";table_101;0.843;fuzzy_match;Высокая похожесть по токенам/строке.;"Скручивания на полу на пресс, техника выполнения упражнения";2;2;2;пресс;скручивание;Прямая мышца живота;true;"Скручивания на скамье для пресса, техника выполнения упражнения";0.435;Упражнение 7: Скручивание на полу 4 подходов x 20 раз | Упражнение 7: Скручивание на полу 4 подходов x 20 раз
Зашагивания на тумбу 12 раз;зашагивания на тумбу 12 раз;"Зашагивания на тумбу, техника выполнения упражнения";table_012;0.88;fuzzy_match;Высокая похожесть по токенам/строке.;"Зашагивания на тумбу, техника выполнения упражнения";1;1;1;ноги ягодицы;зашагивание;Ягодицы / квадрицепс;true;"Латеральные или боковые зашагивания, техника выполнения упражнения";0.208;Упражнение 3: Зашагивания на тумбу 12 раз
Зашагивания на тумбу 8 раз;зашагивания на тумбу 8 раз;"Зашагивания на тумбу, техника выполнения упражнения";table_012;0.88;fuzzy_match;Высокая похожесть по токенам/строке.;"Зашагивания на тумбу, техника выполнения упражнения";1;1;1;ноги ягодицы;зашагивание;Ягодицы / квадрицепс;true;"Латеральные или боковые зашагивания, техника выполнения упражнения";0.259;Упражнение 5: Зашагивания на тумбу 8 раз
Латеральные или боковые зашагивания 12 раз;латеральные или боковые зашагивания 12 раз;"Латеральные или боковые зашагивания, техника выполнения упражнения";table_036;0.88;fuzzy_match;Высокая похожесть по токенам/строке.;"Латеральные или боковые зашагивания, техника выполнения упражнения";1;1;1;ноги бицепс бедра;зашагивание;Средняя ягодичная / квадрицепс;true;"Латеральная или боковая вытяжка в кросовере, техника выполнения упражнения. (ЛФК для спины)";0.468;Упражнение 4: Латеральные или боковые зашагивания 12 раз
Латеральные или боковые зашагивания 8 раз;латеральные или боковые зашагивания 8 раз;"Латеральные или боковые зашагивания, техника выполнения упражнения";table_036;0.88;fuzzy_match;Высокая похожесть по токенам/строке.;"Латеральные или боковые зашагивания, техника выполнения упражнения";1;1;1;ноги бицепс бедра;зашагивание;Средняя ягодичная / квадрицепс;true;"Латеральная или боковая вытяжка в кросовере, техника выполнения упражнения. (ЛФК для спины)";0.535;Упражнение 6: Латеральные или боковые зашагивания 8 раз
Мертвая тяга 12 раз;мертвая тяга 12 раз;"Мёртвая тяга, техника выполнения упражнения";table_122;0.88;fuzzy_match;Высокая похожесть по токенам/строке.;"Мёртвая тяга, техника выполнения упражнения";1;1;1;ноги бицепс бедра;разгибание таза;Бицепс бедра / ягодицы;true;"Вертикальная тяга одной рукой, техника выполнения упражнения";0.269;Упражнение 6: Мертвая тяга 12 раз
Сгибание ног лежа 15 раз;сгибание ног лежа 15 раз;"Сгибание ног лёжа, техника выполнения упражнения";table_037;0.88;fuzzy_match;Высокая похожесть по токенам/строке.;"Сгибание ног лёжа, техника выполнения упражнения";1;1;1;ноги бицепс бедра;сгибание ног;Бицепс бедра;true;"Сгибание ног сидя, техника выполнения упражнения";0.416;Упражнение 5: Сгибание ног лежа 15 раз
Мертвая тяга;мертвая тяга;"Мёртвая тяга, техника выполнения упражнения";table_122;1;exact_match;Нормализованные названия совпадают полностью.;;513;108;513;ноги бицепс бедра;разгибание таза;Бицепс бедра / ягодицы;true;"Становая тяга, техника выполнения упражнения";0.486;Упражнение 4: Мертвая тяга 4 подходов x 10 раз | Упражнение 4: Мертвая тяга 4 подходов x 8 раз | Упражнение 4: Мертвая тяга 4 подходов x 12 раз
Сгибание ног сидя;сгибание ног сидя;"Сгибание ног сидя, техника выполнения упражнения";table_016;1;exact_match;Нормализованные названия совпадают полностью.;;430;121;430;ноги бицепс бедра;сгибание ног;Бицепс бедра;true;"Сгибание ног лёжа, техника выполнения упражнения";0.649;Упражнение 3: Сгибание ног сидя 4 подходов x 10 раз | Упражнение 4: Сгибание ног сидя 4 подходов x 10 раз | Упражнение 3: Сгибание ног сидя 4 подходов x 10 раз
Ягодичный мост в тренажере;ягодичный мост в тренажере;"Ягодичный мост в тренажере, техника выполнения упражнения";table_118;1;exact_match;Нормализованные названия совпадают полностью.;;379;99;379;ягодицы;разгибание таза;Большая ягодичная;true;"Ягодичный мост в смитте, техника выполнения упражнения";0.633;Упражнение 4: Ягодичный мост в тренажере 4 подходов x 12 раз | Упражнение 4: Ягодичный мост в тренажере 4 подходов x 10 раз | Упражнение 4: Ягодичный мост в тренажере 4 подходов x 12 раз
Римские подтягивания;римские подтягивания;"Римские подтягивания, техника выполнения упражнения";table_073;1;exact_match;Нормализованные названия совпадают полностью.;;315;108;315;спина;вертикальная тяга;Широчайшие;true;"Подтягивания широким хватом, техника выполнения упражнения";0.38;Упражнение 2: Римские подтягивания 4 подходов x 8 раз | Упражнение 2: Римские подтягивания 4 подходов x 12 раз | Упражнение 2: Римские подтягивания 4 подходов x 8 раз
Сведение и разведение ног;сведение и разведение ног;"Сведение и разведение ног, техника выполнения упражнения";table_044;1;exact_match;Нормализованные названия совпадают полностью.;;270;40;270;ноги;приведение отведение бедра;Приводящие / отводящие бедра;true;"Разгибание ног, техника выполнения упражнения";0.328;Упражнение 6: Сведение и разведение ног 4 подходов x 15 раз | Упражнение 9: Сведение и разведение ног | Упражнение 9: Сведение и разведение ног
Пресс на босу;пресс на босу;"Пресс на босу, техника выполнения упражнения";table_097;1;exact_match;Нормализованные названия совпадают полностью.;;240;74;240;пресс;скручивание;Прямая мышца живота;true;"Планка на босу, техника выполнения упражнения";0.492;Упражнение 8: Пресс на босу 4 подходов x 15 раз | Упражнение 8: Пресс на босу 4 подходов x 15 раз | Упражнение 8: Пресс на босу 4 подходов x 15 раз
Румынская тяга;румынская тяга;"Румынская тяга, техника выполнения упражнения";table_121;1;exact_match;Нормализованные названия совпадают полностью.;;238;73;238;спина;разгибание таза;Бицепс бедра / ягодицы;true;"Мёртвая тяга, техника выполнения упражнения";0.477;Упражнение 1: Румынская тяга 4 подходов x 12 раз | Упражнение 1: Румынская тяга 4 подходов x 6 раз | Упражнение 1: Румынская тяга 4 подходов x 12 раз
Разгибание ног;разгибание ног;"Разгибание ног, техника выполнения упражнения";table_123;1;exact_match;Нормализованные названия совпадают полностью.;;224;88;224;ноги;разгибание ног;Квадрицепс;true;"Сгибание ног лёжа, техника выполнения упражнения";0.448;Упражнение 3: Разгибание ног 4 подходов x 10 раз | Упражнение 2: Разгибание ног 4 подходов x 10 раз | Упражнение 3: Разгибание ног 4 подходов x 10 раз
Вытяжка в гиперэкстензии;вытяжка в гиперэкстензии;"Вытяжка в гиперэкстензии, техника выполнения упражнения. (ЛФК для спины)";table_009;1;exact_match;Нормализованные названия совпадают полностью.;;183;30;183;спина лфк спины;лфк вытяжка;Разгибатели позвоночника;true;"Гиперэкстензия, техника выполнения упражнения";0.509;Упражнение 1: Вытяжка в гиперэкстензии 4 подходов x 10 раз | Упражнение 1: Вытяжка в гиперэкстензии 4 подходов x 10 раз | Упражнение 1: Вытяжка в гиперэкстензии 4 подходов x 10 раз
Рычажная тяга;рычажная тяга;"Рычажная тяга, техника выполнения упражнения";table_072;1;exact_match;Нормализованные названия совпадают полностью.;;182;90;182;спина;горизонтальная тяга;Верх спины;true;"Вертикальная тяга, техника выполнения упражнения";0.48;Упражнение 2: Рычажная тяга 4 подходов x 12 раз | Упражнение 2: Рычажная тяга 4 подходов x 12 раз | Упражнение 3: Рычажная тяга 4 подходов x 12 раз
Тяга к поясу в кроссовере;тяга к поясу в кроссовере;"Тяга к поясу в кроссовере, техника выполнения упражнения";table_075;1;exact_match;Нормализованные названия совпадают полностью.;;166;74;166;спина;горизонтальная тяга;Верх спины;true;"Тяга к подбородку в кроссовере, техника выполнения упражнения";0.65;Упражнение 3: Тяга к поясу в кроссовере 4 подходов x 12 раз | Упражнение 1: Тяга к поясу в кроссовере 4 подходов x 10 раз | Упражнение 3: Тяга к поясу в кроссовере 4 подходов x 12 раз
Трицепс в кроссовере обратным хватом;трицепс в кроссовере обратным хватом;"Трицепс в кроссовере обратным хватом, техника выполнения упражнения";table_135;1;exact_match;Нормализованные названия совпадают полностью.;;165;80;165;трицепс;разгибание локтя;Трицепс;true;"Подтягивания в гравитроне обратным хватом, техника выполнения упражнения";0.474;Упражнение 5: Трицепс в кроссовере обратным хватом 4 подходов x 12 раз | Упражнение 5: Трицепс в кроссовере обратным хватом 4 подходов x 8 раз | Упражнение 5: Трицепс в кроссовере обратным хватом 4 подходов x 12 раз
Выпады в кроссовере;выпады в кроссовере;"Выпады в кроссовере, техника выполнения упражнения";table_013;1;exact_match;Нормализованные названия совпадают полностью.;;154;63;154;ноги ягодицы;выпад;Ягодицы / квадрицепс;true;"Пуловер в кроссовере, техника выполнения упражнения";0.494;Упражнение 3: Выпады в кроссовере 4 подходов x 12 раз | Упражнение 3: Выпады в кроссовере 4 подходов x 12 раз | Упражнение 2: Выпады в кроссовере 4 подходов x 10 раз
Тяга к подбородку в кроссовере;тяга к подбородку в кроссовере;"Тяга к подбородку в кроссовере, техника выполнения упражнения";table_051;1;exact_match;Нормализованные названия совпадают полностью.;;153;53;153;плечи передняя дельта средняя дельта;тяга к подбородку;Средняя дельта / трапеция;true;"Тяга к поясу в кроссовере, техника выполнения упражнения";0.65;Упражнение 7: Тяга к подбородку в кроссовере 4 подходов x 12 раз | Упражнение 7: Тяга к подбородку в кроссовере 4 подходов x 12 раз | Упражнение 5: Тяга к подбородку в кроссовере 4 подходов x 10 раз
Классические отжимания;классические отжимания;"Классические отжимания, техника выполнения упражнения";table_103;1;exact_match;Нормализованные названия совпадают полностью.;;150;66;150;грудь;горизонтальный жим;Грудные / трицепс;true;"Обратные отжимания, техника выполнения упражнения";0.461;Упражнение 1: Классические отжимания 4 подходов x 10 раз | Упражнение 1: Классические отжимания 4 подходов x 10 раз | Упражнение 1: Классические отжимания 4 подходов x 10 раз
Сгибание лежа по 1 ноге;сгибание лежа по 1 ноге;"Сгибание лежа по 1 ноге, техника выполнения упражнения";table_034;1;exact_match;Нормализованные названия совпадают полностью.;;143;69;143;ноги бицепс бедра;сгибание ног;Бицепс бедра;true;"Сгибание ног лёжа, техника выполнения упражнения";0.586;Упражнение 3: Сгибание лежа по 1 ноге 4 подходов x 10 раз | Упражнение 3: Сгибание лежа по 1 ноге 4 подходов x 10 раз | Упражнение 4: Сгибание лежа по 1 ноге 4 подходов x 10 раз
Бицепс с канатной рукояткой в кроссовере;бицепс с канатной рукояткой в кроссовере;"Бицепс с канатной рукояткой в кроссовере, техника выполнения упражнения";table_175;1;exact_match;Нормализованные названия совпадают полностью.;;135;61;135;бицепс;сгибание локтя;Бицепс / брахиалис;true;"Молотковые сгибание на бицепс с канатной рукояткой в кроссовере, техника выполнения упражнения";0.92;Упражнение 6: Бицепс с канатной рукояткой в кроссовере 4 подходов x 12 раз | Упражнение 6: Бицепс с канатной рукояткой в кроссовере 4 подходов x 12 раз | Упражнение 6: Бицепс с канатной рукояткой в кроссовере 4 подходов x 8 раз
Обратные отжимания;обратные отжимания;"Обратные отжимания, техника выполнения упражнения";table_160;1;exact_match;Нормализованные названия совпадают полностью.;;135;74;135;трицепс;разгибание локтя;Трицепс;true;"Классические отжимания, техника выполнения упражнения";0.461;Упражнение 5: Обратные отжимания 4 подходов x 10 раз | Упражнение 5: Обратные отжимания 4 подходов x 10 раз | Упражнение 5: Обратные отжимания 4 подходов x 15 раз
Обратный гак присед;обратный гак присед;"Обратный Гак присед, техника выполнения упражнения";table_041;1;exact_match;Нормализованные названия совпадают полностью.;;134;52;134;ноги;приседание;Ягодицы / квадрицепс;true;"Гак присед, техника выполнения упражнения";0.88;Упражнение 1: Обратный гак присед 4 подходов x 12 раз | Упражнение 1: Обратный гак присед 4 подходов x 12 раз | Упражнение 2: Обратный гак присед 4 подходов
Сгибание Зотмана;сгибание зотмана;"Сгибание Зотмана, техника выполнения упражнения";table_168;1;exact_match;Нормализованные названия совпадают полностью.;;129;58;129;бицепс;сгибание локтя;Бицепс / брахиалис;true;"Сгибание ног лёжа, техника выполнения упражнения";0.474;Упражнение 5: Сгибание Зотмана 4 подходов x 10 раз | Упражнение 6: Сгибание Зотмана 4 подходов x 10 раз | Упражнение 5: Сгибание Зотмана 4 подходов x 10 раз
Т-тяга со штангой;т тяга со штангой;"Т-тяга со штангой, техника выполнения упражнения";table_064;1;exact_match;Нормализованные названия совпадают полностью.;;124;61;124;спина;горизонтальная тяга;Верх спины;true;"Тяга штанги к поясу, техника выполнения упражнения";0.771;Упражнение 3: Т-тяга со штангой 4 подходов x 12 раз | Упражнение 3: Т-тяга со штангой 4 подходов x 12 раз | Упражнение 3: Т-тяга со штангой 4 подходов x 8 раз
Жим штанги под углом;жим штанги под углом;"Жим штанги под углом, техника выполнения упражнения";table_046;1;exact_match;Нормализованные названия совпадают полностью.;;123;47;123;грудь;горизонтальный жим;Верх груди;true;"Жим штанги лёжа, техника выполнения упражнения";0.602;Упражнение 1: Жим штанги под углом 4 подходов x 6 раз | Упражнение 1: Жим штанги под углом 4 подходов x 6 раз | Упражнение 1: Жим штанги под углом 4 подходов x 8 раз
Скручивания на скамье для пресса;скручивания на скамье для пресса;"Скручивания на скамье для пресса, техника выполнения упражнения";table_086;1;exact_match;Нормализованные названия совпадают полностью.;;120;61;120;пресс;скручивание;Прямая мышца живота;true;"Скручивания на полу на пресс, техника выполнения упражнения";0.632;Упражнение 7: Скручивания на скамье для пресса 4 подходов x 15 раз | Упражнение 7: Скручивания на скамье для пресса 4 подходов x 15 раз | Упражнение 5: Скручивания на скамье для пресса 4 подходов x 15 раз
Тяга штанги к поясу;тяга штанги к поясу;"Тяга штанги к поясу, техника выполнения упражнения";table_053;1;exact_match;Нормализованные названия совпадают полностью.;;114;51;114;спина;горизонтальная тяга;Верх спины;true;"Тяга гантели к поясу, техника выполнения упражнения";0.646;Упражнение 1: Тяга штанги к поясу 4 подходов x 12 раз | Упражнение 1: Тяга штанги к поясу 4 подходов x 12 раз | Упражнение 1: Тяга штанги к поясу 4 подходов x 12 раз
Жим ногами с широкой постановкой ног;жим ногами с широкой постановкой ног;"Жим ногами с широкой постановкой ног, техника выполнения упражнения";table_035;1;exact_match;Нормализованные названия совпадают полностью.;;110;59;110;ноги;жим ногами;Приводящие / ягодицы;true;"Жим ногами, техника выполнения упражнения";0.88;Упражнение 5: Жим ногами с широкой постановкой ног 4 подходов x 8 раз | Упражнение 5: Жим ногами с широкой постановкой ног 4 подходов x 8 раз | Упражнение 5: Жим ногами с широкой постановкой ног 4 подходов x 8 раз
Становая тяга;становая тяга;"Становая тяга, техника выполнения упражнения";table_148;1;exact_match;Нормализованные названия совпадают полностью.;;107;34;107;спина;разгибание таза;Ягодицы / спина;true;Становая тяга сумо;0.92;Упражнение 1: Становая тяга 4 подходов x 8 раз | Упражнение 1: Становая тяга 4 подходов x 8 раз | Упражнение 1: Становая тяга 4 подходов x 8 раз
Подъем на бицепс на наклонной скамье под 45*;подъем на бицепс на наклонной скамье под 45;"Подъем на бицепс на наклонной скамье под 45*, техника выполнения упражнения";table_182;1;exact_match;Нормализованные названия совпадают полностью.;;106;54;106;бицепс;сгибание локтя;Бицепс;true;"Подъем на бицепс с упором в скамью, техника выполнения упражнения";0.573;Упражнение 7: Подъем на бицепс на наклонной скамье под 45* 4 подходов x 15 раз | Упражнение 7: Подъем на бицепс на наклонной скамье под 45* 4 подходов x 10 раз | Упражнение 7: Подъем на бицепс на наклонной скамье под 45* 4 подходов x 10 раз
Ягодичный мост в смитте;ягодичный мост в смитте;"Ягодичный мост в смитте, техника выполнения упражнения";table_005;1;exact_match;Нормализованные названия совпадают полностью.;;104;48;104;ягодицы;разгибание таза;Большая ягодичная;true;"Ягодичный мост в тренажере, техника выполнения упражнения";0.633;Упражнение 3: Ягодичный мост в смитте 4 подходов x 12 раз | Упражнение 3: Ягодичный мост в смитте 4 подходов x 12 раз | Упражнение 5: Ягодичный мост в смитте 4 подходов x 10 раз
Дуговая разводка;дуговая разводка;"Дуговая разводка, техника выполнения упражнения";table_021;1;exact_match;Нормализованные названия совпадают полностью.;;103;56;103;грудь;разведение рук;Большие грудные;true;"Дуговые махи гантелями, техника выполнения упражнения";0.412;Упражнение 3: Дуговая разводка 4 подходов x 10 раз | Упражнение 3: Дуговая разводка 4 подходов x 10 раз | Упражнение 3: Дуговая разводка 4 подходов x 10 раз
"Молотки, подъем на бицепс.";молотки подъем на бицепс;"Молотки, подъем на бицепс, техника выполнения упражнения";table_183;1;exact_match;Нормализованные названия совпадают полностью.;;99;49;99;бицепс;сгибание локтя;Бицепс / брахиалис;true;"Изодинамиеский подъем на бицепс, техника выполнения упражнения";0.623;"Упражнение 5: Молотки, подъем на бицепс. 4 подходов x 8 раз | Упражнение 5: Молотки, подъем на бицепс. 4 подходов x 8 раз | Упражнение 6: Молотки, подъем на бицепс. 4 подходов x 10 раз"
Латеральные или боковые зашагивания;латеральные или боковые зашагивания;"Латеральные или боковые зашагивания, техника выполнения упражнения";table_036;1;exact_match;Нормализованные названия совпадают полностью.;;98;46;98;ноги бицепс бедра;зашагивание;Средняя ягодичная / квадрицепс;true;"Латеральная планка, или боковая планка, техника выполнения упражнения";0.651;Упражнение 3: Латеральные или боковые зашагивания 5 подходов x 15 раз | Упражнение 3: Латеральные или боковые зашагивания 4 подходов x 12 раз | Упражнение 3: Латеральные или боковые зашагивания 4 подходов x 12 раз
Тяга гантели к поясу;тяга гантели к поясу;"Тяга гантели к поясу, техника выполнения упражнения";table_076;1;exact_match;Нормализованные названия совпадают полностью.;;97;57;97;спина;горизонтальная тяга;Верх спины;true;"Тяга штанги к поясу, техника выполнения упражнения";0.646;Упражнение 3: Тяга гантели к поясу 4 подходов x 10 раз | Упражнение 2: Тяга гантели к поясу 4 подходов x 8 раз | Упражнение 3: Тяга гантели к поясу 4 подходов x 10 раз
Болгарский присед;болгарский присед;"Болгарский присед, техника выполнения упражнения";table_119;1;exact_match;Нормализованные названия совпадают полностью.;;94;40;94;ноги ягодицы;выпад;Ягодицы / квадрицепс;true;"Гак присед, техника выполнения упражнения";0.48;Упражнение 5: Болгарский присед 4 подходов x 12 раз | Упражнение 5: Болгарский присед 4 подходов x 12 раз | Упражнение 2: Болгарский присед 4 подходов x 15 раз
Планка на фитболе под руками;планка на фитболе под руками;"Планка на фитболе под руками, техника выполнения упражнения";table_090;1;exact_match;Нормализованные названия совпадают полностью.;;94;50;94;пресс;стабилизация;Кор;true;"Планка на фитболе под ногами, техника выполнения упражнения";0.677;Упражнение 5: Планка на фитболе под руками 4 подходов x 30 сек | Упражнение 5: Планка на фитболе под руками 4 подходов x 30 сек | Упражнение 6: Планка на фитболе под руками 4 подходов x 1 мин
Махи на ягодицы в кроссовере.;махи на ягодицы в кроссовере;"Махи на ягодицы в кроссовере, техника выполнения упражнения";table_117;1;exact_match;Нормализованные названия совпадают полностью.;;93;43;93;ягодицы;разгибание бедра;Большая ягодичная;true;"Ягодицы с канатом в кроссовере, техника выполнения упражнения";0.591;Упражнение 6: Махи на ягодицы в кроссовере. 4 подходов x 10 раз | Упражнение 6: Махи на ягодицы в кроссовере. 4 подходов x 20 раз | Упражнение 6: Махи на ягодицы в кроссовере. 4 подходов x 10 раз
Вертикальная тяга обратным хватом;вертикальная тяга обратным хватом;"Вертикальная тяга обратным хватом, техника выполнения упражнения";table_006;1;exact_match;Нормализованные названия совпадают полностью.;;90;50;90;спина;вертикальная тяга;Широчайшие / бицепс;true;"Вертикальная тяга, техника выполнения упражнения";0.88;Упражнение 2: Вертикальная тяга обратным хватом 4 подходов x 8 раз | Упражнение 2: Вертикальная тяга обратным хватом 4 подходов x 8 раз | Упражнение 2: Вертикальная тяга обратным хватом 4 подходов x 8 раз
Горизонтальная вытяжка в кроссовере;горизонтальная вытяжка в кроссовере;"Горизонтальная вытяжка в кроссовере, техника выполнения упражнения. (ЛФК для спины)";table_008;1;exact_match;Нормализованные названия совпадают полностью.;;89;30;89;спина лфк спины;лфк вытяжка;Разгибатели позвоночника;true;Сведение рук в кроссовере на горизонтальной скамье;0.473;Упражнение 2: Горизонтальная вытяжка в кроссовере 4 подходов x 10 раз | Упражнение 1: Горизонтальная вытяжка в кроссовере 4 подходов x 10 раз | Упражнение 1: Горизонтальная вытяжка в кроссовере 4 подходов x 10 раз
Пуловер в кроссовере;пуловер в кроссовере;"Пуловер в кроссовере, техника выполнения упражнения";table_077;1;exact_match;Нормализованные названия совпадают полностью.;;89;48;89;спина;пуловер;Широчайшие;true;"Выпады в кроссовере, техника выполнения упражнения";0.494;Упражнение 3: Пуловер в кроссовере 4 подходов x 10 раз | Упражнение 3: Пуловер в кроссовере 4 подходов x 10 раз | Упражнение 3: Пуловер в кроссовере 4 подходов x 10 раз
Пуловер со штангой;пуловер со штангой;"Пуловер со штангой, техника выполнения упражнения";table_067;1;exact_match;Нормализованные названия совпадают полностью.;;87;44;87;спина;пуловер;Широчайшие;true;"Отходы со штангой, техника выполнения упражнения";0.498;Упражнение 2: Пуловер со штангой 4 подходов x 12 раз | Упражнение 2: Пуловер со штангой 4 подходов x 12 раз | Упражнение 3: Пуловер со штангой 4 подходов x 10 раз
Классический подъем на бицепс в кроссовере;классический подъем на бицепс в кроссовере;"Классический подъем на бицепс в кроссовере, техника выполнения упражнения";table_173;1;exact_match;Нормализованные названия совпадают полностью.;;86;46;86;бицепс;сгибание локтя;Бицепс;true;"Подъем на бицепс спиной к кроссоверу, техника выполнения упражнения";0.655;Упражнение 7: Классический подъем на бицепс в кроссовере 4 подходов x 12 раз | Упражнение 7: Классический подъем на бицепс в кроссовере 4 подходов x 12 раз | Упражнение 6: Классический подъем на бицепс в кроссовере 4 подходов x 15 раз
Планка на босу под ногами;планка на босу под ногами;"Планка на босу под ногами, техника выполнения упражнения";table_094;1;exact_match;Нормализованные названия совпадают полностью.;;86;41;86;пресс;стабилизация;Кор;true;"Планка на босу, техника выполнения упражнения";0.88;Упражнение 6: Планка на босу под ногами 4 подходов x 30 сек | Упражнение 6: Планка на босу под ногами 4 подходов x 30 сек | Упражнение 7: Планка на босу под ногами 4 подходов x 1 мин
"Тяга ""Арбалет"" на заднюю дельту";тяга арбалет на заднюю дельту;"Тяга ""Арбалет"" на заднюю дельту, техника выполнения упражнения";table_091;1;exact_match;Нормализованные названия совпадают полностью.;;84;40;84;плечи задняя деьта;разведение плеча;Задняя дельта;true;"Махи дерижер на заднюю дельту, техника выполнения упражнения";0.495;"Упражнение 4: Тяга ""Арбалет"" на заднюю дельту 4 подходов x 12 раз | Упражнение 4: Тяга ""Арбалет"" на заднюю дельту 4 подходов x 15 раз | Упражнение 4: Тяга ""Арбалет"" на заднюю дельту 4 подходов x 12 раз"
Косые скручивания с мячом;косые скручивания с мячом;"Косые скручивания с мячом, техника выполнения упражнения";table_095;1;exact_match;Нормализованные названия совпадают полностью.;;83;41;83;пресс;скручивание;Косые мышцы живота;true;"Прямые скручивания с мячом, техника выполнения упражнения";0.667;Упражнение 5: Косые скручивания с мячом 4 подходов x 20 раз | Упражнение 5: Косые скручивания с мячом 4 подходов x 20 раз | Упражнение 5: Косые скручивания с мячом 4 подходов x 20 раз
Сведение рук в кроссовере;сведение рук в кроссовере;"Сведение рук в кроссовере, техника выполнения упражнения";table_007;1;exact_match;Нормализованные названия совпадают полностью.;;80;48;80;грудь;сведение рук;Большие грудные;true;"Сведение рук в кроссовере на 30-градусной скамье, техника выполнения упражнения";0.92;Упражнение 3: Сведение рук в кроссовере 4 подходов x 10 раз | Упражнение 3: Сведение рук в кроссовере 4 подходов x 15 раз | Упражнение 3: Сведение рук в кроссовере 4 подходов x 10 раз
Планка с перестановкой ног;планка с перестановкой ног;"Планка с перестановкой ног, техника выполнения упражнения";table_108;1;exact_match;Нормализованные названия совпадают полностью.;;79;43;79;пресс;стабилизация;Кор;true;"Планка с перестановкой ног и рук, техника выполнения упражнения";0.92;Упражнение 7: Планка с перестановкой ног 4 подходов x 30 сек | Упражнение 7: Планка с перестановкой ног 4 подходов x 30 сек | Упражнение 4: Планка с перестановкой ног 4 подходов x 45 сек
Выпады с гантелями;выпады с гантелями;"Выпады с гантелями, техника выполнения упражнения";table_003;1;exact_match;Нормализованные названия совпадают полностью.;;77;45;77;ноги;выпад;Квадрицепс / ягодицы;true;"Выпады в смитте, техника выполнения упражнения";0.461;Упражнение 2: Выпады с гантелями 4 подходов x 8 раз | Упражнение 2: Выпады с гантелями 4 подходов x 8 раз | Упражнение 2: Выпады с гантелями 4 подходов x 8 раз
Вертикальная тяга узким хватом;вертикальная тяга узким хватом;"Вертикальная тяга узким хватом, техника выполнения упражнения";table_004;1;exact_match;Нормализованные названия совпадают полностью.;;76;52;76;спина;вертикальная тяга;Широчайшие;true;"Вертикальная тяга, техника выполнения упражнения";0.88;Упражнение 2: Вертикальная тяга узким хватом 4 подходов x 12 раз | Упражнение 2: Вертикальная тяга узким хватом 4 подходов x 12 раз | Упражнение 2: Вертикальная тяга узким хватом 4 подходов x 10 раз
Жим штанги лежа;жим штанги лежа;"Жим штанги лёжа, техника выполнения упражнения";table_149;1;exact_match;Нормализованные названия совпадают полностью.;;76;27;76;грудь;горизонтальный жим;Средняя грудь;true;"Жим гантелей лёжа, техника выполнения упражнения";0.61;Упражнение 1: Жим штанги лежа 4 подходов x 12 раз | Упражнение 1: Жим штанги лежа 4 подходов x 12 раз | Упражнение 1: Жим штанги лежа 4 подходов x 8 раз
Отжимания на брусьях в гравитроне;отжимания на брусьях в гравитроне;"Отжимания на брусьях в гравитроне, техника выполнения упражнения";table_138;1;exact_match;Нормализованные названия совпадают полностью.;;74;39;74;трицепс;вертикальный жим;Нижняя грудь / трицепс;true;"Отжимания на брусьях, техника выполнения упражнения";0.88;Упражнение 4: Отжимания на брусьях в гравитроне 4 подходов x 12 раз | Упражнение 4: Отжимания на брусьях в гравитроне 4 подходов x 12 раз | Упражнение 7: Отжимания на брусьях в гравитроне 4 подходов x 10 раз
Французский жим с гантелями;французский жим с гантелями;"Французский жим с гантелями, техника выполнения упражнения";table_159;1;exact_match;Нормализованные названия совпадают полностью.;;73;42;73;трицепс;разгибание локтя;Трицепс;true;"Французский жим гантели стоя, техника выполнения упражнения";0.879;Упражнение 5: Французский жим с гантелями 4 подходов x 10 раз | Упражнение 5: Французский жим с гантелями 4 подходов x 10 раз | Упражнение 5: Французский жим с гантелями 4 подходов x 10 раз
Жим гантелей лежа;жим гантелей лежа;"Жим гантелей лёжа, техника выполнения упражнения";table_047;1;exact_match;Нормализованные названия совпадают полностью.;;71;38;71;грудь;горизонтальный жим;Средняя грудь;true;"Жим гантелей сидя, техника выполнения упражнения";0.649;Упражнение 2: Жим гантелей лежа 4 подходов x 8 раз | Упражнение 1: Жим гантелей лежа 4 подходов x 12 раз | Упражнение 2: Жим гантелей лежа 4 подходов x 8 раз
Гиперэкстензия;гиперэкстензия;"Гиперэкстензия, техника выполнения упражнения";table_120;1;exact_match;Нормализованные названия совпадают полностью.;;70;33;70;спина;разгибание таза;Разгибатели позвоночника;true;"Вытяжка в гиперэкстензии, техника выполнения упражнения. (ЛФК для спины)";0.782;Упражнение 1: Гиперэкстензия 4 подходов x 12 раз | Упражнение 1: Гиперэкстензия 4 подходов x 8 раз | Упражнение 1: Гиперэкстензия 4 подходов x 12 раз
Гильотина;гильотина;"Гильотина, техника выполнения упражнения";table_113;1;exact_match;Нормализованные названия совпадают полностью.;;69;41;69;грудь;горизонтальный жим;Верх груди;true;"Сгибание Зотмана, техника выполнения упражнения";0.083;Упражнение 3: Гильотина 4 подходов x 10 раз | Упражнение 3: Гильотина 4 подходов x 10 раз | Упражнение 2: Гильотина 4 подходов x 10 раз
Жим платформы на ягодицы;жим платформы на ягодицы;"Жим платформы на ягодицы, техника выполнения упражнения";table_020;1;exact_match;Нормализованные названия совпадают полностью.;;68;40;68;ягодицы;жим ногами;Большая ягодичная;true;"Жим платформы по 1 ноге, техника выполнения упражнения";0.618;Упражнение 5: Жим платформы на ягодицы 4 подходов x 8 раз | Упражнение 5: Жим платформы на ягодицы 4 подходов x 8 раз | Упражнение 3: Жим платформы на ягодицы 4 подходов x 10 раз
Подъем на бицепс широким хватом;подъем на бицепс широким хватом;"Подъем на бицепс широким хватом, техника выполнения упражнения";table_187;1;exact_match;Нормализованные названия совпадают полностью.;;67;41;67;бицепс;сгибание локтя;Внутренняя головка бицепса;true;"Подъем на бицепс обратным хватом, техника выполнения упражнения";0.729;Упражнение 6: Подъем на бицепс широким хватом 4 подходов x 10 раз | Упражнение 6: Подъем на бицепс широким хватом 4 подходов x 10 раз | Упражнение 6: Подъем на бицепс широким хватом 4 подходов x 10 раз
Тяга Ли Хэйни;тяга ли хэйни;"Тяга Ли Хэйни, техника выполнения упражнения";table_057;1;exact_match;Нормализованные названия совпадают полностью.;;67;35;67;плечи задняя дельта;разгибание плеча;Задняя дельта;true;"Тяга из ямы, техника выполнения упражнения";0.342;Упражнение 4: Тяга Ли Хэйни 4 подходов x 10 раз | Упражнение 4: Тяга Ли Хэйни 4 подходов x 10 раз | Упражнение 4: Тяга Ли Хэйни 4 подходов x 10 раз
Становая тяга сумо;становая тяга сумо;Становая тяга сумо;table_052;1;exact_match;Нормализованные названия совпадают полностью.;;65;18;65;спина;разгибание таза;Ягодицы / приводящие мышцы;true;"Становая тяга, техника выполнения упражнения";0.88;Упражнение 1: Становая тяга сумо 4 подходов x 6 раз | Упражнение 1: Становая тяга сумо 4 подходов x 6 раз | Упражнение 1: Становая тяга сумо 4 подходов x 6 раз
Подъем EZ-штанги на бицепс;подъем ez штанги на бицепс;"Подъем EZ-штанги (кривой штанги) на бицепс, техника выполнения упражнения";table_184;1;exact_match;Нормализованные названия совпадают полностью.;;64;35;64;бицепс;сгибание локтя;Бицепс;true;"Попеременный подъем на бицепс, техника выполнения упражнения";0.48;Упражнение 5: Подъем EZ-штанги на бицепс 4 подходов x 12 раз | Упражнение 5: Подъем EZ-штанги на бицепс 4 подходов x 12 раз | Упражнение 4: Подъем EZ-штанги на бицепс 4 подходов x 8 раз
Разгибание на трицепс в наклоне;разгибание на трицепс в наклоне;"Разгибание на трицепс в наклоне, техника выполнения упражнения";table_156;1;exact_match;Нормализованные названия совпадают полностью.;;61;38;61;трицепс;разгибание локтя;Трицепс;true;"Разгибание на трицепс в кроссовере, техника выполнения упражнения";0.649;Упражнение 6: Разгибание на трицепс в наклоне 4 подходов x 10 раз | Упражнение 6: Разгибание на трицепс в наклоне 4 подходов x 10 раз | Упражнение 6: Разгибание на трицепс в наклоне 4 подходов x 10 раз
Разгибание на трицепс по одной руке в кроссовере;разгибание на трицепс по одной руке в кроссовере;"Разгибание на трицепс по одной руке в кроссовере, техника выполнения упражнения";table_132;1;exact_match;Нормализованные названия совпадают полностью.;;61;38;61;трицепс;разгибание локтя;Трицепс;true;"Разгибание на трицепс в кроссовере, техника выполнения упражнения";0.624;Упражнение 4: Разгибание на трицепс по одной руке в кроссовере 4 подходов x 10 раз | Упражнение 4: Разгибание на трицепс по одной руке в кроссовере 4 подходов x 10 раз | Упражнение 4: Разгибание на трицепс по одной руке в кроссовере 4 подходов x 10 раз
Сгибание ног лежа;сгибание ног лежа;"Сгибание ног лёжа, техника выполнения упражнения";table_037;1;exact_match;Нормализованные названия совпадают полностью.;;61;29;61;ноги бицепс бедра;сгибание ног;Бицепс бедра;true;"Сгибание ног сидя, техника выполнения упражнения";0.649;Упражнение 3: Сгибание ног лежа 4 подходов x 15 раз | Упражнение 3: Сгибание ног лежа 4 подходов x 15 раз | Упражнение 3: Сгибание ног лежа 4 подходов x 15 раз
Подъемы ног на скамье для пресса;подъемы ног на скамье для пресса;"Подъемы ног на скамье для пресса, техника выполнения упражнения";table_087;1;exact_match;Нормализованные названия совпадают полностью.;;59;27;59;пресс;подъем ног;Нижний пресс;true;"Подъемы ног на пресс, техника выполнения упражнения";0.722;Упражнение 5: Подъемы ног на скамье для пресса 4 подходов x 15 раз | Упражнение 4: Подъемы ног на скамье для пресса 4 подходов x 15 раз | Упражнение 4: Подъемы ног на скамье для пресса 4 подходов x 15 раз
Бицепс с гантелью на скамье Скотта;бицепс с гантелью на скамье скотта;"Бицепс с гантелью на скамье скотта, техника выполнения упражнения";table_164;1;exact_match;Нормализованные названия совпадают полностью.;;56;29;56;бицепс;сгибание локтя;Бицепс;true;"Бицепс со штангой в скамье скотта, техника выполнения упражнения";0.705;Упражнение 5: Бицепс с гантелью на скамье Скотта 4 подходов x 8 раз | Упражнение 5: Бицепс с гантелью на скамье Скотта 4 подходов x 8 раз | Упражнение 5: Бицепс с гантелью на скамье Скотта 4 подходов x 10 раз
Динамическая планка на косые мышцы;динамическая планка на косые мышцы;"Динамическая планка на косые мышцы, техника выполнения упражнения";table_104;1;exact_match;Нормализованные названия совпадают полностью.;;56;28;56;пресс;стабилизация;Косые мышцы живота;true;"Классическая планка, техника выполнения упражнения";0.274;Упражнение 4: Динамическая планка на косые мышцы 4 подходов x 45 сек | Упражнение 4: Динамическая планка на косые мышцы 4 подходов x 45 сек | Упражнение 4: Динамическая планка на косые мышцы 4 подходов x 45 сек
Тяга из-за головы в кроссовере на трицепс.;тяга из за головы в кроссовере на трицепс;"Тяга из-за головы в кроссовере на трицепс, техника выполнения упражнения";table_134;1;exact_match;Нормализованные названия совпадают полностью.;;55;27;55;трицепс;разгибание локтя;Трицепс;true;"Тяга к подбородку в кроссовере, техника выполнения упражнения";0.474;Упражнение 5: Тяга из-за головы в кроссовере на трицепс. 4 подходов x 15 раз | Упражнение 5: Тяга из-за головы в кроссовере на трицепс. 4 подходов x 15 раз | Упражнение 6: Тяга из-за головы в кроссовере на трицепс. 4 подходов x 10 раз
Фронтальные махи со штангой стоя;фронтальные махи со штангой стоя;"Фронтальные махи со штангой стоя, техника выполнения упражнения";table_080;1;exact_match;Нормализованные названия совпадают полностью.;;55;29;55;плечи передняя дельта;сгибание плеча;Передняя дельта;true;"Фронтальные махи с гантелями, техника выполнения упражнения";0.511;Упражнение 5: Фронтальные махи со штангой стоя 4 подходов x 10 раз | Упражнение 5: Фронтальные махи со штангой стоя 4 подходов x 10 раз | Упражнение 5: Фронтальные махи со штангой стоя 4 подходов x 10 раз
G-жим;g жим;"G-жим, техника выполнения упражнения";table_157;1;exact_match;Нормализованные названия совпадают полностью.;;55;34;55;трицепс;разгибание локтя;Трицепс;true;"Армейский жим, техника выполнения упражнения";0.731;Упражнение 7: G-жим 4 подходов x 10 раз | Упражнение 7: G-жим 4 подходов x 10 раз | Упражнение 5: G-жим 4 подходов x 12 раз
Жим с пола узким хватом;жим с пола узким хватом;"Жим с пола узким хватом, техника выполнения упражнения";table_155;1;exact_match;Нормализованные названия совпадают полностью.;;54;33;54;трицепс;горизонтальный жим;Трицепс / грудь;true;"Жим штанги узким хватом, техника выполнения упражнения";0.713;Упражнение 4: Жим с пола узким хватом 4 подходов x 8 раз | Упражнение 4: Жим с пола узким хватом 4 подходов x 8 раз | Упражнение 4: Жим с пола узким хватом 4 подходов x 8 раз
Ягодицы в тренажере;ягодицы в тренажере;"Ягодицы в тренажере, техника выполнения упражнения";table_115;1;exact_match;Нормализованные названия совпадают полностью.;;53;32;53;ягодицы;разгибание бедра;Большая ягодичная;true;"Т-тяга в тренажёре, техника выполнения упражнения";0.49;Упражнение 3: Ягодицы в тренажере 4 подходов x 10 раз | Упражнение 3: Ягодицы в тренажере 4 подходов x 10 раз | Упражнение 3: Ягодицы в тренажере 4 подходов x 10 раз
Ягодичный мост со штангой;ягодичный мост со штангой;"Ягодичный мост со штангой, техника выполнения упражнения";table_045;1;exact_match;Нормализованные названия совпадают полностью.;;51;24;51;ягодицы;разгибание таза;Большая ягодичная;true;"Ягодичный мост в смитте, техника выполнения упражнения";0.622;Упражнение 3: Ягодичный мост со штангой 4 подходов x 20 раз | Упражнение 2: Ягодичный мост со штангой 4 подходов x 10 раз | Упражнение 3: Ягодичный мост со штангой 4 подходов x 8 раз
Жим гантелей сидя;жим гантелей сидя;"Жим гантелей сидя, техника выполнения упражнения";table_062;1;exact_match;Нормализованные названия совпадают полностью.;;50;27;50;плечи;вертикальный жим;Передняя / средняя дельта;true;"Жим гантелей лёжа, техника выполнения упражнения";0.649;Упражнение 6: Жим гантелей сидя 4 подходов x 10 раз | Упражнение 6: Жим гантелей сидя 4 подходов x 10 раз | Упражнение 6: Жим гантелей сидя 4 подходов x 10 раз
Подтягивания широким хватом;подтягивания широким хватом;"Подтягивания широким хватом, техника выполнения упражнения";table_070;1;exact_match;Нормализованные названия совпадают полностью.;;48;25;46;спина;вертикальная тяга;Широчайшие;true;"Подтягивания в гравитроне широким хватом, техника выполнения упражнения";0.87;Упражнение 3: Подтягивания широким хватом 4 подходов x 8 раз | Упражнение 3: Подтягивания широким хватом 4 подходов x 8 раз | Упражнение 3: Подтягивания широким хватом 4 подходов x 8 раз
Прямые скручивания с мячом;прямые скручивания с мячом;"Прямые скручивания с мячом, техника выполнения упражнения";table_096;1;exact_match;Нормализованные названия совпадают полностью.;;47;24;47;пресс;скручивание;Прямая мышца живота;true;"Косые скручивания с мячом, техника выполнения упражнения";0.667;Упражнение 5: Прямые скручивания с мячом 4 подходов x 15 раз | Упражнение 5: Прямые скручивания с мячом 4 подходов x 15 раз | Упражнение 4: Прямые скручивания с мячом 4 подходов x 10 раз
Гибридная тяга;гибридная тяга;"Гибридная тяга, техника выполнения упражнения";table_071;1;exact_match;Нормализованные названия совпадают полностью.;;45;27;45;спина;горизонтальная тяга;Верх спины;true;"Мёртвая тяга, техника выполнения упражнения";0.477;Упражнение 3: Гибридная тяга 4 подходов x 10 раз | Упражнение 3: Гибридная тяга 4 подходов x 10 раз | Упражнение 3: Гибридная тяга 4 подходов x 12 раз
Отжимания узким хватом;отжимания узким хватом;"Отжимания узким хватом, техника выполнения упражнения";table_153;1;exact_match;Нормализованные названия совпадают полностью.;;45;18;45;трицепс;горизонтальный жим;Трицепс / грудь;true;"Жим штанги узким хватом, техника выполнения упражнения";0.611;Упражнение 5: Отжимания узким хватом 4 подходов x 8 раз | Упражнение 5: Отжимания узким хватом 4 подходов x 8 раз | Упражнение 5: Отжимания узким хватом 4 подходов x 12 раз
Классическая планка;классическая планка;"Классическая планка, техника выполнения упражнения";table_102;1;exact_match;Нормализованные названия совпадают полностью.;;44;24;44;пресс;стабилизация;Кор;true;"Динамическая планка на косые мышцы, техника выполнения упражнения";0.41;Упражнение 6: Классическая планка 4 подходов x 30 сек | Упражнение 6: Классическая планка 4 подходов x 30 сек | Упражнение 6: Классическая планка 4 подходов x 45 сек
Концентрированный подъем на бицепс;концентрированный подъем на бицепс;"Концентрированный подъем на бицепс, техника выполнения упражнения";table_181;1;exact_match;Нормализованные названия совпадают полностью.;;43;22;43;бицепс;сгибание локтя;Бицепс;true;"Попеременный подъем на бицепс, техника выполнения упражнения";0.636;Упражнение 5: Концентрированный подъем на бицепс 4 подходов x 10 раз | Упражнение 5: Концентрированный подъем на бицепс 4 подходов x 10 раз | Упражнение 5: Концентрированный подъем на бицепс 4 подходов x 15 раз
Изодинамический жим гантелей на 30* скамье;изодинамический жим гантелей на 30 скамье;"Изодинамический жим гантелей на 30* скамье, техника выполнения упражнения";table_017;1;exact_match;Нормализованные названия совпадают полностью.;;42;27;42;грудь;горизонтальный жим;Верх груди;true;"Жим гантелей на 30* скамье, техника выполнения упражнения";0.88;Упражнение 1: Изодинамический жим гантелей на 30* скамье 4 подходов x 12 раз | Упражнение 1: Изодинамический жим гантелей на 30* скамье 4 подходов x 12 раз | Упражнение 2: Изодинамический жим гантелей на 30* скамье 4 подходов x 8 раз
Жим ногами с параллельной постановкой ног;жим ногами с параллельной постановкой ног;"Жим ногами с параллельной постановкой ног, техника выполнения упражнения";table_033;1;exact_match;Нормализованные названия совпадают полностью.;;37;23;37;ноги;жим ногами;Квадрицепс;true;"Жим ногами, техника выполнения упражнения";0.88;Упражнение 5: Жим ногами с параллельной постановкой ног 4 подходов x 12 раз | Упражнение 5: Жим ногами с параллельной постановкой ног 4 подходов x 12 раз | Упражнение 5: Жим ногами с параллельной постановкой ног 4 подходов x 12 раз
Французский жим гантели стоя;французский жим гантели стоя;"Французский жим гантели стоя, техника выполнения упражнения";table_141;1;exact_match;Нормализованные названия совпадают полностью.;;36;24;36;трицепс;разгибание локтя;Трицепс;true;"Французский жим с гантелями, техника выполнения упражнения";0.742;Упражнение 5: Французский жим гантели стоя 4 подходов x 12 раз | Упражнение 5: Французский жим гантели стоя 4 подходов x 12 раз | Упражнение 5: Французский жим гантели стоя 4 подходов x 12 раз
Калифорнийский жим в смитте;калифорнийский жим в смитте;"Калифорнийский жим, в смитте, техника выполнения упражнения";table_131;1;exact_match;Нормализованные названия совпадают полностью.;;33;22;33;трицепс;горизонтальный жим;Трицепс / грудь;true;"Жим в смитте, техника выполнения упражнения";0.88;Упражнение 4: Калифорнийский жим в смитте 4 подходов x 12 раз | Упражнение 4: Калифорнийский жим в смитте 4 подходов x 12 раз | Упражнение 5: Калифорнийский жим в смитте 4 подходов x 8 раз
Тяга гирь к поясу;тяга гирь к поясу;"Тяга гирь к поясу, техника выполнения упражнения";table_074;1;exact_match;Нормализованные названия совпадают полностью.;;33;23;33;спина;горизонтальная тяга;Верх спины;true;"Тяга гантели к поясу, техника выполнения упражнения";0.635;Упражнение 3: Тяга гирь к поясу 4 подходов x 8 раз | Упражнение 3: Тяга гирь к поясу 4 подходов x 8 раз | Упражнение 2: Тяга гирь к поясу 4 подходов x 12 раз
Подтягивания в гравитроне параллельным хватом;подтягивания в гравитроне параллельным хватом;"Подтягивания в гравитроне параллельным хватом, техника выполнения упражнения";table_082;1;exact_match;Нормализованные названия совпадают полностью.;;32;21;32;спина;вертикальная тяга;Широчайшие / бицепс;true;"Подтягивания параллельным хватом, техника выполнения упражнения";0.741;Упражнение 2: Подтягивания в гравитроне параллельным хватом 4 подходов x 12 раз | Упражнение 2: Подтягивания в гравитроне параллельным хватом 4 подходов x 12 раз | Упражнение 2: Подтягивания в гравитроне параллельным хватом 4 подходов x 12 раз
Жим Арнольда;жим арнольда;"Жим Арнольда, техника выполнения упражнения";table_061;1;exact_match;Нормализованные названия совпадают полностью.;;31;19;31;плечи;вертикальный жим;Передняя / средняя дельта;true;"Жим ногами, техника выполнения упражнения";0.461;Упражнение 5: Жим Арнольда 4 подходов x 10 раз | Упражнение 5: Жим Арнольда 4 подходов x 10 раз | Упражнение 5: Жим Арнольда 4 подходов x 10 раз
"Махи на плечи в кроссовере, тросс сзади.";махи на плечи в кроссовере тросс сзади;"Махи на плечи в кроссовере, тросс сзади. Техника выполнения упражнения";table_058;1;exact_match;Нормализованные названия совпадают полностью.;;31;15;27;плечи средняя дельта;отведение плеча;Средняя дельта;true;"Махи на ягодицы в кроссовере, техника выполнения упражнения";0.412;"Упражнение 5: Махи на плечи в кроссовере, тросс сзади. 4 подходов x 15 раз | Упражнение 5: Махи на плечи в кроссовере, тросс сзади. 4 подходов x 15 раз | Упражнение 5: Махи на плечи в кроссовере, тросс сзади. 4 подходов x 10 раз"
Задняя дельта в кроссовере стоя;задняя дельта в кроссовере стоя;"Задняя дельта в кроссовере стоя, техника выполнения упражнения";table_092;1;exact_match;Нормализованные названия совпадают полностью.;;28;19;28;плечи задняя дельта;разведение плеча;Задняя дельта;true;"Бабочка на заднюю дельту в кроссовере, техника выполнения упражнения";0.458;Упражнение 5: Задняя дельта в кроссовере стоя 4 подходов x 10 раз | Упражнение 5: Задняя дельта в кроссовере стоя 4 подходов x 10 раз | Упражнение 5: Задняя дельта в кроссовере стоя 4 подходов x 10 раз
Жим ногами;жим ногами;"Жим ногами, техника выполнения упражнения";table_028;1;exact_match;Нормализованные названия совпадают полностью.;;27;17;27;ноги;жим ногами;Квадрицепс;true;"Горизонтальный жим ногами, техника выполнения упражнения";0.92;Упражнение 4: Жим ногами 4 подходов x 12 раз | Упражнение 4: Жим ногами 4 подходов x 8 раз | Упражнение 4: Жим ногами 4 подходов x 12 раз
Подтягивания в гравитроне широким хватом;подтягивания в гравитроне широким хватом;"Подтягивания в гравитроне широким хватом, техника выполнения упражнения";table_083;1;exact_match;Нормализованные названия совпадают полностью.;;27;17;27;спина;вертикальная тяга;Широчайшие;true;"Подтягивания в гравитроне обратным хватом, техника выполнения упражнения";0.738;Упражнение 2: Подтягивания в гравитроне широким хватом 4 подходов x 12 раз | Упражнение 2: Подтягивания в гравитроне широким хватом 4 подходов x 12 раз | Упражнение 2: Подтягивания в гравитроне широким хватом 4 подходов x 12 раз
Подтягивания обратным хватом;подтягивания обратным хватом;"Подтягивания обратным хватом, техника выполнения упражнения";table_068;1;exact_match;Нормализованные названия совпадают полностью.;;27;16;27;спина;вертикальная тяга;Широчайшие / бицепс;true;"Подтягивания в гравитроне обратным хватом, техника выполнения упражнения";0.872;Упражнение 3: Подтягивания обратным хватом 4 подходов x 12 раз | Упражнение 3: Подтягивания обратным хватом 4 подходов x 12 раз | Упражнение 2: Подтягивания обратным хватом 4 подходов x 12 раз
Приседания со штангой;приседания со штангой;"Приседания со штангой, техника выполнения упражнений";table_144;1;exact_match;Нормализованные названия совпадают полностью.;;27;11;27;ноги;приседание;Квадрицепс / ягодицы;true;"Приседания с паузой, техника выполнения упражнений";0.519;Упражнение 1: Приседания со штангой 4 подходов x 12 раз | Упражнение 1: Приседания со штангой 4 подходов x 12 раз | Упражнение 1: Приседания со штангой 4 подходов x 6 раз
21;21;"21, техника выполнения упражнения";table_165;1;exact_match;Нормализованные названия совпадают полностью.;;25;12;25;бицепс;сгибание локтя;Бицепс;true;"Раводка под 15*, техника выполнения упражнения";0.016;Упражнение 6: 21 4 подходов x 21 раз | Упражнение 6: 21 4 подходов x 21 раз | Упражнение 6: 21 4 подходов x 21 раз
Жим в смитте;жим в смитте;"Жим в смитте, техника выполнения упражнения";table_011;1;exact_match;Нормализованные названия совпадают полностью.;;24;15;24;грудь;горизонтальный жим;Средняя грудь;true;"Калифорнийский жим, в смитте, техника выполнения упражнения";0.92;Упражнение 1: Жим в смитте 4 подходов x 12 раз | Упражнение 1: Жим в смитте 4 подходов x 12 раз | Упражнение 1: Жим в смитте 4 подходов x 12 раз
Французский жим лёжа;французский жим лежа;"Французский жим лежа, техника выполнения упражнения";table_162;1;exact_match;Нормализованные названия совпадают полностью.;;23;15;23;трицепс;разгибание локтя;Трицепс;true;"Французский жим стоя, техника выполнения упражнения";0.657;Упражнение 4: Французский жим лёжа 4 подходов x 12 раз | Упражнение 4: Французский жим лёжа 4 подходов x 12 раз | Упражнение 4: Французский жим лёжа 4 подходов x 12 раз
Подъем на бицепс в тренажере для гребной тяги;подъем на бицепс в тренажере для гребной тяги;"Подъем на бицепс в тренажёре для гребной тяги, техника выполнения упражнения";table_169;1;exact_match;Нормализованные названия совпадают полностью.;;22;14;22;бицепс;сгибание локтя;Бицепс;true;"Подъем на бицепс гантелей стоя, техника выполнения упражнения";0.398;Упражнение 4: Подъем на бицепс в тренажере для гребной тяги 4 подходов x 15 раз | Упражнение 4: Подъем на бицепс в тренажере для гребной тяги 4 подходов x 15 раз | Упражнение 4: Подъем на бицепс в тренажере для гребной тяги 4 подходов x 10 раз
Жим узким хватом в смитте;жим узким хватом в смитте;"Жим узким хватом в смитте, техника выполнения упражнения";table_129;1;exact_match;Нормализованные названия совпадают полностью.;;21;12;21;трицепс;горизонтальный жим;Трицепс / грудь;true;"Жим с пола узким хватом, техника выполнения упражнения";0.629;Упражнение 4: Жим узким хватом в смитте 4 подходов x 8 раз | Упражнение 4: Жим узким хватом в смитте 4 подходов x 8 раз | Упражнение 4: Жим узким хватом в смитте 4 подходов x 8 раз
Зашагивания на тумбу;зашагивания на тумбу;"Зашагивания на тумбу, техника выполнения упражнения";table_012;1;exact_match;Нормализованные названия совпадают полностью.;;19;15;19;ноги ягодицы;зашагивание;Ягодицы / квадрицепс;true;"Латеральные или боковые зашагивания, техника выполнения упражнения";0.351;Упражнение 2: Зашагивания на тумбу 4 подходов x 8 раз | Упражнение 5: Зашагивания на тумбу 4 подходов x 12 раз | Упражнение 5: Зашагивания на тумбу 4 подходов x 12 раз
Гак присед;гак присед;"Гак присед, техника выполнения упражнения";table_040;1;exact_match;Нормализованные названия совпадают полностью.;;18;11;18;ноги;приседание;Квадрицепс;true;"Обратный Гак присед, техника выполнения упражнения";0.92;Упражнение 2: Гак присед 4 подходов x 6 раз | Упражнение 2: Гак присед 4 подходов x 6 раз | Упражнение 5: Гак присед 4 подходов x 12 раз
Вертикальная тяга одной рукой;вертикальная тяга одной рукой;"Вертикальная тяга одной рукой, техника выполнения упражнения";table_054;1;exact_match;Нормализованные названия совпадают полностью.;;17;12;17;спина;вертикальная тяга;Широчайшие;true;"Вертикальная тяга, техника выполнения упражнения";0.88;Упражнение 2: Вертикальная тяга одной рукой 4 подходов x 10 раз | Упражнение 2: Вертикальная тяга одной рукой 4 подходов x 10 раз | Упражнение 2: Вертикальная тяга одной рукой 3 подходов x 12 раз
Отжимания на брусьях;отжимания на брусьях;"Отжимания на брусьях, техника выполнения упражнения";table_140;1;exact_match;Нормализованные названия совпадают полностью.;;17;10;17;трицепс;вертикальный жим;Нижняя грудь / трицепс;true;"Отжимания на брусьях в гравитроне, техника выполнения упражнения";0.92;Упражнение 2: Отжимания на брусьях 4 подходов x 6 раз | Упражнение 2: Отжимания на брусьях 4 подходов x 6 раз | Упражнение 2: Отжимания на брусьях 4 подходов x 10 раз
Суперсет на верх груди в смитте;суперсет на верх груди в смитте;"Суперсет на верх груди в смитте, техника выполнения упражнения";table_128;1;exact_match;Нормализованные названия совпадают полностью.;;17;7;17;грудь;горизонтальный жим;Верх груди;true;"Жим в хаммере на верх груди, техника выполнения упражнения";0.422;Упражнение 2: Суперсет на верх груди в смитте 4 подходов x 8 раз | Упражнение 3: Суперсет на верх груди в смитте 4 подходов x 10 раз | Упражнение 2: Суперсет на верх груди в смитте 4 подходов x 8 раз
Т-тяга в тренажере;т тяга в тренажере;"Т-тяга в тренажёре, техника выполнения упражнения";table_065;1;exact_match;Нормализованные названия совпадают полностью.;;17;8;17;спина;горизонтальная тяга;Верх спины;true;"Трицепс в тренажере, техника выполнения упражнения";0.502;Упражнение 3: Т-тяга в тренажере 4 подходов x 15 раз | Упражнение 3: Т-тяга в тренажере 4 подходов x 15 раз | Упражнение 3: Т-тяга в тренажере 4 подходов x 8 раз
Разгибание на трицепс из-за головы;разгибание на трицепс из за головы;"Разгибание на трицепс из-за головы, техника выполнения упражнения";table_161;1;exact_match;Нормализованные названия совпадают полностью.;;16;9;16;трицепс;разгибание локтя;Трицепс;true;"Разгибание на трицепс в наклоне, техника выполнения упражнения";0.649;Упражнение 5: Разгибание на трицепс из-за головы 4 подходов x 12 раз | Упражнение 5: Разгибание на трицепс из-за головы 4 подходов x 12 раз | Упражнение 5: Разгибание на трицепс из-за головы 4 подходов x 12 раз
Армейский жим;армейский жим;"Армейский жим, техника выполнения упражнения";table_050;1;exact_match;Нормализованные названия совпадают полностью.;;15;6;15;плечи передняя дельта средняя дельта;вертикальный жим;Передняя / средняя дельта;true;"G-жим, техника выполнения упражнения";0.458;Упражнение 4: Армейский жим 4 подходов x 6 раз | Упражнение 4: Армейский жим 4 подходов x 6 раз | Упражнение 4: Армейский жим 4 подходов x 8 раз
Бицепс с двумя гантелями на скамье Скотта;бицепс с двумя гантелями на скамье скотта;"Бицепс с двумя гантелями на скамье скотта, техника выполнения упражнения";table_163;1;exact_match;Нормализованные названия совпадают полностью.;;15;11;15;бицепс;сгибание локтя;Бицепс;true;"Бицепс с гантелью на скамье скотта, техника выполнения упражнения";0.616;Упражнение 5: Бицепс с двумя гантелями на скамье Скотта 4 подходов x 10 раз | Упражнение 5: Бицепс с двумя гантелями на скамье Скотта 4 подходов x 10 раз | Упражнение 5: Бицепс с двумя гантелями на скамье Скотта 4 подходов x 10 раз
Подъем на бицепс гантелей стоя.;подъем на бицепс гантелей стоя;"Подъем на бицепс гантелей стоя, техника выполнения упражнения";table_186;1;exact_match;Нормализованные названия совпадают полностью.;;15;8;15;бицепс;сгибание локтя;Бицепс;true;"Подъем на бицепс с резинкой сидя, техника выполнения упражнения";0.495;Упражнение 5: Подъем на бицепс гантелей стоя. 4 подходов x 10 раз | Упражнение 5: Подъем на бицепс гантелей стоя. 4 подходов x 10 раз | Упражнение 5: Подъем на бицепс гантелей стоя. 4 подходов x 10 раз
Си-си присед с собственным весом;си си присед с собственным весом;"Си-си присед с собственным весом, техника выполнения упражнения";table_014;1;exact_match;Нормализованные названия совпадают полностью.;;15;11;15;ноги квадрицепс;приседание;Квадрицепс;true;"Си-си присед на бицепс бедра в смите, техника выполнения упражнения";0.45;Упражнение 5: Си-си присед с собственным весом 4 подходов x 10 раз | Упражнение 5: Си-си присед с собственным весом 4 подходов x 10 раз | Упражнение 3: Си-си присед с собственным весом 4 подходов x 10 раз
Горизонтальный жим ногами;горизонтальный жим ногами;"Горизонтальный жим ногами, техника выполнения упражнения";table_043;1;exact_match;Нормализованные названия совпадают полностью.;;13;10;13;ноги;жим ногами;Квадрицепс;true;"Жим ногами, техника выполнения упражнения";0.88;Упражнение 5: Горизонтальный жим ногами 4 подходов x 8 раз | Упражнение 5: Горизонтальный жим ногами 4 подходов x 8 раз | Упражнение 5: Горизонтальный жим ногами 4 подходов x 12 раз
Планка на босу;планка на босу;"Планка на босу, техника выполнения упражнения";table_093;1;exact_match;Нормализованные названия совпадают полностью.;;13;8;13;пресс;стабилизация;Кор;true;"Планка на босу под ногами, техника выполнения упражнения";0.92;Упражнение 6: Планка на босу 4 подходов x 1 мин | Упражнение 6: Планка на босу 4 подходов x 1 мин | Упражнение 6: Планка на босу 4 подходов x 1 мин
Подтягивания параллельным хватом;подтягивания параллельным хватом;"Подтягивания параллельным хватом, техника выполнения упражнения";table_069;1;exact_match;Нормализованные названия совпадают полностью.;;13;8;13;спина;вертикальная тяга;Широчайшие / бицепс;true;"Подтягивания в гравитроне параллельным хватом, техника выполнения упражнения";0.878;Упражнение 1: Подтягивания параллельным хватом 4 подходов x 10 раз | Упражнение 1: Подтягивания параллельным хватом 4 подходов x 10 раз | Упражнение 3: Подтягивания параллельным хватом 4 подходов x 8 раз
Подъем на бицепс спиной к кроссоверу;подъем на бицепс спиной к кроссоверу;"Подъем на бицепс спиной к кроссоверу, техника выполнения упражнения";table_170;1;exact_match;Нормализованные названия совпадают полностью.;;11;8;11;бицепс;сгибание локтя;Бицепс;true;"Классический подъем на бицепс в кроссовере, техника выполнения упражнения";0.655;Упражнение 6: Подъем на бицепс спиной к кроссоверу 4 подходов x 12 раз | Упражнение 6: Подъем на бицепс спиной к кроссоверу 4 подходов x 12 раз | Упражнение 7: Подъем на бицепс спиной к кроссоверу 4 подходов x 10 раз
Сведение рук в кроссовере на горизонтальной скамье;сведение рук в кроссовере на горизонтальной скамье;Сведение рук в кроссовере на горизонтальной скамье;table_022;1;exact_match;Нормализованные названия совпадают полностью.;;10;9;10;грудь;сведение рук;Средняя грудь;true;"Сведение рук в кроссовере, техника выполнения упражнения";0.88;Упражнение 3: Сведение рук в кроссовере на горизонтальной скамье 4 подходов x 15 раз | Упражнение 3: Сведение рук в кроссовере на горизонтальной скамье 4 подходов x 10 раз | Упражнение 3: Сведение рук в кроссовере на горизонтальной скамье 4 подходов x 10 раз
Отжимания с гантелей на трицепс;отжимания с гантелей на трицепс;"Отжимания с гантелей на трицепс, техника выполнения упражнений";table_142;1;exact_match;Нормализованные названия совпадают полностью.;;8;7;8;трицепс;разгибание локтя;Трицепс;true;"Отжимания на брусьях, техника выполнения упражнения";0.34;Упражнение 5: Отжимания с гантелей на трицепс 4 подходов x 8 раз | Упражнение 5: Отжимания с гантелей на трицепс 4 подходов x 8 раз | Упражнение 6: Отжимания с гантелей на трицепс 4 подходов x 10 раз
Попеременный подъем на бицепс;попеременный подъем на бицепс;"Попеременный подъем на бицепс, техника выполнения упражнения";table_177;1;exact_match;Нормализованные названия совпадают полностью.;;8;5;8;бицепс;сгибание локтя;Бицепс;true;"Концентрированный подъем на бицепс, техника выполнения упражнения";0.636;Упражнение 6: Попеременный подъем на бицепс 4 подходов x 20 раз | Упражнение 6: Попеременный подъем на бицепс 4 подходов x 20 раз | Упражнение 6: Попеременный подъем на бицепс 4 подходов x 20 раз
Подъем на бицепс с резинкой сидя;подъем на бицепс с резинкой сидя;"Подъем на бицепс с резинкой сидя, техника выполнения упражнения";table_167;1;exact_match;Нормализованные названия совпадают полностью.;;5;3;5;бицепс;сгибание локтя;Бицепс;true;"Подъем на бицепс гантелей стоя, техника выполнения упражнения";0.495;Упражнение 5: Подъем на бицепс с резинкой сидя 4 подходов x 10 раз | Упражнение 5: Подъем на бицепс с резинкой сидя 4 подходов x 10 раз | Упражнение 4: Подъем на бицепс с резинкой сидя 4 подходов x 10 раз
Сведение рук в кроссовере на 30 градусной скамье;сведение рук в кроссовере на 30 градусной скамье;"Сведение рук в кроссовере на 30-градусной скамье, техника выполнения упражнения";table_019;1;exact_match;Нормализованные названия совпадают полностью.;;5;3;5;грудь;сведение рук;Верх груди;true;"Сведение рук в кроссовере, техника выполнения упражнения";0.88;Упражнение 3: Сведение рук в кроссовере на 30 градусной скамье 4 подходов x 10 раз | Упражнение 3: Сведение рук в кроссовере на 30 градусной скамье 4 подходов x 10 раз | Упражнение 2: Сведение рук в кроссовере на 30 градусной скамье 4 подходов x 10 раз
Жим гирей с пола;жим гирей с пола;"Жим гирей с пола, техника выполнения упражнения";table_154;1;exact_match;Нормализованные названия совпадают полностью.;;4;4;4;трицепс;горизонтальный жим;Трицепс / грудь;true;"Жим с пола узким хватом, техника выполнения упражнения";0.515;Упражнение 5: Жим гирей с пола 4 подходов x 8 раз | Упражнение 5: Жим гирей с пола 4 подходов x 8 раз | Упражнение 6: Жим гирей с пола 4 подходов x 10 раз
Паучьи сгибания молотковым хватом;паучьи сгибания молотковым хватом;"Паучьи сгибания молотковым хватом, техника выполнения упражнения";table_179;1;exact_match;Нормализованные названия совпадают полностью.;;2;1;2;бицепс;сгибание локтя;Бицепс / брахиалис;true;"Паучьи сгибания, техника выполнения упражнения";0.88;Упражнение 5: Паучьи сгибания молотковым хватом 4 подходов x 12 раз | Упражнение 5: Паучьи сгибания молотковым хватом 4 подходов x 12 раз
Пуловер с гантелей;пуловер с гантелей;"Пуловер с гантелей, техника выполнения упражнения";table_066;1;exact_match;Нормализованные названия совпадают полностью.;;2;2;2;спина;пуловер;Широчайшие;true;"Пуловер со штангой, техника выполнения упражнения";0.485;Упражнение 3: Пуловер с гантелей 4 подходов x 10 раз | Упражнение 3: Пуловер с гантелей 4 подходов x 10 раз
Си-си приседания на переднюю поверхность бедра;си си приседания на переднюю поверхность бедра;Си-си приседания на переднюю поверхность бедра;table_030;1;exact_match;Нормализованные названия совпадают полностью.;;2;2;2;ноги;приседание;Квадрицепс;true;"Си-си присед на бицепс бедра в смите, техника выполнения упражнения";0.373;Упражнение 3: Си-си приседания на переднюю поверхность бедра 4 подходов x 10 раз | Упражнение 3: Си-си приседания на переднюю поверхность бедра 4 подходов x 10 раз
Подтягивания в гравитроне обратным хватом;подтягивания в гравитроне обратным хватом;"Подтягивания в гравитроне обратным хватом, техника выполнения упражнения";table_081;1;exact_match;Нормализованные названия совпадают полностью.;;1;1;1;спина;вертикальная тяга;Широчайшие / бицепс;true;"Подтягивания в гравитроне широким хватом, техника выполнения упражнения";0.738;Упражнение 2: Подтягивания в гравитроне обратным хватом 4 подходов x 15 раз