program_name;matched_name;app_has_video;suggested_match;suggested_score;suggested_has_video
Гиперэкстензия;"Гиперэкстензия, техника выполнения упражнения";true;"Гиперэкстензия, техника выполнения упражнения";1;true
Подтягивания в гравитроне параллельным хватом;"Подтягивания в гравитроне параллельным хватом, техника выполнения упражнения";true;"Подтягивания в гравитроне параллельным хватом, техника выполнения упражнения";1;true
Сгибание ног сидя;"Сгибание ног сидя, техника выполнения упражнения";true;"Сгибание ног сидя, техника выполнения упражнения";1;true
Мертвая тяга;"Мёртвая тяга, техника выполнения упражнения";true;"Мёртвая тяга, техника выполнения упражнения";1;true
Сгибание Зотмана;"Сгибание Зотмана, техника выполнения упражнения";true;"Сгибание Зотмана, техника выполнения упражнения";1;true
Классическая планка;"Классическая планка, техника выполнения упражнения";true;"Классическая планка, техника выполнения упражнения";1;true
Растяжка на все тело;;false;Антиротация на пресс. Техника выполнения упражнения;0;true
Отжимания в смитте;;false;"Жим в смитте, техника выполнения упражнения";0.5;true
Разводка под 15*;"Раводка под 15*, техника выполнения упражнения";true;"Раводка под 15*, техника выполнения упражнения";0.6666666666666666;true
Выпады в кроссовере;"Выпады в кроссовере, техника выполнения упражнения";true;"Выпады в кроссовере, техника выполнения упражнения";1;true
Ягодичный мост в тренажере;"Ягодичный мост в тренажере, техника выполнения упражнения";true;"Ягодичный мост в тренажере, техника выполнения упражнения";1;true
Разгибание на трицепс с канатной рукоятью;"Разгибание на трицепс в кроссовере с канатной рукояткой, техника выполнения упражнения";true;"Разгибание на трицепс в кроссовере с канатной рукояткой, техника выполнения упражнения";0.6;true
Жим гантелей сидя;"Жим гантелей сидя, техника выполнения упражнения";true;"Жим гантелей сидя, техника выполнения упражнения";1;true
Римские подтягивания;"Римские подтягивания, техника выполнения упражнения";true;"Римские подтягивания, техника выполнения упражнения";1;true
Сгибание лежа по 1 ноге;"Сгибание лежа по 1 ноге, техника выполнения упражнения";true;"Сгибание лежа по 1 ноге, техника выполнения упражнения";1;true
"Молотки, подъем на бицепс.";"Молотки, подъем на бицепс, техника выполнения упражнения";true;"Молотки, подъем на бицепс, техника выполнения упражнения";1;true
Планка на босу;"Планка на босу, техника выполнения упражнения";true;"Планка на босу, техника выполнения упражнения";1;true
Классический жим в тренажере;"Классический жим от груди в тренажёре, техника выполнения упражнения";true;"Классический жим от груди в тренажёре, техника выполнения упражнения";0.75;true
Выпады со штангой;"Выпады со штангой на ягодицы, техника выполнения упражнения";true;"Выпады со штангой на ягодицы, техника выполнения упражнения";0.6666666666666666;true
Обратные отжимания;"Обратные отжимания, техника выполнения упражнения";true;"Обратные отжимания, техника выполнения упражнения";1;true
Бабочка на заднюю дельту;"Бабочка на заднюю дельту в кроссовере, техника выполнения упражнения";true;"Бабочка на заднюю дельту в кроссовере, техника выполнения упражнения";0.75;true
Подъемы ног;"Подъемы ног на пресс, техника выполнения упражнения";true;"Подъемы ног на пресс, техника выполнения упражнения";0.6666666666666666;true
Румынская тяга;"Румынская тяга, техника выполнения упражнения";true;"Румынская тяга, техника выполнения упражнения";1;true
Сгибание ног лежа;"Сгибание ног лёжа, техника выполнения упражнения";true;"Сгибание ног лёжа, техника выполнения упражнения";1;true
Прямые скручивания с мячом;"Прямые скручивания с мячом, техника выполнения упражнения";true;"Прямые скручивания с мячом, техника выполнения упражнения";1;true
Планка на босу под ногами;"Планка на босу под ногами, техника выполнения упражнения";true;"Планка на босу под ногами, техника выполнения упражнения";1;true
Классический подъем на бицепс в кроссовере;"Классический подъем на бицепс в кроссовере, техника выполнения упражнения";true;"Классический подъем на бицепс в кроссовере, техника выполнения упражнения";1;true
Бабочка на большие грудные;"Бабочка на большие грудные мышцы, техника выполнения упражнения";true;"Бабочка на большие грудные мышцы, техника выполнения упражнения";0.75;true
Выпады в смите;"Выпады в смитте, техника выполнения упражнения";true;"Выпады с гантелями, техника выполнения упражнения";0.5;true
Тяга из-за головы в кроссовере на трицепс.;"Тяга из-за головы в кроссовере на трицепс, техника выполнения упражнения";true;"Тяга из-за головы в кроссовере на трицепс, техника выполнения упражнения";1;true
Скрепка;"Скрепка на пресс, техника выполнения упражнения";true;"Скрепка на пресс, техника выполнения упражнения";0.5;true
Вертикальная тяга широким хватом;"Вертикальная тяга, техника выполнения упражнения";true;"Вертикальная тяга узким хватом, техника выполнения упражнения";0.75;true
Планка с перестановкой ног;"Планка с перестановкой ног, техника выполнения упражнения";true;"Планка с перестановкой ног, техника выполнения упражнения";1;true
Жим платформы на ягодицы;"Жим платформы на ягодицы, техника выполнения упражнения";true;"Жим платформы на ягодицы, техника выполнения упражнения";1;true
Тяга из-за головы на трицепс;"Тяга из-за головы в кроссовере на трицепс, техника выполнения упражнения";true;"Тяга из-за головы в кроссовере на трицепс, техника выполнения упражнения";0.8;true
Скручивания на скамье для пресса;"Скручивания на скамье для пресса, техника выполнения упражнения";true;"Скручивания на скамье для пресса, техника выполнения упражнения";1;true
Приседания в кроссовере;;false;"Выпады в кроссовере, техника выполнения упражнения";0.5;true
Выпады с гантелями;"Выпады с гантелями, техника выполнения упражнения";true;"Выпады с гантелями, техника выполнения упражнения";1;true
Махи на заднюю дельту на скамье 30*;"Махи на заднюю дельту на 30* скамье, техника выполнения упражнения";true;"Махи на заднюю дельту на 30* скамье, техника выполнения упражнения";1;true
Махи на скамье под 45* на плечи;"Махи на скамье под 45*, техника выполнения упражнения";true;"Махи на скамье под 45*, техника выполнения упражнения";0.8;true
Классические отжимания;"Классические отжимания, техника выполнения упражнения";true;"Классические отжимания, техника выполнения упражнения";1;true
Жим гантелей лежа;"Жим гантелей лёжа, техника выполнения упражнения";true;"Жим гантелей лёжа, техника выполнения упражнения";1;true
Жим узким хватом;"Жим узким хватом в смитте, техника выполнения упражнения";true;"Жим узким хватом в смитте, техника выполнения упражнения";0.75;true
Французский жим с гантелями;"Французский жим с гантелями, техника выполнения упражнения";true;"Французский жим с гантелями, техника выполнения упражнения";1;true
Вертикальная тяга обратным хватом;"Вертикальная тяга обратным хватом, техника выполнения упражнения";true;"Вертикальная тяга обратным хватом, техника выполнения упражнения";1;true
Горизонтальная тяга или гребная тяга.;"Горизонтальная тяга, техника выполнения упражнения";true;"Горизонтальная тяга, техника выполнения упражнения";0.5;true
Планка на фитболе под руками;"Планка на фитболе под руками, техника выполнения упражнения";true;"Планка на фитболе под руками, техника выполнения упражнения";1;true
Фронтальные приседания со штангой;"Фронтальные приседания, техника выполнения упражнения";true;"Фронтальные приседания, техника выполнения упражнения";0.6666666666666666;true
Ягодичный мост в смитте;"Ягодичный мост в смитте, техника выполнения упражнения";true;"Ягодичный мост в смитте, техника выполнения упражнения";1;true
Жим Арнольда;"Жим Арнольда, техника выполнения упражнения";true;"Жим Арнольда, техника выполнения упражнения";1;true
Жим гантелей лёжа на скамье 30*;"Жим гантелей лёжа, техника выполнения упражнения";true;"Изодинамический жим гантелей на 30* скамье, техника выполнения упражнения";0.8;true
Отжимания на брусьях в гравитроне;"Отжимания на брусьях в гравитроне, техника выполнения упражнения";true;"Отжимания на брусьях в гравитроне, техника выполнения упражнения";1;true
Трицепс в кроссовере обратным хватом;"Трицепс в кроссовере обратным хватом, техника выполнения упражнения";true;"Трицепс в кроссовере обратным хватом, техника выполнения упражнения";1;true
Вертикальная тяга узким хватом;"Вертикальная тяга узким хватом, техника выполнения упражнения";true;"Вертикальная тяга узким хватом, техника выполнения упражнения";1;true
Тяга к поясу в кроссовере;"Тяга к поясу в кроссовере, техника выполнения упражнения";true;"Тяга к поясу в кроссовере, техника выполнения упражнения";1;true
Боковая или латеральная планка;"Латеральная планка, или боковая планка, техника выполнения упражнения";true;"Латеральная планка, или боковая планка, техника выполнения упражнения";1;true
Бицепс с канатной рукояткой в кроссовере;"Бицепс с канатной рукояткой в кроссовере, техника выполнения упражнения";true;"Бицепс с канатной рукояткой в кроссовере, техника выполнения упражнения";1;true
Ягодицы в тренажере;"Ягодицы в тренажере, техника выполнения упражнения";true;"Ягодицы в тренажере, техника выполнения упражнения";1;true
Задняя дельта в кроссовере стоя;"Задняя дельта в кроссовере стоя, техника выполнения упражнения";true;"Задняя дельта в кроссовере стоя, техника выполнения упражнения";1;true
"Трицепс в тренажёре формата ""брусья""";"Трицепс в тренажере, техника выполнения упражнения";true;"Трицепс в тренажере, техника выполнения упражнения";0.5;true
Горизонтальная или гребная тяга широким хватом;"Горизонтальная тяга широким хватом, техника выполнения упражнения";true;"Горизонтальная тяга широким хватом, техника выполнения упражнения";0.6666666666666666;true
Косые скручивания с мячом;"Косые скручивания с мячом, техника выполнения упражнения";true;"Косые скручивания с мячом, техника выполнения упражнения";1;true
Дуговые махи;"Дуговые махи гантелями, техника выполнения упражнения";true;"Дуговые махи гантелями, техника выполнения упражнения";0.6666666666666666;true
Дуговые махи на заднюю дельту;"Махи дерижер на заднюю дельту, техника выполнения упражнения";true;"Махи дерижер на заднюю дельту, техника выполнения упражнения";0.75;true
Французский жим лёжа;"Французский жим лежа, техника выполнения упражнения";true;"Французский жим лежа, техника выполнения упражнения";1;true
Рычажная тяга;"Рычажная тяга, техника выполнения упражнения";true;"Рычажная тяга, техника выполнения упражнения";1;true
Т-тяга со штангой;"Т-тяга со штангой, техника выполнения упражнения";true;"Т-тяга со штангой, техника выполнения упражнения";1;true
Динамическая планка на косые мышцы;"Динамическая планка на косые мышцы, техника выполнения упражнения";true;"Динамическая планка на косые мышцы, техника выполнения упражнения";1;true
Становая тяга;"Становая тяга, техника выполнения упражнения";true;"Становая тяга, техника выполнения упражнения";1;true
Махи на ягодицы в кроссовере.;"Махи на ягодицы в кроссовере, техника выполнения упражнения";true;"Махи на ягодицы в кроссовере, техника выполнения упражнения";1;true
Жим ногами на бицеп бедра;"Жим ногами, техника выполнения упражнения";true;Жим ногами на бицепс бедра;0.75;true
Изодинамический подъем на бицепс;"Изодинамиеский подъем на бицепс, техника выполнения упражнения";true;"Изодинамиеский подъем на бицепс, техника выполнения упражнения";0.6666666666666666;true
Жим в свенда в кроссовере;"Жим Свенда в кроссовере, техника выполнения упражнения";true;"Жим Свенда в кроссовере, техника выполнения упражнения";1;true
Дуговая разводка;"Дуговая разводка, техника выполнения упражнения";true;"Дуговая разводка, техника выполнения упражнения";1;true
Болгарский присед;"Болгарский присед, техника выполнения упражнения";true;"Болгарский присед, техника выполнения упражнения";1;true
Сведение на ягодицы;"Сведение и разведение ног, техника выполнения упражнения";true;"Ягодицы в тренажере, техника выполнения упражнения";0.5;true
Тяга к подбородку в кроссовере;"Тяга к подбородку в кроссовере, техника выполнения упражнения";true;"Тяга к подбородку в кроссовере, техника выполнения упражнения";1;true
Гибридная тяга;"Гибридная тяга, техника выполнения упражнения";true;"Гибридная тяга, техника выполнения упражнения";1;true
Прямые скручивания на пресс;"Прямые скручивания с мячом, техника выполнения упражнения";true;"Прямые скручивания с мячом, техника выполнения упражнения";0.6666666666666666;true
G-жим;"G-жим, техника выполнения упражнения";true;"G-жим, техника выполнения упражнения";1;true
Тяга штанги к поясу;"Тяга штанги к поясу, техника выполнения упражнения";true;"Тяга штанги к поясу, техника выполнения упражнения";1;true
Разгибание ног;"Разгибание ног, техника выполнения упражнения";true;"Разгибание ног, техника выполнения упражнения";1;true
Тяга гантели к поясу;"Тяга гантели к поясу, техника выполнения упражнения";true;"Тяга гантели к поясу, техника выполнения упражнения";1;true
"Тяга ""Арбалет"" на заднюю дельту";"Тяга ""Арбалет"" на заднюю дельту, техника выполнения упражнения";true;"Тяга ""Арбалет"" на заднюю дельту, техника выполнения упражнения";1;true
Присед в смите;;false;"Приседания в смите, техника выполнения упражнения";0.5;true
Подъемы ног на скамье для пресса;"Подъемы ног на скамье для пресса, техника выполнения упражнения";true;"Подъемы ног на скамье для пресса, техника выполнения упражнения";1;true
Подъем на бицепс на наклонной скамье под 45*;"Подъем на бицепс на наклонной скамье под 45*, техника выполнения упражнения";true;"Подъем на бицепс на наклонной скамье под 45*, техника выполнения упражнения";1;true
Ягодичный мост со штангой;"Ягодичный мост со штангой, техника выполнения упражнения";true;"Ягодичный мост со штангой, техника выполнения упражнения";1;true
Сведение и разведение ног;"Сведение и разведение ног, техника выполнения упражнения";true;"Сведение и разведение ног, техника выполнения упражнения";1;true
Зашагивания на тумбу 15 раз;"Зашагивания на тумбу, техника выполнения упражнения";true;"Зашагивания на тумбу, техника выполнения упражнения";1;true
Жим в хаммере низ;"Жим в хаммере на низ груди, техника выполнения упражнения";true;"Жим в хаммере на низ груди, техника выполнения упражнения";0.75;true
Латеральные или боковые зашагивания 15 раз;"Латеральные или боковые зашагивания, техника выполнения упражнения";true;"Латеральные или боковые зашагивания, техника выполнения упражнения";1;true
Изодинамический жим гантелей на 30* скамье;"Изодинамический жим гантелей на 30* скамье, техника выполнения упражнения";true;"Изодинамический жим гантелей на 30* скамье, техника выполнения упражнения";1;true
Пуловер в кроссовере;"Пуловер в кроссовере, техника выполнения упражнения";true;"Пуловер в кроссовере, техника выполнения упражнения";1;true
Жим в хаммере верх груди;"Жим в хаммере на верх груди, техника выполнения упражнения";true;"Жим в хаммере на верх груди, техника выполнения упражнения";1;true
Тяга гирь к поясу;"Тяга гирь к поясу, техника выполнения упражнения";true;"Тяга гирь к поясу, техника выполнения упражнения";1;true
Фронтальные махи со штангой стоя;"Фронтальные махи со штангой стоя, техника выполнения упражнения";true;"Фронтальные махи со штангой стоя, техника выполнения упражнения";1;true
Калифорнийский жим в смитте;"Калифорнийский жим, в смитте, техника выполнения упражнения";true;"Калифорнийский жим, в смитте, техника выполнения упражнения";1;true
Тяга Ли Хэйни;"Тяга Ли Хэйни, техника выполнения упражнения";true;"Тяга Ли Хэйни, техника выполнения упражнения";1;true
Сведение рук в кроссовере;"Сведение рук в кроссовере, техника выполнения упражнения";true;"Сведение рук в кроссовере, техника выполнения упражнения";1;true
Отжимания узким хватом;"Отжимания узким хватом, техника выполнения упражнения";true;"Отжимания узким хватом, техника выполнения упражнения";1;true
Подъем на бицепс широким хватом;"Подъем на бицепс широким хватом, техника выполнения упражнения";true;"Подъем на бицепс широким хватом, техника выполнения упражнения";1;true
Обратный гак присед;"Обратный Гак присед, техника выполнения упражнения";true;"Обратный Гак присед, техника выполнения упражнения";1;true
Изодинамические махи на заднюю дельту;"Махи дерижер на заднюю дельту, техника выполнения упражнения";true;"Махи дерижер на заднюю дельту, техника выполнения упражнения";0.75;true
Изодинамические махи;"Изодинамические махи гантелями сидя, техника выполнения упражнения";true;"Изодинамические махи гантелями, техника выполнения упражнения";0.6666666666666666;true
Попеременный подъем на бицепс;"Попеременный подъем на бицепс, техника выполнения упражнения";true;"Попеременный подъем на бицепс, техника выполнения упражнения";1;true
Махи гантелями;"Махи гантелями стоя, техника выполнения упражнения";true;"Изодинамические махи гантелями, техника выполнения упражнения";0.6666666666666666;true
Жим узким хватом в смитте;"Жим узким хватом в смитте, техника выполнения упражнения";true;"Жим узким хватом в смитте, техника выполнения упражнения";1;true
Разгибание на трицепс из-за головы;"Разгибание на трицепс из-за головы, техника выполнения упражнения";true;"Разгибание на трицепс из-за головы, техника выполнения упражнения";1;true
Пуловер со штангой;"Пуловер со штангой, техника выполнения упражнения";true;"Пуловер со штангой, техника выполнения упражнения";1;true
Приседания со штангой;"Приседания со штангой, техника выполнения упражнений";true;"Приседания со штангой, техника выполнения упражнений";1;true
Горизонтальный жим ногами;"Горизонтальный жим ногами, техника выполнения упражнения";true;"Горизонтальный жим ногами, техника выполнения упражнения";1;true
Разгибание на трицепс в наклоне;"Разгибание на трицепс в наклоне, техника выполнения упражнения";true;"Разгибание на трицепс в наклоне, техника выполнения упражнения";1;true
Жим ногами с широкой постановкой ног;"Жим ногами с широкой постановкой ног, техника выполнения упражнения";true;"Жим ногами с широкой постановкой ног, техника выполнения упражнения";1;true
Пресс на босу;"Пресс на босу, техника выполнения упражнения";true;"Пресс на босу, техника выполнения упражнения";1;true
Подтягивания в гравитроне широким хватом;"Подтягивания в гравитроне широким хватом, техника выполнения упражнения";true;"Подтягивания в гравитроне широким хватом, техника выполнения упражнения";1;true
Подъем на бицепс с резинкой сидя;"Подъем на бицепс с резинкой сидя, техника выполнения упражнения";true;"Подъем на бицепс с резинкой сидя, техника выполнения упражнения";1;true
Подъем на бицепс обратным хватом в кроссовере;"Подъем на бицепс обратным хватом, техника выполнения упражнения";true;"Подъем на бицепс обратным хватом, техника выполнения упражнения";0.8;true
Касания пяток (пресс);"Касание пяток на пресс, техника выполнения упражнения";true;"Касание пяток на пресс, техника выполнения упражнения";0.6666666666666666;true
Разгибание на трицепс по одной руке в кроссовере;"Разгибание на трицепс по одной руке в кроссовере, техника выполнения упражнения";true;"Разгибание на трицепс по одной руке в кроссовере, техника выполнения упражнения";1;true
Планка на фитболе;"Планка на фитболе под ногами, техника выполнения упражнения";true;"Планка на фитболе под ногами, техника выполнения упражнения";0.5;true
Французский жим гантели стоя;"Французский жим гантели стоя, техника выполнения упражнения";true;"Французский жим гантели стоя, техника выполнения упражнения";1;true
Подъем на бицепс с гантелями сидя;"Подъем на бицепс гантелей стоя, техника выполнения упражнения";true;"Подъем на бицепс с резинкой сидя, техника выполнения упражнения";0.75;true
Пуловер с гантелей;"Пуловер с гантелей, техника выполнения упражнения";true;"Пуловер с гантелей, техника выполнения упражнения";1;true
Гильотина;"Гильотина, техника выполнения упражнения";true;"Гильотина, техника выполнения упражнения";1;true
Вытяжка в гиперэкстензии;"Вытяжка в гиперэкстензии, техника выполнения упражнения. (ЛФК для спины)";true;"Вытяжка в гиперэкстензии, техника выполнения упражнения. (ЛФК для спины)";0.4;true
Латеральная или боковая вытяжка в кроссовере.;"Латеральная или боковая вытяжка в кросовере, техника выполнения упражнения. (ЛФК для спины)";true;"Латеральная планка, или боковая планка, техника выполнения упражнения";0.6;true
Горизонтальная вытяжка в кроссовере;"Горизонтальная вытяжка в кроссовере, техника выполнения упражнения. (ЛФК для спины)";true;"Горизонтальная вытяжка в кроссовере, техника выполнения упражнения. (ЛФК для спины)";0.5;true
Жим ногами;"Жим ногами, техника выполнения упражнения";true;"Жим ногами, техника выполнения упражнения";1;true
Скручивание на полу;;false;"Скручивания на полу на пресс, техника выполнения упражнения";0.3333333333333333;true
Жим ногами с параллельной постановкой ног;"Жим ногами с параллельной постановкой ног, техника выполнения упражнения";true;"Жим ногами с параллельной постановкой ног, техника выполнения упражнения";1;true
Си-си присед на бицепс бедра;"Си-си присед на бицепс бедра в смите, техника выполнения упражнения";true;"Си-си присед на бицепс бедра в смите, техника выполнения упражнения";0.8;true
Подъем на бицепс спиной к кроссоверу;"Подъем на бицепс спиной к кроссоверу, техника выполнения упражнения";true;"Подъем на бицепс спиной к кроссоверу, техника выполнения упражнения";1;true
Комплекс ЛФК упражнений на плечи;"Комлпекс ЛФК упражнений на плечи, техника выполнения упражнений";true;"Комлпекс ЛФК упражнений на плечи, техника выполнения упражнений";0.75;true
Велосипедные скручивания;"Велосипедные скручивания на пресс, техника выполнения упражнения";true;"Велосипедные скручивания на пресс, техника выполнения упражнения";0.6666666666666666;true
Молотковые сгибания с канатной рукоятью в кроссовере;;false;"Молотковые сгибание на бицепс с канатной рукояткой в кроссовере, техника выполнения упражнения";0.5;true
Си-си присед с собственным весом 10 раз;"Си-си присед с собственным весом, техника выполнения упражнения";true;"Си-си присед с собственным весом, техника выполнения упражнения";1;true
Гак присед;"Гак присед, техника выполнения упражнения";true;"Гак присед, техника выполнения упражнения";1;true
Плеометрический гак присед;"Плеометрический ГАК, техника выполнения упражнения";true;"Плеометрический ГАК, техника выполнения упражнения";0.6666666666666666;true
Присед плие;;false;"Гак присед, техника выполнения упражнения";0.5;true
Становая тяга сумо;Становая тяга сумо;true;Становая тяга сумо;1;true
Т-тяга в тренажере;"Т-тяга в тренажёре, техника выполнения упражнения";true;"Т-тяга в тренажёре, техника выполнения упражнения";1;true
Жим в смитте;"Жим в смитте, техника выполнения упражнения";true;"Жим в смитте, техника выполнения упражнения";1;true
Си-си приседания на переднюю поверхность бедра;Си-си приседания на переднюю поверхность бедра;true;Си-си приседания на переднюю поверхность бедра;1;true
Подтягивания в гравитроне обратным хватом;"Подтягивания в гравитроне обратным хватом, техника выполнения упражнения";true;"Подтягивания в гравитроне обратным хватом, техника выполнения упражнения";1;true
Бицепс со штангой на скамье Скотта;"Бицепс со штангой в скамье скотта, техника выполнения упражнения";true;"Бицепс со штангой в скамье скотта, техника выполнения упражнения";1;true
Классические выпады.;;false;"Выпады с гантелями, техника выполнения упражнения";0.5;true
Бицепс с гантелью на скамье Скотта;"Бицепс с гантелью на скамье скотта, техника выполнения упражнения";true;"Бицепс с гантелью на скамье скотта, техника выполнения упражнения";1;true
Подъем EZ-штанги на бицепс;"Подъем EZ-штанги (кривой штанги) на бицепс, техника выполнения упражнения";true;"Изодинамиеский подъем на бицепс, техника выполнения упражнения";0.6666666666666666;true
Жим штанги под углом;"Жим штанги под углом, техника выполнения упражнения";true;"Жим штанги под углом, техника выполнения упражнения";1;true
Вертикальная тяга одной рукой;"Вертикальная тяга одной рукой, техника выполнения упражнения";true;"Вертикальная тяга одной рукой, техника выполнения упражнения";1;true
Подъем на бицепс гантелей стоя.;"Подъем на бицепс гантелей стоя, техника выполнения упражнения";true;"Подъем на бицепс гантелей стоя, техника выполнения упражнения";1;true
"Махи на плечи в кроссовере, тросс сзади.";"Махи на плечи в кроссовере, тросс сзади. Техника выполнения упражнения";true;"Махи на плечи в кроссовере, тросс сзади. Техника выполнения упражнения";1;true
Подъем на бицепс в тренажере для гребной тяги;"Подъем на бицепс в тренажёре для гребной тяги, техника выполнения упражнения";true;"Подъем на бицепс в тренажёре для гребной тяги, техника выполнения упражнения";1;true
Армейский жим;"Армейский жим, техника выполнения упражнения";true;"Армейский жим, техника выполнения упражнения";1;true
Концентрированный подъем на бицепс;"Концентрированный подъем на бицепс, техника выполнения упражнения";true;"Концентрированный подъем на бицепс, техника выполнения упражнения";1;true
Жим штанги лежа;"Жим штанги лёжа, техника выполнения упражнения";true;"Жим штанги лёжа, техника выполнения упражнения";1;true
Молотковые сгибания на бицепс с канатной рукояткой;"Молотковые сгибание на бицепс с канатной рукояткой в кроссовере, техника выполнения упражнения";true;"Молотковые сгибание на бицепс с канатной рукояткой в кроссовере, техника выполнения упражнения";0.6666666666666666;true
Подтягивания широким хватом;"Подтягивания широким хватом, техника выполнения упражнения";true;"Подтягивания широким хватом, техника выполнения упражнения";1;true
Паучьи сгибания с гантелями;"Паучьи сгибания, техника выполнения упражнения";true;"Паучьи сгибания, техника выполнения упражнения";0.6666666666666666;true
Отжимания на брусьях;"Отжимания на брусьях, техника выполнения упражнения";true;"Отжимания на брусьях, техника выполнения упражнения";1;true
Подтягивания параллельным хватом;"Подтягивания параллельным хватом, техника выполнения упражнения";true;"Подтягивания параллельным хватом, техника выполнения упражнения";1;true
Сведение рук в кроссовере на 30* скамье;"Сведение рук в кроссовере на 30-градусной скамье, техника выполнения упражнения";true;"Сведение рук в кроссовере на 30-градусной скамье, техника выполнения упражнения";0.8;true
Подтягивания обратным хватом;"Подтягивания обратным хватом, техника выполнения упражнения";true;"Подтягивания обратным хватом, техника выполнения упражнения";1;true
Сведение рук в кроссовере на 30 градусной скамье;"Сведение рук в кроссовере на 30-градусной скамье, техника выполнения упражнения";true;"Сведение рук в кроссовере на 30-градусной скамье, техника выполнения упражнения";0.8;true
Бицепс с двумя гантелями на скамье Скотта;"Бицепс с двумя гантелями на скамье скотта, техника выполнения упражнения";true;"Бицепс с двумя гантелями на скамье скотта, техника выполнения упражнения";1;true
Присед с паузой;"Приседания с паузой, техника выполнения упражнений";true;"Гак присед, техника выполнения упражнения";0.5;true
Суперсет на верх груди в смитте;"Суперсет на верх груди в смитте, техника выполнения упражнения";true;"Суперсет на верх груди в смитте, техника выполнения упражнения";1;true
Паучьи сгибания молотковым хватом;"Паучьи сгибания молотковым хватом, техника выполнения упражнения";true;"Паучьи сгибания молотковым хватом, техника выполнения упражнения";1;true
Сведение рук в кроссовере на горизонтальной скамье;Сведение рук в кроссовере на горизонтальной скамье;true;Сведение рук в кроссовере на горизонтальной скамье;1;true
Отжимания с гантелей на трицепс;"Отжимания с гантелей на трицепс, техника выполнения упражнений";true;"Отжимания с гантелей на трицепс, техника выполнения упражнений";1;true
Жим с пола узким хватом;"Жим с пола узким хватом, техника выполнения упражнения";true;"Жим с пола узким хватом, техника выполнения упражнения";1;true
Жим гирей с пола;"Жим гирей с пола, техника выполнения упражнения";true;"Жим гирей с пола, техника выполнения упражнения";1;true
21;"21, техника выполнения упражнения";true;Антиротация на пресс. Техника выполнения упражнения;0;true