exercise_name;normalized_name;muscle_group;pattern;muscle_label;normalized_label;image_asset_path;status;confidence;method;review_status
Антиротация на пресс. Техника выполнения упражнения;антиротация на пресс;Пресс;Антиротация;Кор / косые мышцы;Косые мышцы живота;/muscle-templates/manual/core_obliques.png;alias_used;0.92;alias_used;approved
Антиротационные выпады с эспандером. Техника выполнения упражнения;антиротационные выпады с эспандером;Ноги/Пресс;Антиротация + выпад;Квадрицепс / ягодицы / кор;Квадрицепс / ягодицы;/muscle-templates/manual/lower_quads_glutes.png;alias_used;0.92;alias_used;approved
"Выпады с гантелями, техника выполнения упражнения";выпады с гантелями;Ноги;Выпад;Квадрицепс / ягодицы;Квадрицепс / ягодицы;/muscle-templates/manual/lower_quads_glutes.png;ok;1;label_exact;approved
"Вертикальная тяга узким хватом, техника выполнения упражнения";вертикальная тяга узким хватом;Спина;Вертикальная тяга;Широчайшие;Широчайшие;/muscle-templates/manual/upper_lats.png;ok;1;label_exact;approved
"Ягодичный мост в смитте, техника выполнения упражнения";ягодичный мост в смитте;Ягодицы;Разгибание таза;Большая ягодичная;Большая ягодичная;/muscle-templates/manual/lower_glute_maximus.png;ok;1;label_exact;approved
"Вертикальная тяга обратным хватом, техника выполнения упражнения";вертикальная тяга обратным хватом;Спина;Вертикальная тяга;Широчайшие / бицепс;Широчайшие / бицепс;/muscle-templates/manual/upper_lats_biceps.png;ok;1;label_exact;approved
"Сведение рук в кроссовере, техника выполнения упражнения";сведение рук в кроссовере;Грудь;Сведение рук;Большие грудные;Большие грудные;/muscle-templates/manual/upper_chest.jpg;ok;1;label_exact;approved
"Горизонтальная вытяжка в кроссовере, техника выполнения упражнения. (ЛФК для спины)";горизонтальная вытяжка в кроссовере лфк для спины;Спина/ЛФК спины;ЛФК-вытяжка;Разгибатели позвоночника;Разгибатели позвоночника;/muscle-templates/manual/lower_spinal_extensors.png;ok;1;label_exact;approved
"Вытяжка в гиперэкстензии, техника выполнения упражнения. (ЛФК для спины)";вытяжка в гиперэкстензии лфк для спины;Спина/ЛФК спины;ЛФК-вытяжка;Разгибатели позвоночника;Разгибатели позвоночника;/muscle-templates/manual/lower_spinal_extensors.png;ok;1;label_exact;approved
"Латеральная или боковая вытяжка в кросовере, техника выполнения упражнения. (ЛФК для спины)";латеральная или боковая вытяжка в кросовере лфк для спины;;ЛФК-вытяжка;Квадратная мышца поясницы;Квадратная мышца поясницы;/muscle-templates/manual/lower_quadratus_lumborum.png;ok;1;label_exact;approved
"Жим в смитте, техника выполнения упражнения";жим в смитте;Грудь;Горизонтальный жим;Средняя грудь;Средняя грудь;/muscle-templates/manual/upper_mid_chest.jpg;ok;1;label_exact;approved
"Зашагивания на тумбу, техника выполнения упражнения";зашагивания на тумбу;Ноги/ягодицы;Зашагивание;Ягодицы / квадрицепс;Квадрицепс / ягодицы;/muscle-templates/manual/lower_quads_glutes.png;alias_used;0.92;alias_used;approved
"Выпады в кроссовере, техника выполнения упражнения";выпады в кроссовере;Ноги/ягодицы;Выпад;Ягодицы / квадрицепс;Квадрицепс / ягодицы;/muscle-templates/manual/lower_quads_glutes.png;alias_used;0.92;alias_used;approved
"Си-си присед с собственным весом, техника выполнения упражнения";си си присед с собственным весом;Ноги/квадрицепс;Приседание;Квадрицепс;Квадрицепс;/muscle-templates/manual/lower_quads.png;ok;1;label_exact;approved
"Жим в хаммере на низ груди, техника выполнения упражнения";жим в хаммере на низ груди;Грудь;Горизонтальный жим;Нижняя грудь;Нижняя грудь;/muscle-templates/manual/upper_lower_chest.jpg;ok;1;label_exact;approved
"Сгибание ног сидя, техника выполнения упражнения";сгибание ног сидя;Ноги/бицепс бедра;Сгибание ног;Бицепс бедра;Бицепс бедра;/muscle-templates/manual/lower_hamstrings.png;ok;1;label_exact;approved
"Изодинамический жим гантелей на 30* скамье, техника выполнения упражнения";изодинамический жим гантелей на 30 скамье;Грудь;Горизонтальный жим;Верх груди;Верх груди;/muscle-templates/manual/upper_chest_incline.png;ok;1;label_exact;approved
"Си-си присед на бицепс бедра в смите, техника выполнения упражнения";си си присед на бицепс бедра в смите;Ноги/бицепс бедра;Сгибание ног;Бицепс бедра;Бицепс бедра;/muscle-templates/manual/lower_hamstrings.png;ok;1;label_exact;approved
"Сведение рук в кроссовере на 30-градусной скамье, техника выполнения упражнения";сведение рук в кроссовере на 30 градусной скамье;Грудь;Сведение рук;Верх груди;Верх груди;/muscle-templates/manual/upper_chest_incline.png;ok;1;label_exact;approved
"Жим платформы на ягодицы, техника выполнения упражнения";жим платформы на ягодицы;Ягодицы;Жим ногами;Большая ягодичная;Большая ягодичная;/muscle-templates/manual/lower_glute_maximus.png;ok;1;label_exact;approved
"Дуговая разводка, техника выполнения упражнения";дуговая разводка;Грудь;Разведение рук;Большие грудные;Большие грудные;/muscle-templates/manual/upper_chest.jpg;ok;1;label_exact;approved
Сведение рук в кроссовере на горизонтальной скамье;сведение рук в кроссовере на горизонтальной скамье;Грудь;Сведение рук;Средняя грудь;Средняя грудь;/muscle-templates/manual/upper_mid_chest.jpg;ok;1;label_exact;approved
"Классический жим от груди в тренажёре, техника выполнения упражнения";классический жим от груди в тренажере;Грудь;Горизонтальный жим;Средняя грудь;Средняя грудь;/muscle-templates/manual/upper_mid_chest.jpg;ok;1;label_exact;approved
Жим ногами на бицепс бедра;жим ногами на бицепс бедра;Ноги/бицепс бедра;Жим ногами;Бицепс бедра / ягодицы;Бицепс бедра / ягодицы;/muscle-templates/manual/lower_hamstrings_glutes.png;ok;1;label_exact;approved
"Жим платформы по 1 ноге, техника выполнения упражнения";жим платформы по 1 ноге;Ноги;Жим ногами;Квадрицепс / ягодицы;Квадрицепс / ягодицы;/muscle-templates/manual/lower_quads_glutes.png;ok;1;label_exact;approved
"Приседания в смите, техника выполнения упражнения";приседания в смите;Ноги;Приседание;Квадрицепс / ягодицы;Квадрицепс / ягодицы;/muscle-templates/manual/lower_quads_glutes.png;ok;1;label_exact;approved
"Жим в хаммере на верх груди, техника выполнения упражнения";жим в хаммере на верх груди;Грудь;Горизонтальный жим;Верх груди;Верх груди;/muscle-templates/manual/upper_chest_incline.png;ok;1;label_exact;approved
"Жим ногами, техника выполнения упражнения";жим ногами;Ноги;Жим ногами;Квадрицепс;Квадрицепс;/muscle-templates/manual/lower_quads.png;ok;1;label_exact;approved
"Выпады в смитте, техника выполнения упражнения";выпады в смитте;Ноги/ягодицы;Выпад;Ягодицы / квадрицепс;Квадрицепс / ягодицы;/muscle-templates/manual/lower_quads_glutes.png;alias_used;0.92;alias_used;approved
Си-си приседания на переднюю поверхность бедра;си си приседания на переднюю поверхность бедра;Ноги;Приседание;Квадрицепс;Квадрицепс;/muscle-templates/manual/lower_quads.png;ok;1;label_exact;approved
"Жим Свенда в кроссовере, техника выполнения упражнения";жим свенда в кроссовере;Грудь;Сведение рук;Внутренняя грудь;Большие грудные;/muscle-templates/manual/upper_chest.jpg;alias_used;0.92;alias_used;approved
"Выпады со штангой на ягодицы, техника выполнения упражнения";выпады со штангой на ягодицы;Ноги/ягодицы;Выпад;Ягодицы;Большая ягодичная;/muscle-templates/manual/lower_glute_maximus.png;alias_used;0.92;alias_used;approved
"Жим ногами с параллельной постановкой ног, техника выполнения упражнения";жим ногами с параллельной постановкой ног;Ноги;Жим ногами;Квадрицепс;Квадрицепс;/muscle-templates/manual/lower_quads.png;ok;1;label_exact;approved
"Сгибание лежа по 1 ноге, техника выполнения упражнения";сгибание лежа по 1 ноге;Ноги/бицепс бедра;Сгибание ног;Бицепс бедра;Бицепс бедра;/muscle-templates/manual/lower_hamstrings.png;ok;1;label_exact;approved
"Жим ногами с широкой постановкой ног, техника выполнения упражнения";жим ногами с широкой постановкой ног;Ноги;Жим ногами;Приводящие / ягодицы;Приводящие / ягодицы;/muscle-templates/manual/lower_adductors_glutes.png;ok;1;label_exact;approved
"Латеральные или боковые зашагивания, техника выполнения упражнения";латеральные или боковые зашагивания;Ноги/бицепс бедра;Зашагивание;Средняя ягодичная / квадрицепс;Средняя ягодичная / квадрицепс;/muscle-templates/manual/lower_glute_med_quads.png;ok;1;label_exact;approved
"Сгибание ног лёжа, техника выполнения упражнения";сгибание ног лежа;Ноги/ бицепс бедра;Сгибание ног;Бицепс бедра;Бицепс бедра;/muscle-templates/manual/lower_hamstrings.png;ok;1;label_exact;approved
"Фронтальные приседания, техника выполнения упражнения";фронтальные приседания;Ноги;Приседание;Квадрицепс;Квадрицепс;/muscle-templates/manual/lower_quads.png;ok;1;label_exact;approved
"Плеометрический ГАК, техника выполнения упражнения";плеометрический гак;Ноги;Приседание;Квадрицепс;Квадрицепс;/muscle-templates/manual/lower_quads.png;ok;1;label_exact;approved
"Гак присед, техника выполнения упражнения";гак присед;Ноги;Приседание;Квадрицепс;Квадрицепс;/muscle-templates/manual/lower_quads.png;ok;1;label_exact;approved
"Обратный Гак присед, техника выполнения упражнения";обратный гак присед;Ноги;Приседание;Ягодицы / квадрицепс;Квадрицепс / ягодицы;/muscle-templates/manual/lower_quads_glutes.png;alias_used;0.92;alias_used;approved
"Выпрыгивания с места, техника выполнения упражнения";выпрыгивания с места;Ноги;Плиометрика;Квадрицепс / ягодицы;Квадрицепс / ягодицы;/muscle-templates/manual/lower_quads_glutes.png;ok;1;label_exact;approved
"Горизонтальный жим ногами, техника выполнения упражнения";горизонтальный жим ногами;Ноги;Жим ногами;Квадрицепс;Квадрицепс;/muscle-templates/manual/lower_quads.png;ok;1;label_exact;approved
"Сведение и разведение ног, техника выполнения упражнения";сведение и разведение ног;Ноги;Приведение/отведение бедра;Приводящие / отводящие бедра;Приводящие / отводящие бедра;/muscle-templates/manual/lower_adductors_abductors.png;ok;1;label_exact;approved
"Ягодичный мост со штангой, техника выполнения упражнения";ягодичный мост со штангой;Ягодицы;Разгибание таза;Большая ягодичная;Большая ягодичная;/muscle-templates/manual/lower_glute_maximus.png;ok;1;label_exact;approved
"Жим штанги под углом, техника выполнения упражнения";жим штанги под углом;Грудь;Горизонтальный жим;Верх груди;Верх груди;/muscle-templates/manual/upper_chest_incline.png;ok;1;label_exact;approved
"Жим гантелей лёжа, техника выполнения упражнения";жим гантелей лежа;Грудь;Горизонтальный жим;Средняя грудь;Средняя грудь;/muscle-templates/manual/upper_mid_chest.jpg;ok;1;label_exact;approved
"Жим гантелей на 30* скамье, техника выполнения упражнения";жим гантелей на 30 скамье;Грудь;Горизонтальный жим;Верх груди;Верх груди;/muscle-templates/manual/upper_chest_incline.png;ok;1;label_exact;approved
"Бабочка на заднюю дельту в кроссовере, техника выполнения упражнения";бабочка на заднюю дельту в кроссовере;Плечи/задняя дельта;Разведение плеча;Задняя дельта;Задняя дельта;/muscle-templates/manual/upper_rear_delt.png;ok;1;label_exact;approved
"Армейский жим, техника выполнения упражнения";армейский жим;Плечи/передняя дельта/средняя дельта;Вертикальный жим;Передняя / средняя дельта;Передняя / средняя дельта;/muscle-templates/manual/upper_front_mid_delt.png;ok;1;label_exact;approved
"Тяга к подбородку в кроссовере, техника выполнения упражнения";тяга к подбородку в кроссовере;Плечи/передняя дельта/средняя дельта;Тяга к подбородку;Средняя дельта / трапеция;Средняя дельта;/muscle-templates/manual/upper_lateral_delt.png;alias_used;0.92;alias_used;approved
Становая тяга сумо;становая тяга сумо;Спина;Разгибание таза;Ягодицы / приводящие мышцы;Приводящие / ягодицы;/muscle-templates/manual/lower_adductors_glutes.png;alias_used;0.92;alias_used;approved
"Тяга штанги к поясу, техника выполнения упражнения";тяга штанги к поясу;Спина;Горизонтальная тяга;Верх спины;Верх спины;/muscle-templates/manual/upper_back.png;ok;1;label_exact;approved
"Вертикальная тяга одной рукой, техника выполнения упражнения";вертикальная тяга одной рукой;Спина;Вертикальная тяга;Широчайшие;Широчайшие;/muscle-templates/manual/upper_lats.png;ok;1;label_exact;approved
"Горизонтальная тяга, техника выполнения упражнения";горизонтальная тяга;Спина;Горизонтальная тяга;Верх спины;Верх спины;/muscle-templates/manual/upper_back.png;ok;1;label_exact;approved
"Комлпекс ЛФК упражнений на плечи, техника выполнения упражнений";комлпекс лфк упражнений на плечи техника выполнения упражнений;Плечи/ЛФК плеч;ЛФК плеч;Ротаторная манжета плеча;Ротаторная манжета плеча;/muscle-templates/manual/upper_rotator_cuff.png;ok;1;label_exact;approved
"Тяга Ли Хэйни, техника выполнения упражнения";тяга ли хэйни;Плечи/задняя дельта;Разгибание плеча;Задняя дельта;Задняя дельта;/muscle-templates/manual/upper_rear_delt.png;ok;1;label_exact;approved
"Махи на плечи в кроссовере, тросс сзади. Техника выполнения упражнения";махи на плечи в кроссовере тросс сзади;Плечи/средняя дельта;Отведение плеча;Средняя дельта;Средняя дельта;/muscle-templates/manual/upper_lateral_delt.png;ok;1;label_exact;approved
"Жим на плечи под 60* в смитте, техника выполнения упражнения";жим на плечи под 60 в смитте;Плечи/передняя дельта/средняя дельта;Вертикальный жим;Передняя / средняя дельта;Передняя / средняя дельта;/muscle-templates/manual/upper_front_mid_delt.png;ok;1;label_exact;approved
"Махи на скамье под 45*, техника выполнения упражнения";махи на скамье под 45;Плечи;Отведение плеча;Средняя дельта;Средняя дельта;/muscle-templates/manual/upper_lateral_delt.png;ok;1;label_exact;approved
"Жим Арнольда, техника выполнения упражнения";жим арнольда;Плечи;Вертикальный жим;Передняя / средняя дельта;Передняя / средняя дельта;/muscle-templates/manual/upper_front_mid_delt.png;ok;1;label_exact;approved
"Жим гантелей сидя, техника выполнения упражнения";жим гантелей сидя;Плечи;Вертикальный жим;Передняя / средняя дельта;Передняя / средняя дельта;/muscle-templates/manual/upper_front_mid_delt.png;ok;1;label_exact;approved
"Изодинамические махи гантелями сидя, техника выполнения упражнения";изодинамические махи гантелями сидя;Плечи;Отведение плеча;Средняя дельта;Средняя дельта;/muscle-templates/manual/upper_lateral_delt.png;ok;1;label_exact;approved
"Т-тяга со штангой, техника выполнения упражнения";т тяга со штангой;Спина;Горизонтальная тяга;Верх спины;Верх спины;/muscle-templates/manual/upper_back.png;ok;1;label_exact;approved
"Т-тяга в тренажёре, техника выполнения упражнения";т тяга в тренажере;Спина;Горизонтальная тяга;Верх спины;Верх спины;/muscle-templates/manual/upper_back.png;ok;1;label_exact;approved
"Пуловер с гантелей, техника выполнения упражнения";пуловер с гантелей;Спина;Пуловер;Широчайшие;Широчайшие;/muscle-templates/manual/upper_lats.png;ok;1;label_exact;approved
"Пуловер со штангой, техника выполнения упражнения";пуловер со штангой;Спина;Пуловер;Широчайшие;Широчайшие;/muscle-templates/manual/upper_lats.png;ok;1;label_exact;approved
"Подтягивания обратным хватом, техника выполнения упражнения";подтягивания обратным хватом;Спина;Вертикальная тяга;Широчайшие / бицепс;Широчайшие / бицепс;/muscle-templates/manual/upper_lats_biceps.png;ok;1;label_exact;approved
"Подтягивания параллельным хватом, техника выполнения упражнения";подтягивания параллельным хватом;Спина;Вертикальная тяга;Широчайшие / бицепс;Широчайшие / бицепс;/muscle-templates/manual/upper_lats_biceps.png;ok;1;label_exact;approved
"Подтягивания широким хватом, техника выполнения упражнения";подтягивания широким хватом;Спина;Вертикальная тяга;Широчайшие;Широчайшие;/muscle-templates/manual/upper_lats.png;ok;1;label_exact;approved
"Гибридная тяга, техника выполнения упражнения";гибридная тяга;Спина;Горизонтальная тяга;Верх спины;Верх спины;/muscle-templates/manual/upper_back.png;ok;1;label_exact;approved
"Рычажная тяга, техника выполнения упражнения";рычажная тяга;Спина;Горизонтальная тяга;Верх спины;Верх спины;/muscle-templates/manual/upper_back.png;ok;1;label_exact;approved
"Римские подтягивания, техника выполнения упражнения";римские подтягивания;Спина;Вертикальная тяга;Широчайшие;Широчайшие;/muscle-templates/manual/upper_lats.png;ok;1;label_exact;approved
"Тяга гирь к поясу, техника выполнения упражнения";тяга гирь к поясу;Спина;Горизонтальная тяга;Верх спины;Верх спины;/muscle-templates/manual/upper_back.png;ok;1;label_exact;approved
"Тяга к поясу в кроссовере, техника выполнения упражнения";тяга к поясу в кроссовере;Спина;Горизонтальная тяга;Верх спины;Верх спины;/muscle-templates/manual/upper_back.png;ok;1;label_exact;approved
"Тяга гантели к поясу, техника выполнения упражнения";тяга гантели к поясу;Спина;Горизонтальная тяга;Верх спины;Верх спины;/muscle-templates/manual/upper_back.png;ok;1;label_exact;approved
"Пуловер в кроссовере, техника выполнения упражнения";пуловер в кроссовере;Спина;Пуловер;Широчайшие;Широчайшие;/muscle-templates/manual/upper_lats.png;ok;1;label_exact;approved
"Горизонтальная тяга широким хватом, техника выполнения упражнения";горизонтальная тяга широким хватом;Спина;Горизонтальная тяга;Верх спины;Верх спины;/muscle-templates/manual/upper_back.png;ok;1;label_exact;approved
"Тяга штанги к подбородку, техника выполнения упражнения";тяга штанги к подбородку;Плечи/передняя дельта;Тяга к подбородку;Средняя дельта / трапеция;Средняя дельта;/muscle-templates/manual/upper_lateral_delt.png;alias_used;0.92;alias_used;approved
"Фронтальные махи со штангой стоя, техника выполнения упражнения";фронтальные махи со штангой стоя;Плечи/передняя дельта.;Сгибание плеча;Передняя дельта;Передняя дельта;/muscle-templates/manual/upper_front_delt.png;ok;1;label_exact;approved
"Подтягивания в гравитроне обратным хватом, техника выполнения упражнения";подтягивания в гравитроне обратным хватом;Спина;Вертикальная тяга;Широчайшие / бицепс;Широчайшие / бицепс;/muscle-templates/manual/upper_lats_biceps.png;ok;1;label_exact;approved
"Подтягивания в гравитроне параллельным хватом, техника выполнения упражнения";подтягивания в гравитроне параллельным хватом;Спина;Вертикальная тяга;Широчайшие / бицепс;Широчайшие / бицепс;/muscle-templates/manual/upper_lats_biceps.png;ok;1;label_exact;approved
"Подтягивания в гравитроне широким хватом, техника выполнения упражнения";подтягивания в гравитроне широким хватом;Спина;Вертикальная тяга;Широчайшие;Широчайшие;/muscle-templates/manual/upper_lats.png;ok;1;label_exact;approved
"Планка на фитболе под ногами, техника выполнения упражнения";планка на фитболе под ногами;Пресс;Стабилизация;Кор;Кор;/muscle-templates/manual/core.png;ok;1;label_exact;approved
"Латеральная планка, или боковая планка, техника выполнения упражнения";латеральная планка или боковая планка;Пресс;Стабилизация;Косые мышцы живота;Косые мышцы живота;/muscle-templates/manual/core_obliques.png;ok;1;label_exact;approved
"Скручивания на скамье для пресса, техника выполнения упражнения";скручивания на скамье для пресса;Пресс;Скручивание;Прямая мышца живота;Прямая мышца живота;/muscle-templates/manual/core_rectus_abdominis.png;ok;1;label_exact;approved
"Подъемы ног на скамье для пресса, техника выполнения упражнения";подъемы ног на скамье для пресса;Пресс;Подъём ног;Нижний пресс;Прямая мышца живота;/muscle-templates/manual/core_rectus_abdominis.png;alias_used;0.92;alias_used;approved
"Планка с перестановкой ног и рук, техника выполнения упражнения";планка с перестановкой ног и рук;Пресс;Стабилизация;Кор;Кор;/muscle-templates/manual/core.png;ok;1;label_exact;approved
"Планка с перестановкой рук, техника выполнения упражнения";планка с перестановкой рук;Пресс;Стабилизация;Кор;Кор;/muscle-templates/manual/core.png;ok;1;label_exact;approved
"Планка на фитболе под руками, техника выполнения упражнения";планка на фитболе под руками;Пресс;Стабилизация;Кор;Кор;/muscle-templates/manual/core.png;ok;1;label_exact;approved
"Тяга ""Арбалет"" на заднюю дельту, техника выполнения упражнения";тяга арбалет на заднюю дельту;Плечи/задняя деьта;Разведение плеча;Задняя дельта;Задняя дельта;/muscle-templates/manual/upper_rear_delt.png;ok;1;label_exact;approved
"Задняя дельта в кроссовере стоя, техника выполнения упражнения";задняя дельта в кроссовере стоя;Плечи/задняя дельта;Разведение плеча;Задняя дельта;Задняя дельта;/muscle-templates/manual/upper_rear_delt.png;ok;1;label_exact;approved
"Планка на босу, техника выполнения упражнения";планка на босу;Пресс;Стабилизация;Кор;Кор;/muscle-templates/manual/core.png;ok;1;label_exact;approved
"Планка на босу под ногами, техника выполнения упражнения";планка на босу под ногами;Пресс;Стабилизация;Кор;Кор;/muscle-templates/manual/core.png;ok;1;label_exact;approved
"Косые скручивания с мячом, техника выполнения упражнения";косые скручивания с мячом;Пресс;Скручивание;Косые мышцы живота;Косые мышцы живота;/muscle-templates/manual/core_obliques.png;ok;1;label_exact;approved
"Прямые скручивания с мячом, техника выполнения упражнения";прямые скручивания с мячом;Пресс;Скручивание;Прямая мышца живота;Прямая мышца живота;/muscle-templates/manual/core_rectus_abdominis.png;ok;1;label_exact;approved
"Пресс на босу, техника выполнения упражнения";пресс на босу;Пресс;Скручивание;Прямая мышца живота;Прямая мышца живота;/muscle-templates/manual/core_rectus_abdominis.png;ok;1;label_exact;approved
"Скрепка на пресс, техника выполнения упражнения";скрепка на пресс;Пресс;Скручивание;Прямая мышца живота;Прямая мышца живота;/muscle-templates/manual/core_rectus_abdominis.png;ok;1;label_exact;approved
"Касание пяток на пресс, техника выполнения упражнения";касание пяток на пресс;Пресс;Скручивание;Косые мышцы живота;Косые мышцы живота;/muscle-templates/manual/core_obliques.png;ok;1;label_exact;approved
"Велосипедные скручивания на пресс, техника выполнения упражнения";велосипедные скручивания на пресс;Пресс;Скручивание;Косые мышцы живота;Косые мышцы живота;/muscle-templates/manual/core_obliques.png;ok;1;label_exact;approved
"Скручивания на полу на пресс, техника выполнения упражнения";скручивания на полу на пресс;Пресс;Скручивание;Прямая мышца живота;Прямая мышца живота;/muscle-templates/manual/core_rectus_abdominis.png;ok;1;label_exact;approved
"Классическая планка, техника выполнения упражнения";классическая планка;Пресс;Стабилизация;Кор;Кор;/muscle-templates/manual/core.png;ok;1;label_exact;approved
"Классические отжимания, техника выполнения упражнения";классические отжимания;Грудь;Горизонтальный жим;Грудные / трицепс;Грудные / трицепс;/muscle-templates/manual/upper_chest_triceps.jpg;ok;1;label_exact;approved
"Динамическая планка на косые мышцы, техника выполнения упражнения";динамическая планка на косые мышцы;Пресс;Стабилизация;Косые мышцы живота;Косые мышцы живота;/muscle-templates/manual/core_obliques.png;ok;1;label_exact;approved
"Изодинамические махи гантелями, техника выполнения упражнения";изодинамические махи гантелями;Плечи;Отведение плеча;Средняя дельта;Средняя дельта;/muscle-templates/manual/upper_lateral_delt.png;ok;1;label_exact;approved
"Дуговые махи гантелями, техника выполнения упражнения";дуговые махи гантелями;Плечи;Отведение плеча;Средняя / передняя дельта;Передняя / средняя дельта;/muscle-templates/manual/upper_front_mid_delt.png;alias_used;0.92;alias_used;approved
"Махи на заднюю дельту на 30* скамье, техника выполнения упражнения";махи на заднюю дельту на 30 скамье;Плечи/задняя дельта;Разведение плеча;Задняя дельта;Задняя дельта;/muscle-templates/manual/upper_rear_delt.png;ok;1;label_exact;approved
"Планка с перестановкой ног, техника выполнения упражнения";планка с перестановкой ног;Пресс;Стабилизация;Кор;Кор;/muscle-templates/manual/core.png;ok;1;label_exact;approved
"Подъемы ног на пресс, техника выполнения упражнения";подъемы ног на пресс;Пресс;Подъём ног;Нижний пресс;Прямая мышца живота;/muscle-templates/manual/core_rectus_abdominis.png;alias_used;0.92;alias_used;approved
"Махи дерижер на заднюю дельту, техника выполнения упражнения";махи дерижер на заднюю дельту;Плечи/задняя дельта;Разведение плеча;Задняя дельта;Задняя дельта;/muscle-templates/manual/upper_rear_delt.png;ok;1;label_exact;approved
"Присед с точкой опоры, техника выполнения упражнения";присед с точкой опоры;Ноги;Приседание;Квадрицепс / ягодицы;Квадрицепс / ягодицы;/muscle-templates/manual/lower_quads_glutes.png;ok;1;label_exact;approved
"Ягодицы с канатом в кроссовере, техника выполнения упражнения";ягодицы с канатом в кроссовере;Ягодицы;Разгибание бедра;Большая ягодичная;Большая ягодичная;/muscle-templates/manual/lower_glute_maximus.png;ok;1;label_exact;approved
"Гильотина, техника выполнения упражнения";гильотина;Грудь;Горизонтальный жим;Верх груди;Верх груди;/muscle-templates/manual/upper_chest_incline.png;ok;1;label_exact;approved
"Бабочка на большие грудные мышцы, техника выполнения упражнения";бабочка на большие грудные мышцы;Грудь;Сведение рук;Большие грудные;Большие грудные;/muscle-templates/manual/upper_chest.jpg;ok;1;label_exact;approved
"Ягодицы в тренажере, техника выполнения упражнения";ягодицы в тренажере;Ягодицы;Разгибание бедра;Большая ягодичная;Большая ягодичная;/muscle-templates/manual/lower_glute_maximus.png;ok;1;label_exact;approved
"Ягодичный мост на полу, техника выполнения упражнения";ягодичный мост на полу;Ягодицы;Разгибание таза;Большая ягодичная;Большая ягодичная;/muscle-templates/manual/lower_glute_maximus.png;ok;1;label_exact;approved
"Махи на ягодицы в кроссовере, техника выполнения упражнения";махи на ягодицы в кроссовере;Ягодицы;Разгибание бедра;Большая ягодичная;Большая ягодичная;/muscle-templates/manual/lower_glute_maximus.png;ok;1;label_exact;approved
"Ягодичный мост в тренажере, техника выполнения упражнения";ягодичный мост в тренажере;Ягодицы;Разгибание таза;Большая ягодичная;Большая ягодичная;/muscle-templates/manual/lower_glute_maximus.png;ok;1;label_exact;approved
"Болгарский присед, техника выполнения упражнения";болгарский присед;Ноги/ягодицы;Выпад;Ягодицы / квадрицепс;Квадрицепс / ягодицы;/muscle-templates/manual/lower_quads_glutes.png;alias_used;0.92;alias_used;approved
"Гиперэкстензия, техника выполнения упражнения";гиперэкстензия;Спина;Разгибание таза;Разгибатели позвоночника;Разгибатели позвоночника;/muscle-templates/manual/lower_spinal_extensors.png;ok;1;label_exact;approved
"Румынская тяга, техника выполнения упражнения";румынская тяга;Спина;Разгибание таза;Бицепс бедра / ягодицы;Бицепс бедра / ягодицы;/muscle-templates/manual/lower_hamstrings_glutes.png;ok;1;label_exact;approved
"Мёртвая тяга, техника выполнения упражнения";мертвая тяга;Ноги/бицепс бедра;Разгибание таза;Бицепс бедра / ягодицы;Бицепс бедра / ягодицы;/muscle-templates/manual/lower_hamstrings_glutes.png;ok;1;label_exact;approved
"Разгибание ног, техника выполнения упражнения";разгибание ног;Ноги;Разгибание ног;Квадрицепс;Квадрицепс;/muscle-templates/manual/lower_quads.png;ok;1;label_exact;approved
"Приседание в кроссовере, техника выполнения упражнения";приседание в кроссовере;Ноги;Приседание;Квадрицепс / ягодицы;Квадрицепс / ягодицы;/muscle-templates/manual/lower_quads_glutes.png;ok;1;label_exact;approved
"Раводка под 15*, техника выполнения упражнения";раводка под 15;Грудь;Разведение рук;Верх груди;Верх груди;/muscle-templates/manual/upper_chest_incline.png;ok;1;label_exact;approved
"Отжимания в тренажёре смитта, техника выполнения упражнения";отжимания в тренажере смитта;Грудь;Горизонтальный жим;Средняя грудь;Средняя грудь;/muscle-templates/manual/upper_mid_chest.jpg;ok;1;label_exact;approved
"Вертикальная тяга, техника выполнения упражнения";вертикальная тяга;Спина;Вертикальная тяга;Широчайшие;Широчайшие;/muscle-templates/manual/upper_lats.png;ok;1;label_exact;approved
"Суперсет на верх груди в смитте, техника выполнения упражнения";суперсет на верх груди в смитте;Грудь;Горизонтальный жим;Верх груди;Верх груди;/muscle-templates/manual/upper_chest_incline.png;ok;1;label_exact;approved
"Жим узким хватом в смитте, техника выполнения упражнения";жим узким хватом в смитте;Трицепс;Горизонтальный жим;Трицепс / грудь;Грудные / трицепс;/muscle-templates/manual/upper_chest_triceps.jpg;alias_used;0.92;alias_used;approved
"Французский жим в смитте, техника выполнения упражнения";французский жим в смитте;Трицепс;Разгибание локтя;Трицепс;Трицепс;/muscle-templates/manual/upper_triceps.png;ok;1;label_exact;approved
"Калифорнийский жим, в смитте, техника выполнения упражнения";калифорнийский жим в смитте;Трицепс;Горизонтальный жим;Трицепс / грудь;Грудные / трицепс;/muscle-templates/manual/upper_chest_triceps.jpg;alias_used;0.92;alias_used;approved
"Разгибание на трицепс по одной руке в кроссовере, техника выполнения упражнения";разгибание на трицепс по одной руке в кроссовере;Трицепс;Разгибание локтя;Трицепс;Трицепс;/muscle-templates/manual/upper_triceps.png;ok;1;label_exact;approved
"Разгибание на трицепс в кроссовере с канатной рукояткой, техника выполнения упражнения";разгибание на трицепс в кроссовере с канатной рукояткой;Трицепс;Разгибание локтя;Трицепс;Трицепс;/muscle-templates/manual/upper_triceps.png;ok;1;label_exact;approved
"Тяга из-за головы в кроссовере на трицепс, техника выполнения упражнения";тяга из за головы в кроссовере на трицепс;Трицепс;Разгибание локтя;Трицепс;Трицепс;/muscle-templates/manual/upper_triceps.png;ok;1;label_exact;approved
"Трицепс в кроссовере обратным хватом, техника выполнения упражнения";трицепс в кроссовере обратным хватом;Трицепс;Разгибание локтя;Трицепс;Трицепс;/muscle-templates/manual/upper_triceps.png;ok;1;label_exact;approved
"Разгибание на трицепс в кроссовере, техника выполнения упражнения";разгибание на трицепс в кроссовере;Трицепс;Разгибание локтя;Трицепс;Трицепс;/muscle-templates/manual/upper_triceps.png;ok;1;label_exact;approved
"Трицепс в тренажере, техника выполнения упражнения";трицепс в тренажере;Трицепс;Разгибание локтя;Трицепс;Трицепс;/muscle-templates/manual/upper_triceps.png;ok;1;label_exact;approved
"Отжимания на брусьях в гравитроне, техника выполнения упражнения";отжимания на брусьях в гравитроне;Трицепс;Вертикальный жим;Нижняя грудь / трицепс;Нижняя грудь / трицепс;/muscle-templates/manual/upper_lower_chest_triceps.jpg;ok;1;label_exact;approved
"Французский жим стоя, техника выполнения упражнения";французский жим стоя;Трицепс;Разгибание локтя;Трицепс;Трицепс;/muscle-templates/manual/upper_triceps.png;ok;1;label_exact;approved
"Отжимания на брусьях, техника выполнения упражнения";отжимания на брусьях;Трицепс;Вертикальный жим;Нижняя грудь / трицепс;Нижняя грудь / трицепс;/muscle-templates/manual/upper_lower_chest_triceps.jpg;ok;1;label_exact;approved
"Французский жим гантели стоя, техника выполнения упражнения";французский жим гантели стоя;Трицепс;Разгибание локтя;Трицепс;Трицепс;/muscle-templates/manual/upper_triceps.png;ok;1;label_exact;approved
"Отжимания с гантелей на трицепс, техника выполнения упражнений";отжимания с гантелей на трицепс техника выполнения упражнений;Трицепс;Разгибание локтя;Трицепс;Трицепс;/muscle-templates/manual/upper_triceps.png;ok;1;label_exact;approved
"Удержание веса, техника выполнения упражнения";удержание веса;Грудь;Удержание;Грудные / стабилизаторы;Большие грудные;/muscle-templates/manual/upper_chest.jpg;alias_used;0.92;alias_used;approved
"Приседания со штангой, техника выполнения упражнений";приседания со штангой техника выполнения упражнений;Ноги;Приседание;Квадрицепс / ягодицы;Квадрицепс / ягодицы;/muscle-templates/manual/lower_quads_glutes.png;ok;1;label_exact;approved
"Отходы со штангой, техника выполнения упражнения";отходы со штангой;Ноги;Стабилизация со штангой;Кор / стабилизаторы;Кор;/muscle-templates/manual/core.png;alias_used;0.92;alias_used;approved
"Приседания с паузой, техника выполнения упражнений";приседания с паузой техника выполнения упражнений;Ноги;Приседание;Квадрицепс / ягодицы;Квадрицепс / ягодицы;/muscle-templates/manual/lower_quads_glutes.png;ok;1;label_exact;approved
"Тяга из ямы, техника выполнения упражнения";тяга из ямы;Спина;Разгибание таза;Ягодицы / спина;Ягодицы / спина;/muscle-templates/manual/lower_glutes_back.png;ok;1;label_exact;approved
"Становая тяга, техника выполнения упражнения";становая тяга;Спина;Разгибание таза;Ягодицы / спина;Ягодицы / спина;/muscle-templates/manual/lower_glutes_back.png;ok;1;label_exact;approved
"Жим штанги лёжа, техника выполнения упражнения";жим штанги лежа;Грудь;Горизонтальный жим;Средняя грудь;Средняя грудь;/muscle-templates/manual/upper_mid_chest.jpg;ok;1;label_exact;approved
"Жим с паузой, техника выполнения упражнения";жим с паузой;Грудь;Горизонтальный жим;Средняя грудь;Средняя грудь;/muscle-templates/manual/upper_mid_chest.jpg;ok;1;label_exact;approved
"Тяга со стоек, техника выполнения упражнения";тяга со стоек;Спина;Разгибание таза;Ягодицы / спина;Ягодицы / спина;/muscle-templates/manual/lower_glutes_back.png;ok;1;label_exact;approved
"Тяга до колена, техника выполнения упражнения";тяга до колена;Спина;Разгибание таза;Ягодицы / спина;Ягодицы / спина;/muscle-templates/manual/lower_glutes_back.png;ok;1;label_exact;approved
"Отжимания узким хватом, техника выполнения упражнения";отжимания узким хватом;Трицепс;Горизонтальный жим;Трицепс / грудь;Грудные / трицепс;/muscle-templates/manual/upper_chest_triceps.jpg;alias_used;0.92;alias_used;approved
"Жим гирей с пола, техника выполнения упражнения";жим гирей с пола;Трицепс;Горизонтальный жим;Трицепс / грудь;Грудные / трицепс;/muscle-templates/manual/upper_chest_triceps.jpg;alias_used;0.92;alias_used;approved
"Жим с пола узким хватом, техника выполнения упражнения";жим с пола узким хватом;Трицепс;Горизонтальный жим;Трицепс / грудь;Грудные / трицепс;/muscle-templates/manual/upper_chest_triceps.jpg;alias_used;0.92;alias_used;approved
"Разгибание на трицепс в наклоне, техника выполнения упражнения";разгибание на трицепс в наклоне;Трицепс;Разгибание локтя;Трицепс;Трицепс;/muscle-templates/manual/upper_triceps.png;ok;1;label_exact;approved
"G-жим, техника выполнения упражнения";g жим;Трицепс;Разгибание локтя;Трицепс;Трицепс;/muscle-templates/manual/upper_triceps.png;ok;1;label_exact;approved
"Жим штанги узким хватом, техника выполнения упражнения";жим штанги узким хватом;Трицепс;Горизонтальный жим;Трицепс / грудь;Грудные / трицепс;/muscle-templates/manual/upper_chest_triceps.jpg;alias_used;0.92;alias_used;approved
"Французский жим с гантелями, техника выполнения упражнения";французский жим с гантелями;Трицепс;Разгибание локтя;Трицепс;Трицепс;/muscle-templates/manual/upper_triceps.png;ok;1;label_exact;approved
"Обратные отжимания, техника выполнения упражнения";обратные отжимания;Трицепс;Разгибание локтя;Трицепс;Трицепс;/muscle-templates/manual/upper_triceps.png;ok;1;label_exact;approved
"Разгибание на трицепс из-за головы, техника выполнения упражнения";разгибание на трицепс из за головы;Трицепс;Разгибание локтя;Трицепс;Трицепс;/muscle-templates/manual/upper_triceps.png;ok;1;label_exact;approved
"Французский жим лежа, техника выполнения упражнения";французский жим лежа;Трицепс;Разгибание локтя;Трицепс;Трицепс;/muscle-templates/manual/upper_triceps.png;ok;1;label_exact;approved
"Бицепс с двумя гантелями на скамье скотта, техника выполнения упражнения";бицепс с двумя гантелями на скамье скотта;Бицепс;Сгибание локтя;Бицепс;Бицепс;/muscle-templates/manual/upper_biceps_needs_review.jpg;ok;1;label_exact;"needs_review: xlsx references missing xl/media/image35.png; using existing project biceps asset"
"Бицепс с гантелью на скамье скотта, техника выполнения упражнения";бицепс с гантелью на скамье скотта;Бицепс;Сгибание локтя;Бицепс;Бицепс;/muscle-templates/manual/upper_biceps_needs_review.jpg;ok;1;label_exact;"needs_review: xlsx references missing xl/media/image35.png; using existing project biceps asset"
"21, техника выполнения упражнения";21;Бицепс;Сгибание локтя;Бицепс;Бицепс;/muscle-templates/manual/upper_biceps_needs_review.jpg;ok;1;label_exact;"needs_review: xlsx references missing xl/media/image35.png; using existing project biceps asset"
"Бицепс со штангой в скамье скотта, техника выполнения упражнения";бицепс со штангой в скамье скотта;Бицепс;Сгибание локтя;Бицепс;Бицепс;/muscle-templates/manual/upper_biceps_needs_review.jpg;ok;1;label_exact;"needs_review: xlsx references missing xl/media/image35.png; using existing project biceps asset"
"Подъем на бицепс с резинкой сидя, техника выполнения упражнения";подъем на бицепс с резинкой сидя;Бицепс;Сгибание локтя;Бицепс;Бицепс;/muscle-templates/manual/upper_biceps_needs_review.jpg;ok;1;label_exact;"needs_review: xlsx references missing xl/media/image35.png; using existing project biceps asset"
"Сгибание Зотмана, техника выполнения упражнения";сгибание зотмана;Бицепс;Сгибание локтя;Бицепс / брахиалис;Бицепс / брахиалис;/muscle-templates/manual/upper_biceps_needs_review.jpg;ok;1;label_exact;"needs_review: xlsx references missing xl/media/image35.png; using existing project biceps asset"
"Подъем на бицепс в тренажёре для гребной тяги, техника выполнения упражнения";подъем на бицепс в тренажере для гребной тяги;Бицепс;Сгибание локтя;Бицепс;Бицепс;/muscle-templates/manual/upper_biceps_needs_review.jpg;ok;1;label_exact;"needs_review: xlsx references missing xl/media/image35.png; using existing project biceps asset"
"Подъем на бицепс спиной к кроссоверу, техника выполнения упражнения";подъем на бицепс спиной к кроссоверу;Бицепс;Сгибание локтя;Бицепс;Бицепс;/muscle-templates/manual/upper_biceps_needs_review.jpg;ok;1;label_exact;"needs_review: xlsx references missing xl/media/image35.png; using existing project biceps asset"
"Молотковые сгибание на бицепс с канатной рукояткой в кроссовере, техника выполнения упражнения";молотковые сгибание на бицепс с канатной рукояткой в кроссовере;Бицепс;Сгибание локтя;Бицепс / брахиалис;Бицепс / брахиалис;/muscle-templates/manual/upper_biceps_needs_review.jpg;ok;1;label_exact;"needs_review: xlsx references missing xl/media/image35.png; using existing project biceps asset"
"Подъем на бицепс обратным хватом, техника выполнения упражнения";подъем на бицепс обратным хватом;Бицепс;Сгибание локтя;Брахиалис / предплечье;Брахиалис / предплечье;/muscle-templates/manual/upper_biceps_needs_review.jpg;ok;1;label_exact;"needs_review: xlsx references missing xl/media/image35.png; using existing project biceps asset"
"Классический подъем на бицепс в кроссовере, техника выполнения упражнения";классический подъем на бицепс в кроссовере;Бицепс;Сгибание локтя;Бицепс;Бицепс;/muscle-templates/manual/upper_biceps_needs_review.jpg;ok;1;label_exact;"needs_review: xlsx references missing xl/media/image35.png; using existing project biceps asset"
"Бицепс по 1 руке в кроссовере, техника выполнения упражнения";бицепс по 1 руке в кроссовере;Бицепс;Сгибание локтя;Бицепс;Бицепс;/muscle-templates/manual/upper_biceps_needs_review.jpg;ok;1;label_exact;"needs_review: xlsx references missing xl/media/image35.png; using existing project biceps asset"
"Бицепс с канатной рукояткой в кроссовере, техника выполнения упражнения";бицепс с канатной рукояткой в кроссовере;Бицепс;Сгибание локтя;Бицепс / брахиалис;Бицепс / брахиалис;/muscle-templates/manual/upper_biceps_needs_review.jpg;ok;1;label_exact;"needs_review: xlsx references missing xl/media/image35.png; using existing project biceps asset"
"Изодинамиеский подъем на бицепс, техника выполнения упражнения";изодинамиеский подъем на бицепс;Бицепс;Сгибание локтя;Бицепс;Бицепс;/muscle-templates/manual/upper_biceps_needs_review.jpg;ok;1;label_exact;"needs_review: xlsx references missing xl/media/image35.png; using existing project biceps asset"
"Попеременный подъем на бицепс, техника выполнения упражнения";попеременный подъем на бицепс;Бицепс;Сгибание локтя;Бицепс;Бицепс;/muscle-templates/manual/upper_biceps_needs_review.jpg;ok;1;label_exact;"needs_review: xlsx references missing xl/media/image35.png; using existing project biceps asset"
"Подъем на бицепс с упором в скамью, техника выполнения упражнения";подъем на бицепс с упором в скамью;Бицепс;Сгибание локтя;Бицепс;Бицепс;/muscle-templates/manual/upper_biceps_needs_review.jpg;ok;1;label_exact;"needs_review: xlsx references missing xl/media/image35.png; using existing project biceps asset"
"Паучьи сгибания молотковым хватом, техника выполнения упражнения";паучьи сгибания молотковым хватом;Бицепс;Сгибание локтя;Бицепс / брахиалис;Бицепс / брахиалис;/muscle-templates/manual/upper_biceps_needs_review.jpg;ok;1;label_exact;"needs_review: xlsx references missing xl/media/image35.png; using existing project biceps asset"
"Паучьи сгибания, техника выполнения упражнения";паучьи сгибания;Бицепс;Сгибание локтя;Бицепс;Бицепс;/muscle-templates/manual/upper_biceps_needs_review.jpg;ok;1;label_exact;"needs_review: xlsx references missing xl/media/image35.png; using existing project biceps asset"
"Концентрированный подъем на бицепс, техника выполнения упражнения";концентрированный подъем на бицепс;Бицепс;Сгибание локтя;Бицепс;Бицепс;/muscle-templates/manual/upper_biceps_needs_review.jpg;ok;1;label_exact;"needs_review: xlsx references missing xl/media/image35.png; using existing project biceps asset"
"Подъем на бицепс на наклонной скамье под 45*, техника выполнения упражнения";подъем на бицепс на наклонной скамье под 45;Бицепс;Сгибание локтя;Бицепс;Бицепс;/muscle-templates/manual/upper_biceps_needs_review.jpg;ok;1;label_exact;"needs_review: xlsx references missing xl/media/image35.png; using existing project biceps asset"
"Молотки, подъем на бицепс, техника выполнения упражнения";молотки подъем на бицепс;Бицепс;Сгибание локтя;Бицепс / брахиалис;Бицепс / брахиалис;/muscle-templates/manual/upper_biceps_needs_review.jpg;ok;1;label_exact;"needs_review: xlsx references missing xl/media/image35.png; using existing project biceps asset"
"Подъем EZ-штанги (кривой штанги) на бицепс, техника выполнения упражнения";подъем ez штанги кривой штанги на бицепс;Бицепс;Сгибание локтя;Бицепс;Бицепс;/muscle-templates/manual/upper_biceps_needs_review.jpg;ok;1;label_exact;"needs_review: xlsx references missing xl/media/image35.png; using existing project biceps asset"
"Сгибание рук с гантелями сидя, техника выполнения упражнения";сгибание рук с гантелями сидя;Бицепс;Сгибание локтя;Бицепс;Бицепс;/muscle-templates/manual/upper_biceps_needs_review.jpg;ok;1;label_exact;"needs_review: xlsx references missing xl/media/image35.png; using existing project biceps asset"
"Подъем на бицепс гантелей стоя, техника выполнения упражнения";подъем на бицепс гантелей стоя;Бицепс;Сгибание локтя;Бицепс;Бицепс;/muscle-templates/manual/upper_biceps_needs_review.jpg;ok;1;label_exact;"needs_review: xlsx references missing xl/media/image35.png; using existing project biceps asset"
"Подъем на бицепс широким хватом, техника выполнения упражнения";подъем на бицепс широким хватом;Бицепс;Сгибание локтя;Внутренняя головка бицепса;Внутренняя головка бицепса;/muscle-templates/manual/upper_biceps_needs_review.jpg;ok;1;label_exact;"needs_review: xlsx references missing xl/media/image35.png; using existing project biceps asset"
"Дуговые махи гантелями стоя, техника выполнения упражнения";дуговые махи гантелями стоя;Плечи;Отведение плеча;Средняя дельта;Средняя дельта;/muscle-templates/manual/upper_lateral_delt.png;ok;1;label_exact;approved
"Махи гантелями стоя, техника выполнения упражнения";махи гантелями стоя;Плечи;Отведение плеча;Средняя дельта;Средняя дельта;/muscle-templates/manual/upper_lateral_delt.png;ok;1;label_exact;approved
"Фронтальные махи с гантелями, техника выполнения упражнения";фронтальные махи с гантелями;Плечи;Сгибание  плеча;Передняя дельта;Передняя дельта;/muscle-templates/manual/upper_front_delt.png;ok;1;label_exact;approved