id;exercise_name;normalized_name;muscle_group;movement_vector;exercise_type;restrictions_raw;restrictions;gender;rfVideoUrl;video_match_status;video_match_confidence;video_match_reason
didactic_001;Вертикальная тяга узким хватом;вертикальная тяга узким хватом;широчайшие;вертикальная тяга;Изоляция;Нет;;all;https://ac22cf36-390e-4f3a-b58f-98eb399f6f3b.selstorage.ru/exercises/%D0%B2%D0%B5%D1%80%D1%82%D0%B8%D0%BA%D0%B0%D0%BB%D1%8C%D0%BD%D0%B0%D1%8F-%D1%82%D1%8F%D0%B3%D0%B0-%D1%83%D0%B7%D0%BA%D0%B8%D0%BC-%D1%85%D0%B2%D0%B0%D1%82%D0%BE%D0%BC.mp4;matched;1;exact_normalized_filename
didactic_002;Вертикальная тяга обратным хватом;вертикальная тяга обратным хватом;широчайшие;вертикальная тяга;Изоляция;Нет;;all;https://ac22cf36-390e-4f3a-b58f-98eb399f6f3b.selstorage.ru/exercises/%D0%B2%D0%B5%D1%80%D1%82%D0%B8%D0%BA%D0%B0%D0%BB%D1%8C%D0%BD%D0%B0%D1%8F-%D1%82%D1%8F%D0%B3%D0%B0-%D0%BE%D0%B1%D1%80%D0%B0%D1%82%D0%BD%D1%8B%D0%BC-%D1%85%D0%B2%D0%B0%D1%82%D0%BE%D0%BC.mp4;matched;1;exact_normalized_filename
didactic_003;Вертикальная тяга одной рукой;вертикальная тяга одной рукой;широчайшие;вертикальная тяга;Изоляция;Нет;;all;https://ac22cf36-390e-4f3a-b58f-98eb399f6f3b.selstorage.ru/exercises/%D0%B2%D0%B5%D1%80%D1%82%D0%B8%D0%BA%D0%B0%D0%BB%D1%8C%D0%BD%D0%B0%D1%8F-%D1%82%D1%8F%D0%B3%D0%B0-%D0%BE%D0%B4%D0%BD%D0%BE%D0%B9-%D1%80%D1%83%D0%BA%D0%BE%D0%B9.mp4;matched;1;exact_normalized_filename
didactic_004;Вертикальная тяга;вертикальная тяга;широчайшие;вертикальная тяга;Изоляция;Нет;;all;https://ac22cf36-390e-4f3a-b58f-98eb399f6f3b.selstorage.ru/exercises/%D0%B2%D0%B5%D1%80%D1%82%D0%B8%D0%BA%D0%B0%D0%BB%D1%8C%D0%BD%D0%B0%D1%8F-%D1%82%D1%8F%D0%B3%D0%B0.mp4;matched;1;exact_normalized_filename
didactic_005;Подтягивания обратным хватом;подтягивания обратным хватом;широчайшие;вертикальная тяга;База;Нет;;male;https://ac22cf36-390e-4f3a-b58f-98eb399f6f3b.selstorage.ru/exercises/%D0%BF%D0%BE%D0%B4%D1%82%D1%8F%D0%B3%D0%B8%D0%B2%D0%B0%D0%BD%D0%B8%D1%8F-%D0%BE%D0%B1%D1%80%D0%B0%D1%82%D0%BD%D1%8B%D0%BC-%D1%85%D0%B2%D0%B0%D1%82%D0%BE%D0%BC.mp4;matched;1;exact_normalized_filename
didactic_006;Подтягивания параллельным хватом;подтягивания параллельным хватом;широчайшие;вертикальная тяга;База;Нет;;male;https://ac22cf36-390e-4f3a-b58f-98eb399f6f3b.selstorage.ru/exercises/%D0%BF%D0%BE%D0%B4%D1%82%D1%8F%D0%B3%D0%B8%D0%B2%D0%B0%D0%BD%D0%B8%D1%8F-%D0%BF%D0%B0%D1%80%D0%B0%D0%BB%D0%BB%D0%B5%D0%BB%D1%8C%D0%BD%D1%8B%D0%BC-%D1%85%D0%B2%D0%B0%D1%82%D0%BE%D0%BC.mp4;matched;1;exact_normalized_filename
didactic_007;Подтягивания широким хватом;подтягивания широким хватом;широчайшие;вертикальная тяга;База;Нет;;male;https://ac22cf36-390e-4f3a-b58f-98eb399f6f3b.selstorage.ru/exercises/%D0%BF%D0%BE%D0%B4%D1%82%D1%8F%D0%B3%D0%B8%D0%B2%D0%B0%D0%BD%D0%B8%D1%8F-%D1%88%D0%B8%D1%80%D0%BE%D0%BA%D0%B8%D0%BC-%D1%85%D0%B2%D0%B0%D1%82%D0%BE%D0%BC.mp4;matched;1;exact_normalized_filename
didactic_008;Подтягивания в гравитроне обратным хватом;подтягивания в гравитроне обратным хватом;широчайшие;вертикальная тяга;База;Нет;;all;https://ac22cf36-390e-4f3a-b58f-98eb399f6f3b.selstorage.ru/exercises/%D0%BF%D0%BE%D0%B4%D1%82%D1%8F%D0%B3%D0%B8%D0%B2%D0%B0%D0%BD%D0%B8%D1%8F-%D0%B2-%D0%B3%D1%80%D0%B0%D0%B2%D0%B8%D1%82%D1%80%D0%BE%D0%BD%D0%B5-%D0%BE%D0%B1%D1%80%D0%B0%D1%82%D0%BD%D1%8B%D0%BC-%D1%85%D0%B2%D0%B0%D1%82%D0%BE%D0%BC.mp4;matched;1;exact_normalized_filename
didactic_009;Подтягивания в гравитроне параллельным хватом;подтягивания в гравитроне параллельным хватом;широчайшие;вертикальная тяга;База;Нет;;all;https://ac22cf36-390e-4f3a-b58f-98eb399f6f3b.selstorage.ru/exercises/%D0%BF%D0%BE%D0%B4%D1%82%D1%8F%D0%B3%D0%B8%D0%B2%D0%B0%D0%BD%D0%B8%D1%8F-%D0%B2-%D0%B3%D1%80%D0%B0%D0%B2%D0%B8%D1%82%D1%80%D0%BE%D0%BD%D0%B5-%D0%BF%D0%B0%D1%80%D0%B0%D0%BB%D0%BB%D0%B5%D0%BB%D1%8C%D0%BD%D1%8B%D0%BC-%D1%85%D0%B2%D0%B0%D1%82%D0%BE%D0%BC.mp4;matched;1;exact_normalized_filename
didactic_010;Подтягивания в гравитроне широким хватом;подтягивания в гравитроне широким хватом;широчайшие;вертикальная тяга;База;Нет;;all;https://ac22cf36-390e-4f3a-b58f-98eb399f6f3b.selstorage.ru/exercises/%D0%BF%D0%BE%D0%B4%D1%82%D1%8F%D0%B3%D0%B8%D0%B2%D0%B0%D0%BD%D0%B8%D1%8F-%D0%B2-%D0%B3%D1%80%D0%B0%D0%B2%D0%B8%D1%82%D1%80%D0%BE%D0%BD%D0%B5-%D1%88%D0%B8%D1%80%D0%BE%D0%BA%D0%B8%D0%BC-%D1%85%D0%B2%D0%B0%D1%82%D0%BE%D0%BC.mp4;matched;1;exact_normalized_filename
didactic_011;Пуловер с гантелей;пуловер с гантелей;широчайшие;вертикальная тяга;Изоляция;Нет;;all;https://ac22cf36-390e-4f3a-b58f-98eb399f6f3b.selstorage.ru/exercises/%D0%BF%D1%83%D0%BB%D0%BE%D0%B2%D0%B5%D1%80-%D1%81-%D0%B3%D0%B0%D0%BD%D1%82%D0%B5%D0%BB%D0%B5%D0%B9.mp4;matched;1;exact_normalized_filename
didactic_012;Пуловер со штангой;пуловер со штангой;широчайшие;вертикальная тяга;Изоляция;Нет;;all;https://ac22cf36-390e-4f3a-b58f-98eb399f6f3b.selstorage.ru/exercises/%D0%BF%D1%83%D0%BB%D0%BE%D0%B2%D0%B5%D1%80-%D1%81%D0%BE-%D1%88%D1%82%D0%B0%D0%BD%D0%B3%D0%BE%D0%B9.mp4;matched;1;exact_normalized_filename
didactic_013;Пуловер в кроссовере;пуловер в кроссовере;широчайшие;вертикальная тяга;Изоляция;Нет;;all;https://ac22cf36-390e-4f3a-b58f-98eb399f6f3b.selstorage.ru/exercises/%D0%BF%D1%83%D0%BB%D0%BE%D0%B2%D0%B5%D1%80-%D0%B2-%D0%BA%D1%80%D0%BE%D1%81%D1%81%D0%BE%D0%B2%D0%B5%D1%80%D0%B5.mp4;matched;1;exact_normalized_filename
didactic_014;Горизонтальная тяга;горизонтальная тяга;трапеция;горизонтальная тяга;Изоляция;Нет;;all;https://ac22cf36-390e-4f3a-b58f-98eb399f6f3b.selstorage.ru/exercises/%D0%B3%D0%BE%D1%80%D0%B8%D0%B7%D0%BE%D0%BD%D1%82%D0%B0%D0%BB%D1%8C%D0%BD%D0%B0%D1%8F-%D1%82%D1%8F%D0%B3%D0%B0.mp4;matched;1;exact_normalized_filename
didactic_015;Горизонтальная тяга широким хватом;горизонтальная тяга широким хватом;трапеция;горизонтальная тяга;Изоляция;Нет;;all;https://ac22cf36-390e-4f3a-b58f-98eb399f6f3b.selstorage.ru/exercises/%D0%B3%D0%BE%D1%80%D0%B8%D0%B7%D0%BE%D0%BD%D1%82%D0%B0%D0%BB%D1%8C%D0%BD%D0%B0%D1%8F-%D1%82%D1%8F%D0%B3%D0%B0-%D1%88%D0%B8%D1%80%D0%BE%D0%BA%D0%B8%D0%BC-%D1%85%D0%B2%D0%B0%D1%82%D0%BE%D0%BC.mp4;matched;1;exact_normalized_filename
didactic_016;Т-тяга со штангой;т тяга со штангой;трапеция;горизонтальная тяга;Изоляция;Беспокоит спина;back;all;https://ac22cf36-390e-4f3a-b58f-98eb399f6f3b.selstorage.ru/exercises/%D1%82-%D1%82%D1%8F%D0%B3%D0%B0-%D1%81%D0%BE-%D1%88%D1%82%D0%B0%D0%BD%D0%B3%D0%BE%D0%B9.mp4;matched;1;exact_normalized_filename
didactic_017;Т-тяга в тренажёре;т тяга в тренажере;трапеция;горизонтальная тяга;Изоляция;Нет;;all;https://ac22cf36-390e-4f3a-b58f-98eb399f6f3b.selstorage.ru/exercises/%D1%82-%D1%82%D1%8F%D0%B3%D0%B0-%D0%B2-%D1%82%D1%80%D0%B5%D0%BD%D0%B0%D0%B6%D0%B5%D1%80%D0%B5.mp4;matched;1;exact_normalized_filename
didactic_018;Гибридная тяга;гибридная тяга;трапеция / широчайшие;горизонтальная тяга;Изоляция;Нет;;all;https://ac22cf36-390e-4f3a-b58f-98eb399f6f3b.selstorage.ru/exercises/%D0%B3%D0%B8%D0%B1%D1%80%D0%B8%D0%B4%D0%BD%D0%B0%D1%8F-%D1%82%D1%8F%D0%B3%D0%B0.mp4;matched;1;exact_normalized_filename
didactic_019;Рычажная тяга;рычажная тяга;трапеция / широчайшие;горизонтальная тяга;Изоляция;Нет;;all;https://ac22cf36-390e-4f3a-b58f-98eb399f6f3b.selstorage.ru/exercises/%D1%80%D1%8B%D1%87%D0%B0%D0%B6%D0%BD%D0%B0%D1%8F-%D1%82%D1%8F%D0%B3%D0%B0.mp4;matched;1;exact_normalized_filename
didactic_020;Римские подтягивания;римские подтягивания;широчайшие;горизонтальная тяга;База;Нет;;male;https://ac22cf36-390e-4f3a-b58f-98eb399f6f3b.selstorage.ru/exercises/%D1%80%D0%B8%D0%BC%D1%81%D0%BA%D0%B8%D0%B5-%D0%BF%D0%BE%D0%B4%D1%82%D1%8F%D0%B3%D0%B8%D0%B2%D0%B0%D0%BD%D0%B8%D1%8F.mp4;matched;1;exact_normalized_filename
didactic_021;Тяга гирь к поясу;тяга гирь к поясу;широчайшие;горизонтальная тяга;Изоляция;Нет;;all;https://ac22cf36-390e-4f3a-b58f-98eb399f6f3b.selstorage.ru/exercises/%D1%82%D1%8F%D0%B3%D0%B0-%D0%B3%D0%B8%D1%80%D1%8C-%D0%BA-%D0%BF%D0%BE%D1%8F%D1%81%D1%83.mp4;matched;1;exact_normalized_filename
didactic_022;Тяга к поясу в кроссовере;тяга к поясу в кроссовере;широчайшие;горизонтальная тяга;Изоляция;Нет;;all;https://ac22cf36-390e-4f3a-b58f-98eb399f6f3b.selstorage.ru/exercises/%D1%82%D1%8F%D0%B3%D0%B0-%D0%BA-%D0%BF%D0%BE%D1%8F%D1%81%D1%83-%D0%B2-%D0%BA%D1%80%D0%BE%D1%81%D1%81%D0%BE%D0%B2%D0%B5%D1%80%D0%B5.mp4;matched;1;exact_normalized_filename
didactic_023;Тяга гантели к поясу;тяга гантели к поясу;широчайшие;горизонтальная тяга;Изоляция;Нет;;all;https://ac22cf36-390e-4f3a-b58f-98eb399f6f3b.selstorage.ru/exercises/%D1%82%D1%8F%D0%B3%D0%B0-%D0%B3%D0%B0%D0%BD%D1%82%D0%B5%D0%BB%D0%B8-%D0%BA-%D0%BF%D0%BE%D1%8F%D1%81%D1%83.mp4;matched;1;exact_normalized_filename
didactic_024;Тяга штанги к поясу;тяга штанги к поясу;широчайшие;горизонтальная тяга;База;Беспокоит спина;back;all;https://ac22cf36-390e-4f3a-b58f-98eb399f6f3b.selstorage.ru/exercises/%D1%82%D1%8F%D0%B3%D0%B0-%D1%88%D1%82%D0%B0%D0%BD%D0%B3%D0%B8-%D0%BA-%D0%BF%D0%BE%D1%8F%D1%81%D1%83.mp4;matched;1;exact_normalized_filename
didactic_025;Становая тяга сумо;становая тяга сумо;низ спины;разгибание таза;База;Беспокоит спина;back;all;https://ac22cf36-390e-4f3a-b58f-98eb399f6f3b.selstorage.ru/exercises/%D1%81%D1%82%D0%B0%D0%BD%D0%BE%D0%B2%D0%B0%D1%8F-%D1%82%D1%8F%D0%B3%D0%B0-%D1%81%D1%83%D0%BC%D0%BE.mp4;matched;1;exact_normalized_filename
didactic_026;Становая тяга;становая тяга;низ спины;разгибание таза;База;Беспокоит спина;back;all;https://ac22cf36-390e-4f3a-b58f-98eb399f6f3b.selstorage.ru/exercises/%D1%81%D1%82%D0%B0%D0%BD%D0%BE%D0%B2%D0%B0%D1%8F-%D1%82%D1%8F%D0%B3%D0%B0.mp4;matched;1;exact_normalized_filename
didactic_027;Румынская тяга;румынская тяга;низ спины;разгибание таза;База;Беспокоит спина;back;all;https://ac22cf36-390e-4f3a-b58f-98eb399f6f3b.selstorage.ru/exercises/%D1%80%D1%83%D0%BC%D1%8B%D0%BD%D1%81%D0%BA%D0%B0%D1%8F-%D1%82%D1%8F%D0%B3%D0%B0.mp4;matched;1;exact_normalized_filename
didactic_028;Тяга из ямы;тяга из ямы;низ спины;разгибание таза;Изоляция;Беспокоит спина;back;all;https://ac22cf36-390e-4f3a-b58f-98eb399f6f3b.selstorage.ru/exercises/%D1%82%D1%8F%D0%B3%D0%B0-%D0%B8%D0%B7-%D1%8F%D0%BC%D1%8B.mp4;matched;1;exact_normalized_filename
didactic_029;Тяга со стоек;тяга со стоек;низ спины;разгибание таза;Изоляция;Беспокоит спина;back;all;https://ac22cf36-390e-4f3a-b58f-98eb399f6f3b.selstorage.ru/exercises/%D1%82%D1%8F%D0%B3%D0%B0-%D1%81%D0%BE-%D1%81%D1%82%D0%BE%D0%B5%D0%BA.mp4;matched;1;exact_normalized_filename
didactic_030;Тяга до колена;тяга до колена;низ спины;разгибание таза;Изоляция;Беспокоит спина;back;all;https://ac22cf36-390e-4f3a-b58f-98eb399f6f3b.selstorage.ru/exercises/%D1%82%D1%8F%D0%B3%D0%B0-%D0%B4%D0%BE-%D0%BA%D0%BE%D0%BB%D0%B5%D0%BD%D0%B0.mp4;matched;1;exact_normalized_filename
didactic_031;Гиперэкстензия;гиперэкстензия;низ спины;разгибание позвоночника;Изоляция;Беспокоит спина;back;all;https://ac22cf36-390e-4f3a-b58f-98eb399f6f3b.selstorage.ru/exercises/%D0%B3%D0%B8%D0%BF%D0%B5%D1%80%D1%8D%D0%BA%D1%81%D1%82%D0%B5%D0%BD%D0%B7%D0%B8%D1%8F.mp4;matched;1;exact_normalized_filename
didactic_032;Вытяжка в гиперэкстензии;вытяжка в гиперэкстензии;ЛФК;сагиттальная плоскость;ЛФК;Нет;;all;https://ac22cf36-390e-4f3a-b58f-98eb399f6f3b.selstorage.ru/exercises/%D0%B2%D1%8B%D1%82%D1%8F%D0%B6%D0%BA%D0%B0-%D0%B2-%D0%B3%D0%B8%D0%BF%D0%B5%D1%80%D1%8D%D0%BA%D1%81%D1%82%D0%B5%D0%BD%D0%B7%D0%B8%D0%B8.mp4;matched;1;exact_normalized_filename
didactic_033;Горизонтальная вытяжка в кроссовере;горизонтальная вытяжка в кроссовере;ЛФК;сагиттальная плоскость;ЛФК;Нет;;all;https://ac22cf36-390e-4f3a-b58f-98eb399f6f3b.selstorage.ru/exercises/%D0%B3%D0%BE%D1%80%D0%B8%D0%B7%D0%BE%D0%BD%D1%82%D0%B0%D0%BB%D1%8C%D0%BD%D0%B0%D1%8F-%D0%B2%D1%8B%D1%82%D1%8F%D0%B6%D0%BA%D0%B0-%D0%B2-%D0%BA%D1%80%D0%BE%D1%81%D1%81%D0%BE%D0%B2%D0%B5%D1%80%D0%B5.mp4;matched;1;exact_normalized_filename
didactic_034;Латеральная или боковая вытяжка в кроссовере;латеральная или боковая вытяжка в кроссовере;ЛФК;фронтальная плоскость;ЛФК;Нет;;all;;manual_review;0.8;low_confidence_token_match
didactic_035;Сведение рук в кроссовере;сведение рук в кроссовере;Большие грудные;Растяжка;Изоляция;Нет;;all;https://ac22cf36-390e-4f3a-b58f-98eb399f6f3b.selstorage.ru/exercises/%D1%81%D0%B2%D0%B5%D0%B4%D0%B5%D0%BD%D0%B8%D0%B5-%D1%80%D1%83%D0%BA-%D0%B2-%D0%BA%D1%80%D0%BE%D1%81%D1%81%D0%BE%D0%B2%D0%B5%D1%80%D0%B5.mp4;matched;1;exact_normalized_filename
didactic_036;Жим в смитте;жим в смитте;Большие грудные;Жим;База;Беспокоят плечи;shoulders;all;https://ac22cf36-390e-4f3a-b58f-98eb399f6f3b.selstorage.ru/exercises/%D0%B6%D0%B8%D0%BC-%D0%B2-%D1%81%D0%BC%D0%B8%D1%82%D1%82%D0%B5.mp4;matched;1;exact_normalized_filename
didactic_037;Жим в хаммере на низ груди;жим в хаммере на низ груди;Большие грудные;Жим;База;Беспокоят плечи;shoulders;all;https://ac22cf36-390e-4f3a-b58f-98eb399f6f3b.selstorage.ru/exercises/%D0%B6%D0%B8%D0%BC-%D0%B2-%D1%85%D0%B0%D0%BC%D0%BC%D0%B5%D1%80%D0%B5-%D0%BD%D0%B0-%D0%BD%D0%B8%D0%B7-%D0%B3%D1%80%D1%83%D0%B4%D0%B8.mp4;matched;1;exact_normalized_filename
didactic_038;Изодинамический жим гантелей на 30* скамье;изодинамический жим гантелей на 30 скамье;Верх груди;Жим;Изоляция;Нет;;all;https://ac22cf36-390e-4f3a-b58f-98eb399f6f3b.selstorage.ru/exercises/%D0%B8%D0%B7%D0%BE%D0%B4%D0%B8%D0%BD%D0%B0%D0%BC%D0%B8%D1%87%D0%B5%D1%81%D0%BA%D0%B8%D0%B9-%D0%B6%D0%B8%D0%BC-%D0%B3%D0%B0%D0%BD%D1%82%D0%B5%D0%BB%D0%B5%D0%B9-%D0%BD%D0%B0-30-%D1%81%D0%BA%D0%B0%D0%BC%D1%8C%D0%B5.mp4;matched;1;exact_normalized_filename
didactic_039;Сведение рук в кроссовере на 30-градусной скамье;сведение рук в кроссовере на 30 градусной скамье;Верх груди;Растяжка;Изоляция;Нет;;all;https://ac22cf36-390e-4f3a-b58f-98eb399f6f3b.selstorage.ru/exercises/%D1%81%D0%B2%D0%B5%D0%B4%D0%B5%D0%BD%D0%B8%D0%B5-%D1%80%D1%83%D0%BA-%D0%B2-%D0%BA%D1%80%D0%BE%D1%81%D1%81%D0%BE%D0%B2%D0%B5%D1%80%D0%B5-%D0%BD%D0%B0-30-%D0%B3%D1%80%D0%B0%D0%B4%D1%83%D1%81%D0%BD%D0%BE%D0%B9-%D1%81%D0%BA%D0%B0%D0%BC%D1%8C%D0%B5.mp4;matched;1;exact_normalized_filename
didactic_040;Дуговая разводка;дуговая разводка;Большие грудные;Растяжка;Изоляция;Беспокоят плечи;shoulders;all;https://ac22cf36-390e-4f3a-b58f-98eb399f6f3b.selstorage.ru/exercises/%D0%B4%D1%83%D0%B3%D0%BE%D0%B2%D0%B0%D1%8F-%D1%80%D0%B0%D0%B7%D0%B2%D0%BE%D0%B4%D0%BA%D0%B0.mp4;matched;1;exact_normalized_filename
didactic_041;Сведение рук в кроссовере на горизонтальной скамье;сведение рук в кроссовере на горизонтальной скамье;Большие грудные;Жим;База;Нет;;all;https://ac22cf36-390e-4f3a-b58f-98eb399f6f3b.selstorage.ru/exercises/%D1%81%D0%B2%D0%B5%D0%B4%D0%B5%D0%BD%D0%B8%D0%B5-%D1%80%D1%83%D0%BA-%D0%B2-%D0%BA%D1%80%D0%BE%D1%81%D1%81%D0%BE%D0%B2%D0%B5%D1%80%D0%B5-%D0%BD%D0%B0-%D0%B3%D0%BE%D1%80%D0%B8%D0%B7%D0%BE%D0%BD%D1%82%D0%B0%D0%BB%D1%8C%D0%BD%D0%BE%D0%B9-%D1%81%D0%BA%D0%B0%D0%BC%D1%8C%D0%B5.mp4;matched;1;exact_normalized_filename
didactic_042;Классический жим от груди в тренажёре;классический жим от груди в тренажере;Большие грудные;Жим;Изоляция;Нет;;all;https://ac22cf36-390e-4f3a-b58f-98eb399f6f3b.selstorage.ru/exercises/%D0%BA%D0%BB%D0%B0%D1%81%D1%81%D0%B8%D1%87%D0%B5%D1%81%D0%BA%D0%B8%D0%B9-%D0%B6%D0%B8%D0%BC-%D0%BE%D1%82-%D0%B3%D1%80%D1%83%D0%B4%D0%B8-%D0%B2-%D1%82%D1%80%D0%B5%D0%BD%D0%B0%D0%B6%D0%B5%D1%80%D0%B5.mp4;matched;1;exact_normalized_filename
didactic_043;Жим Свенда в кроссовере;жим свенда в кроссовере;Большие грудные;Жим;Изоляция;Нет;;all;https://ac22cf36-390e-4f3a-b58f-98eb399f6f3b.selstorage.ru/exercises/%D0%B6%D0%B8%D0%BC-%D1%81%D0%B2%D0%B5%D0%BD%D0%B4%D0%B0-%D0%B2-%D0%BA%D1%80%D0%BE%D1%81%D1%81%D0%BE%D0%B2%D0%B5%D1%80%D0%B5.mp4;matched;1;exact_normalized_filename
didactic_044;Жим штанги под углом;жим штанги под углом;Верх груди;Жим;База;Беспокоят плечи;shoulders;all;https://ac22cf36-390e-4f3a-b58f-98eb399f6f3b.selstorage.ru/exercises/%D0%B6%D0%B8%D0%BC-%D1%88%D1%82%D0%B0%D0%BD%D0%B3%D0%B8-%D0%BF%D0%BE%D0%B4-%D1%83%D0%B3%D0%BB%D0%BE%D0%BC.mp4;matched;1;exact_normalized_filename
didactic_045;Жим гантелей лёжа;жим гантелей лежа;Большие грудные;Жим;База;Нет;;all;https://ac22cf36-390e-4f3a-b58f-98eb399f6f3b.selstorage.ru/exercises/%D0%B6%D0%B8%D0%BC-%D0%B3%D0%B0%D0%BD%D1%82%D0%B5%D0%BB%D0%B5%D0%B9-%D0%BB%D0%B5%D0%B6%D0%B0.mp4;matched;1;exact_normalized_filename
didactic_046;Жим гантелей на 30* скамье;жим гантелей на 30 скамье;Верх груди;Жим;База;Нет;;all;https://ac22cf36-390e-4f3a-b58f-98eb399f6f3b.selstorage.ru/exercises/%D0%B6%D0%B8%D0%BC-%D0%B3%D0%B0%D0%BD%D1%82%D0%B5%D0%BB%D0%B5%D0%B9-%D0%BD%D0%B0-30-%D1%81%D0%BA%D0%B0%D0%BC%D1%8C%D0%B5.mp4;matched;1;exact_normalized_filename
didactic_047;Гильотина;гильотина;Верх груди;Растяжка;Изоляция;Нет;;all;https://ac22cf36-390e-4f3a-b58f-98eb399f6f3b.selstorage.ru/exercises/%D0%B3%D0%B8%D0%BB%D1%8C%D0%BE%D1%82%D0%B8%D0%BD%D0%B0.mp4;matched;1;exact_normalized_filename
didactic_048;Бабочка на большие грудные мышцы;бабочка на большие грудные мышцы;Большие грудные;Растяжка;Изоляция;Нет;;all;https://ac22cf36-390e-4f3a-b58f-98eb399f6f3b.selstorage.ru/exercises/%D0%B1%D0%B0%D0%B1%D0%BE%D1%87%D0%BA%D0%B0-%D0%BD%D0%B0-%D0%B1%D0%BE%D0%BB%D1%8C%D1%88%D0%B8%D0%B5-%D0%B3%D1%80%D1%83%D0%B4%D0%BD%D1%8B%D0%B5-%D0%BC%D1%8B%D1%88%D1%86%D1%8B.mp4;matched;1;exact_normalized_filename
didactic_049;Раводка под 15*;раводка под 15;Верх груди;Растяжка;Изоляция;Нет;;all;https://ac22cf36-390e-4f3a-b58f-98eb399f6f3b.selstorage.ru/exercises/%D1%80%D0%B0%D0%B2%D0%BE%D0%B4%D0%BA%D0%B0-%D0%BF%D0%BE%D0%B4-15.mp4;matched;1;exact_normalized_filename
didactic_050;Отжимания в тренажёре смитта;отжимания в тренажере смитта;Большие грудные;Жим;База;Беспокоят плечи;shoulders;all;https://ac22cf36-390e-4f3a-b58f-98eb399f6f3b.selstorage.ru/exercises/%D0%BE%D1%82%D0%B6%D0%B8%D0%BC%D0%B0%D0%BD%D0%B8%D1%8F-%D0%B2-%D1%82%D1%80%D0%B5%D0%BD%D0%B0%D0%B6%D0%B5%D1%80%D0%B5-%D1%81%D0%BC%D0%B8%D1%82%D1%82%D0%B0.mp4;matched;1;exact_normalized_filename
didactic_051;Суперсет на верх груди в смитте;суперсет на верх груди в смитте;Верх груди;Жим;Изоляция;Нет;;all;https://ac22cf36-390e-4f3a-b58f-98eb399f6f3b.selstorage.ru/exercises/%D1%81%D1%83%D0%BF%D0%B5%D1%80%D1%81%D0%B5%D1%82-%D0%BD%D0%B0-%D0%B2%D0%B5%D1%80%D1%85-%D0%B3%D1%80%D1%83%D0%B4%D0%B8-%D0%B2-%D1%81%D0%BC%D0%B8%D1%82%D1%82%D0%B5.mp4;matched;1;exact_normalized_filename
didactic_052;Жим штанги лёжа;жим штанги лежа;Большие грудные;Жим;База;Беспокоят плечи;shoulders;male;https://ac22cf36-390e-4f3a-b58f-98eb399f6f3b.selstorage.ru/exercises/%D0%B6%D0%B8%D0%BC-%D1%88%D1%82%D0%B0%D0%BD%D0%B3%D0%B8-%D0%BB%D0%B5%D0%B6%D0%B0.mp4;matched;1;exact_normalized_filename
didactic_053;Жим с паузой;жим с паузой;Большие грудные;Жим;База;Беспокоят плечи;shoulders;male;https://ac22cf36-390e-4f3a-b58f-98eb399f6f3b.selstorage.ru/exercises/%D0%B6%D0%B8%D0%BC-%D1%81-%D0%BF%D0%B0%D1%83%D0%B7%D0%BE%D0%B9.mp4;matched;1;exact_normalized_filename
didactic_054;Классические отжимания;классические отжимания;Большие грудные;Жим;База;Нет;;all;https://ac22cf36-390e-4f3a-b58f-98eb399f6f3b.selstorage.ru/exercises/%D0%BA%D0%BB%D0%B0%D1%81%D1%81%D0%B8%D1%87%D0%B5%D1%81%D0%BA%D0%B8%D0%B5-%D0%BE%D1%82%D0%B6%D0%B8%D0%BC%D0%B0%D0%BD%D0%B8%D1%8F.mp4;matched;1;exact_normalized_filename
didactic_055;Бабочка на заднюю дельту в кроссовере;бабочка на заднюю дельту в кроссовере;задняя дельта;Горизонтальное отведение;Изоляция;Нет;;all;https://ac22cf36-390e-4f3a-b58f-98eb399f6f3b.selstorage.ru/exercises/%D0%B1%D0%B0%D0%B1%D0%BE%D1%87%D0%BA%D0%B0-%D0%BD%D0%B0-%D0%B7%D0%B0%D0%B4%D0%BD%D1%8E%D1%8E-%D0%B4%D0%B5%D0%BB%D1%8C%D1%82%D1%83-%D0%B2-%D0%BA%D1%80%D0%BE%D1%81%D1%81%D0%BE%D0%B2%D0%B5%D1%80%D0%B5.mp4;matched;1;exact_normalized_filename
didactic_056;Армейский жим;армейский жим;передняя дельта;Вертикальный жим;База;Беспокоят плечи;shoulders;all;https://ac22cf36-390e-4f3a-b58f-98eb399f6f3b.selstorage.ru/exercises/%D0%B0%D1%80%D0%BC%D0%B5%D0%B9%D1%81%D0%BA%D0%B8%D0%B9-%D0%B6%D0%B8%D0%BC.mp4;matched;1;exact_normalized_filename
didactic_057;Тяга к подбородку в кроссовере;тяга к подбородку в кроссовере;средняя дельта;Отведение плеча;База;Нет;;all;https://ac22cf36-390e-4f3a-b58f-98eb399f6f3b.selstorage.ru/exercises/%D1%82%D1%8F%D0%B3%D0%B0-%D0%BA-%D0%BF%D0%BE%D0%B4%D0%B1%D0%BE%D1%80%D0%BE%D0%B4%D0%BA%D1%83-%D0%B2-%D0%BA%D1%80%D0%BE%D1%81%D1%81%D0%BE%D0%B2%D0%B5%D1%80%D0%B5.mp4;matched;1;exact_normalized_filename
didactic_058;Тяга Ли Хэйни;тяга ли хэйни;задняя дельта;Разгибание плеча;База;Нет;;all;https://ac22cf36-390e-4f3a-b58f-98eb399f6f3b.selstorage.ru/exercises/%D1%82%D1%8F%D0%B3%D0%B0-%D0%BB%D0%B8-%D1%85%D1%8D%D0%B9%D0%BD%D0%B8.mp4;matched;1;exact_normalized_filename
didactic_059;"Махи на плечи в кроссовере, тросс сзади";махи на плечи в кроссовере тросс сзади;средняя дельта;Отведение плеча;Изоляция;Нет;;all;https://ac22cf36-390e-4f3a-b58f-98eb399f6f3b.selstorage.ru/exercises/%D0%BC%D0%B0%D1%85%D0%B8-%D0%BD%D0%B0-%D0%BF%D0%BB%D0%B5%D1%87%D0%B8-%D0%B2-%D0%BA%D1%80%D0%BE%D1%81%D1%81%D0%BE%D0%B2%D0%B5%D1%80%D0%B5-%D1%82%D1%80%D0%BE%D1%81%D1%81-%D1%81%D0%B7%D0%B0%D0%B4%D0%B8.mp4;matched;1;exact_normalized_filename
didactic_060;Жим на плечи под 60* в смитте;жим на плечи под 60 в смитте;передняя дельта;Вертикальный жим;База;Беспокоят плечи;shoulders;all;https://ac22cf36-390e-4f3a-b58f-98eb399f6f3b.selstorage.ru/exercises/%D0%B6%D0%B8%D0%BC-%D0%BD%D0%B0-%D0%BF%D0%BB%D0%B5%D1%87%D0%B8-%D0%BF%D0%BE%D0%B4-60-%D0%B2-%D1%81%D0%BC%D0%B8%D1%82%D1%82%D0%B5.mp4;matched;1;exact_normalized_filename
didactic_061;Махи на скамье под 45*;махи на скамье под 45;задняя дельта;отведение плеча;Изоляция;Нет;;all;https://ac22cf36-390e-4f3a-b58f-98eb399f6f3b.selstorage.ru/exercises/%D0%BC%D0%B0%D1%85%D0%B8-%D0%BD%D0%B0-%D1%81%D0%BA%D0%B0%D0%BC%D1%8C%D0%B5-%D0%BF%D0%BE%D0%B4-45.mp4;matched;1;exact_normalized_filename
didactic_062;Жим Арнольда;жим арнольда;передняя дельта;Вертикальный жим;База;Беспокоят плечи;shoulders;all;;missing_video;0.5;best_below_threshold: exercises/армейский-жим.mp4
didactic_063;Жим гантелей сидя;жим гантелей сидя;передняя дельта;Вертикальный жим;База;Беспокоят плечи;shoulders;all;https://ac22cf36-390e-4f3a-b58f-98eb399f6f3b.selstorage.ru/exercises/%D0%B6%D0%B8%D0%BC-%D0%B3%D0%B0%D0%BD%D1%82%D0%B5%D0%BB%D0%B5%D0%B9-%D1%81%D0%B8%D0%B4%D1%8F.mp4;matched;1;exact_normalized_filename
didactic_064;Изодинамические махи гантелями сидя;изодинамические махи гантелями сидя;средняя дельта;Отведение плеча;Изоляция;Нет;;all;https://ac22cf36-390e-4f3a-b58f-98eb399f6f3b.selstorage.ru/exercises/%D0%B8%D0%B7%D0%BE%D0%B4%D0%B8%D0%BD%D0%B0%D0%BC%D0%B8%D1%87%D0%B5%D1%81%D0%BA%D0%B8%D0%B5-%D0%BC%D0%B0%D1%85%D0%B8-%D0%B3%D0%B0%D0%BD%D1%82%D0%B5%D0%BB%D1%8F%D0%BC%D0%B8-%D1%81%D0%B8%D0%B4%D1%8F.mp4;matched;1;exact_normalized_filename
didactic_065;Тяга штанги к подбородку;тяга штанги к подбородку;средняя дельта;Тяга к подбородку;База;Беспокоит спина;back;all;https://ac22cf36-390e-4f3a-b58f-98eb399f6f3b.selstorage.ru/exercises/%D1%82%D1%8F%D0%B3%D0%B0-%D1%88%D1%82%D0%B0%D0%BD%D0%B3%D0%B8-%D0%BA-%D0%BF%D0%BE%D0%B4%D0%B1%D0%BE%D1%80%D0%BE%D0%B4%D0%BA%D1%83.mp4;matched;1;exact_normalized_filename
didactic_066;Фронтальные махи со штангой стоя;фронтальные махи со штангой стоя;передняя дельта;Подъём плеча перед собой;Изоляция;Беспокоит спина;back;all;https://ac22cf36-390e-4f3a-b58f-98eb399f6f3b.selstorage.ru/exercises/%D1%84%D1%80%D0%BE%D0%BD%D1%82%D0%B0%D0%BB%D1%8C%D0%BD%D1%8B%D0%B5-%D0%BC%D0%B0%D1%85%D0%B8-%D1%81%D0%BE-%D1%88%D1%82%D0%B0%D0%BD%D0%B3%D0%BE%D0%B9-%D1%81%D1%82%D0%BE%D1%8F.mp4;matched;1;exact_normalized_filename
didactic_067;"Тяга ""Арбалет"" на заднюю дельту";тяга арбалет на заднюю дельту;задняя дельта;Горизонтальное отведение;Изоляция;Нет;;all;https://ac22cf36-390e-4f3a-b58f-98eb399f6f3b.selstorage.ru/exercises/%D1%82%D1%8F%D0%B3%D0%B0-%D0%B0%D1%80%D0%B1%D0%B0%D0%BB%D0%B5%D1%82-%D0%BD%D0%B0-%D0%B7%D0%B0%D0%B4%D0%BD%D1%8E%D1%8E-%D0%B4%D0%B5%D0%BB%D1%8C%D1%82%D1%83.mp4;matched;1;exact_normalized_filename
didactic_068;Задняя дельта в кроссовере стоя;задняя дельта в кроссовере стоя;задняя дельта;Горизонтальное отведение;Изоляция;Нет;;all;https://ac22cf36-390e-4f3a-b58f-98eb399f6f3b.selstorage.ru/exercises/%D0%B7%D0%B0%D0%B4%D0%BD%D1%8F%D1%8F-%D0%B4%D0%B5%D0%BB%D1%8C%D1%82%D0%B0-%D0%B2-%D0%BA%D1%80%D0%BE%D1%81%D1%81%D0%BE%D0%B2%D0%B5%D1%80%D0%B5-%D1%81%D1%82%D0%BE%D1%8F.mp4;matched;1;exact_normalized_filename
didactic_069;Изодинамические махи гантелями;изодинамические махи гантелями;средняя дельта;Отведение плеча;Изоляция;Нет;;all;https://ac22cf36-390e-4f3a-b58f-98eb399f6f3b.selstorage.ru/exercises/%D0%B8%D0%B7%D0%BE%D0%B4%D0%B8%D0%BD%D0%B0%D0%BC%D0%B8%D1%87%D0%B5%D1%81%D0%BA%D0%B8%D0%B5-%D0%BC%D0%B0%D1%85%D0%B8-%D0%B3%D0%B0%D0%BD%D1%82%D0%B5%D0%BB%D1%8F%D0%BC%D0%B8.mp4;matched;1;exact_normalized_filename
didactic_070;Дуговые махи гантелями;дуговые махи гантелями;средняя дельта;Отведение плеча;Изоляция;Нет;;all;https://ac22cf36-390e-4f3a-b58f-98eb399f6f3b.selstorage.ru/exercises/%D0%B4%D1%83%D0%B3%D0%BE%D0%B2%D1%8B%D0%B5-%D0%BC%D0%B0%D1%85%D0%B8-%D0%B3%D0%B0%D0%BD%D1%82%D0%B5%D0%BB%D1%8F%D0%BC%D0%B8.mp4;matched;1;exact_normalized_filename
didactic_071;Махи на заднюю дельту на 30* скамье;махи на заднюю дельту на 30 скамье;задняя дельта;Горизонтальное отведение;Изоляция;Нет;;all;https://ac22cf36-390e-4f3a-b58f-98eb399f6f3b.selstorage.ru/exercises/%D0%BC%D0%B0%D1%85%D0%B8-%D0%BD%D0%B0-%D0%B7%D0%B0%D0%B4%D0%BD%D1%8E%D1%8E-%D0%B4%D0%B5%D0%BB%D1%8C%D1%82%D1%83-%D0%BD%D0%B0-30-%D1%81%D0%BA%D0%B0%D0%BC%D1%8C%D0%B5.mp4;matched;1;exact_normalized_filename
didactic_072;Махи дерижер на заднюю дельту;махи дерижер на заднюю дельту;задняя дельта;Горизонтальное отведение;Изоляция;Нет;;all;https://ac22cf36-390e-4f3a-b58f-98eb399f6f3b.selstorage.ru/exercises/%D0%BC%D0%B0%D1%85%D0%B8-%D0%B4%D0%B5%D1%80%D0%B8%D0%B6%D0%B5%D1%80-%D0%BD%D0%B0-%D0%B7%D0%B0%D0%B4%D0%BD%D1%8E%D1%8E-%D0%B4%D0%B5%D0%BB%D1%8C%D1%82%D1%83.mp4;matched;1;exact_normalized_filename
didactic_073;Дуговые махи гантелями стоя;дуговые махи гантелями стоя;средняя дельта;Отведение плеча;Изоляция;Нет;;all;https://ac22cf36-390e-4f3a-b58f-98eb399f6f3b.selstorage.ru/exercises/%D0%B4%D1%83%D0%B3%D0%BE%D0%B2%D1%8B%D0%B5-%D0%BC%D0%B0%D1%85%D0%B8-%D0%B3%D0%B0%D0%BD%D1%82%D0%B5%D0%BB%D1%8F%D0%BC%D0%B8-%D1%81%D1%82%D0%BE%D1%8F.mp4;matched;1;exact_normalized_filename
didactic_074;Махи гантелями стоя;махи гантелями стоя;средняя дельта;Отведение плеча;Изоляция;Нет;;all;https://ac22cf36-390e-4f3a-b58f-98eb399f6f3b.selstorage.ru/exercises/%D0%BC%D0%B0%D1%85%D0%B8-%D0%B3%D0%B0%D0%BD%D1%82%D0%B5%D0%BB%D1%8F%D0%BC%D0%B8-%D1%81%D1%82%D0%BE%D1%8F.mp4;matched;1;exact_normalized_filename
didactic_075;Фронтальные махи с гантелями;фронтальные махи с гантелями;передняя дельта;Подъём плеча перед собой;Изоляция;Беспокоит спина;back;all;https://ac22cf36-390e-4f3a-b58f-98eb399f6f3b.selstorage.ru/exercises/%D1%84%D1%80%D0%BE%D0%BD%D1%82%D0%B0%D0%BB%D1%8C%D0%BD%D1%8B%D0%B5-%D0%BC%D0%B0%D1%85%D0%B8-%D1%81-%D0%B3%D0%B0%D0%BD%D1%82%D0%B5%D0%BB%D1%8F%D0%BC%D0%B8.mp4;matched;1;exact_normalized_filename
didactic_076;Антиротационные выпады с эспандером;антиротационные выпады с эспандером;ягодицы;выпад / антиротация;Изоляция;Нет;;all;https://ac22cf36-390e-4f3a-b58f-98eb399f6f3b.selstorage.ru/exercises/%D0%B0%D0%BD%D1%82%D0%B8%D1%80%D0%BE%D1%82%D0%B0%D1%86%D0%B8%D0%BE%D0%BD%D0%BD%D1%8B%D0%B5-%D0%B2%D1%8B%D0%BF%D0%B0%D0%B4%D1%8B-%D1%81-%D1%8D%D1%81%D0%BF%D0%B0%D0%BD%D0%B4%D0%B5%D1%80%D0%BE%D0%BC.mp4;matched;1;exact_normalized_filename
didactic_077;Выпады с гантелями;выпады с гантелями;ягодицы;выпад;База;Нет;;all;https://ac22cf36-390e-4f3a-b58f-98eb399f6f3b.selstorage.ru/exercises/%D0%B2%D1%8B%D0%BF%D0%B0%D0%B4%D1%8B-%D1%81-%D0%B3%D0%B0%D0%BD%D1%82%D0%B5%D0%BB%D1%8F%D0%BC%D0%B8.mp4;matched;1;exact_normalized_filename
didactic_078;Ягодичный мост в смитте;ягодичный мост в смитте;ягодицы;разгибание таза;Изоляция;Нет;;all;https://ac22cf36-390e-4f3a-b58f-98eb399f6f3b.selstorage.ru/exercises/%D1%8F%D0%B3%D0%BE%D0%B4%D0%B8%D1%87%D0%BD%D1%8B%D0%B9-%D0%BC%D0%BE%D1%81%D1%82-%D0%B2-%D1%81%D0%BC%D0%B8%D1%82%D1%82%D0%B5.mp4;matched;1;exact_normalized_filename
didactic_079;Зашагивания на тумбу;зашагивания на тумбу;ягодицы;зашагивание;Изоляция;Нет;;all;https://ac22cf36-390e-4f3a-b58f-98eb399f6f3b.selstorage.ru/exercises/%D0%B7%D0%B0%D1%88%D0%B0%D0%B3%D0%B8%D0%B2%D0%B0%D0%BD%D0%B8%D1%8F-%D0%BD%D0%B0-%D1%82%D1%83%D0%BC%D0%B1%D1%83.mp4;matched;1;exact_normalized_filename
didactic_080;Выпады в кроссовере;выпады в кроссовере;ягодицы;выпад;База;Нет;;all;https://ac22cf36-390e-4f3a-b58f-98eb399f6f3b.selstorage.ru/exercises/%D0%B2%D1%8B%D0%BF%D0%B0%D0%B4%D1%8B-%D0%B2-%D0%BA%D1%80%D0%BE%D1%81%D1%81%D0%BE%D0%B2%D0%B5%D1%80%D0%B5.mp4;matched;1;exact_normalized_filename
didactic_081;Си-си присед с собственным весом;си си присед с собственным весом;квадрицепс;приседание;Изоляция;Беспокоят колени;knees;all;https://ac22cf36-390e-4f3a-b58f-98eb399f6f3b.selstorage.ru/exercises/%D1%81%D0%B8-%D1%81%D0%B8-%D0%BF%D1%80%D0%B8%D1%81%D0%B5%D0%B4-%D1%81-%D1%81%D0%BE%D0%B1%D1%81%D1%82%D0%B2%D0%B5%D0%BD%D0%BD%D1%8B%D0%BC-%D0%B2%D0%B5%D1%81%D0%BE%D0%BC.mp4;matched;1;exact_normalized_filename
didactic_082;Сгибание ног сидя;сгибание ног сидя;бицепс бедра;сгибание колена;Изоляция;Нет;;all;https://ac22cf36-390e-4f3a-b58f-98eb399f6f3b.selstorage.ru/exercises/%D1%81%D0%B3%D0%B8%D0%B1%D0%B0%D0%BD%D0%B8%D0%B5-%D0%BD%D0%BE%D0%B3-%D1%81%D0%B8%D0%B4%D1%8F.mp4;matched;1;exact_normalized_filename
didactic_083;Си-си присед на бицепс бедра в смите;си си присед на бицепс бедра в смите;бицепс бедра;сгибание колена;Изоляция;Беспокоят колени;knees;all;https://ac22cf36-390e-4f3a-b58f-98eb399f6f3b.selstorage.ru/exercises/%D1%81%D0%B8-%D1%81%D0%B8-%D0%BF%D1%80%D0%B8%D1%81%D0%B5%D0%B4-%D0%BD%D0%B0-%D0%B1%D0%B8%D1%86%D0%B5%D0%BF%D1%81-%D0%B1%D0%B5%D0%B4%D1%80%D0%B0-%D0%B2-%D1%81%D0%BC%D0%B8%D1%82%D0%B5.mp4;matched;1;exact_normalized_filename
didactic_084;Жим платформы на ягодицы;жим платформы на ягодицы;ягодицы;жим ногами;Изоляция;Нет;;all;https://ac22cf36-390e-4f3a-b58f-98eb399f6f3b.selstorage.ru/exercises/%D0%B6%D0%B8%D0%BC-%D0%BF%D0%BB%D0%B0%D1%82%D1%84%D0%BE%D1%80%D0%BC%D1%8B-%D0%BD%D0%B0-%D1%8F%D0%B3%D0%BE%D0%B4%D0%B8%D1%86%D1%8B.mp4;matched;1;exact_normalized_filename
didactic_085;Жим ногами на бицепс бедра;жим ногами на бицепс бедра;бицепс бедра;жим ногами;Изоляция;Нет;;all;https://ac22cf36-390e-4f3a-b58f-98eb399f6f3b.selstorage.ru/exercises/%D0%B6%D0%B8%D0%BC-%D0%BD%D0%BE%D0%B3%D0%B0%D0%BC%D0%B8-%D0%BD%D0%B0-%D0%B1%D0%B8%D1%86%D0%B5%D0%BF%D1%81-%D0%B1%D0%B5%D0%B4%D1%80%D0%B0.mp4;matched;1;exact_normalized_filename
didactic_086;Жим платформы по 1 ноге;жим платформы по 1 ноге;квадрицепс;жим ногами;Изоляция;Нет;;all;https://ac22cf36-390e-4f3a-b58f-98eb399f6f3b.selstorage.ru/exercises/%D0%B6%D0%B8%D0%BC-%D0%BF%D0%BB%D0%B0%D1%82%D1%84%D0%BE%D1%80%D0%BC%D1%8B-%D0%BF%D0%BE-1-%D0%BD%D0%BE%D0%B3%D0%B5.mp4;matched;1;exact_normalized_filename
didactic_087;Приседания в смите;приседания в смите;квадрицепс;приседание;База;Нет;;all;https://ac22cf36-390e-4f3a-b58f-98eb399f6f3b.selstorage.ru/exercises/%D0%BF%D1%80%D0%B8%D1%81%D0%B5%D0%B4%D0%B0%D0%BD%D0%B8%D1%8F-%D0%B2-%D1%81%D0%BC%D0%B8%D1%82%D0%B5.mp4;matched;1;exact_normalized_filename
didactic_088;Жим ногами;жим ногами;квадрицепс;жим ногами;Изоляция;Нет;;all;https://ac22cf36-390e-4f3a-b58f-98eb399f6f3b.selstorage.ru/exercises/%D0%B6%D0%B8%D0%BC-%D0%BD%D0%BE%D0%B3%D0%B0%D0%BC%D0%B8.mp4;matched;1;exact_normalized_filename
didactic_089;Выпады в смитте;выпады в смитте;ягодицы;выпад;База;Нет;;all;https://ac22cf36-390e-4f3a-b58f-98eb399f6f3b.selstorage.ru/exercises/%D0%B2%D1%8B%D0%BF%D0%B0%D0%B4%D1%8B-%D0%B2-%D1%81%D0%BC%D0%B8%D1%82%D1%82%D0%B5.mp4;matched;1;exact_normalized_filename
didactic_090;Си-си приседания на переднюю поверхность бедра;си си приседания на переднюю поверхность бедра;квадрицепс;приседание;Изоляция;Беспокоят колени;knees;all;https://ac22cf36-390e-4f3a-b58f-98eb399f6f3b.selstorage.ru/exercises/%D1%81%D0%B8-%D1%81%D0%B8-%D0%BF%D1%80%D0%B8%D1%81%D0%B5%D0%B4%D0%B0%D0%BD%D0%B8%D1%8F-%D0%BD%D0%B0-%D0%BF%D0%B5%D1%80%D0%B5%D0%B4%D0%BD%D1%8E%D1%8E-%D0%BF%D0%BE%D0%B2%D0%B5%D1%80%D1%85%D0%BD%D0%BE%D1%81%D1%82%D1%8C-%D0%B1%D0%B5%D0%B4%D1%80%D0%B0.mp4;matched;1;exact_normalized_filename
didactic_091;Выпады со штангой на ягодицы;выпады со штангой на ягодицы;ягодицы;выпад;База;Нет;;all;https://ac22cf36-390e-4f3a-b58f-98eb399f6f3b.selstorage.ru/exercises/%D0%B2%D1%8B%D0%BF%D0%B0%D0%B4%D1%8B-%D1%81%D0%BE-%D1%88%D1%82%D0%B0%D0%BD%D0%B3%D0%BE%D0%B9-%D0%BD%D0%B0-%D1%8F%D0%B3%D0%BE%D0%B4%D0%B8%D1%86%D1%8B.mp4;matched;1;exact_normalized_filename
didactic_092;Жим ногами с параллельной постановкой ног;жим ногами с параллельной постановкой ног;квадрицепс;жим ногами;Изоляция;Нет;;all;;manual_review;0.8;low_confidence_token_match
didactic_093;Сгибание лежа по 1 ноге;сгибание лежа по 1 ноге;бицепс бедра;сгибание колена;Изоляция;Нет;;all;https://ac22cf36-390e-4f3a-b58f-98eb399f6f3b.selstorage.ru/exercises/%D1%81%D0%B3%D0%B8%D0%B1%D0%B0%D0%BD%D0%B8%D0%B5-%D0%BB%D0%B5%D0%B6%D0%B0-%D0%BF%D0%BE-1-%D0%BD%D0%BE%D0%B3%D0%B5.mp4;matched;1;exact_normalized_filename
didactic_094;Жим ногами с широкой постановкой ног;жим ногами с широкой постановкой ног;квадрицепс;жим ногами;Изоляция;Нет;;all;;duplicate_conflict;1;same_file_matched_multiple_exercises: Жим ногами с параллельной постановкой ног | Жим ногами с широкой постановкой ног
didactic_095;Латеральные или боковые зашагивания;латеральные или боковые зашагивания;ягодицы;латеральное зашагивание;Изоляция;Беспокоят колени;knees;all;https://ac22cf36-390e-4f3a-b58f-98eb399f6f3b.selstorage.ru/exercises/%D0%BB%D0%B0%D1%82%D0%B5%D1%80%D0%B0%D0%BB%D1%8C%D0%BD%D1%8B%D0%B5-%D0%B8%D0%BB%D0%B8-%D0%B1%D0%BE%D0%BA%D0%BE%D0%B2%D1%8B%D0%B5-%D0%B7%D0%B0%D1%88%D0%B0%D0%B3%D0%B8%D0%B2%D0%B0%D0%BD%D0%B8%D1%8F.mp4;matched;1;exact_normalized_filename
didactic_096;Сгибание ног лёжа;сгибание ног лежа;бицепс бедра;сгибание колена;Изоляция;Нет;;all;https://ac22cf36-390e-4f3a-b58f-98eb399f6f3b.selstorage.ru/exercises/%D1%81%D0%B3%D0%B8%D0%B1%D0%B0%D0%BD%D0%B8%D0%B5-%D0%BD%D0%BE%D0%B3-%D0%BB%D0%B5%D0%B6%D0%B0.mp4;matched;1;exact_normalized_filename
didactic_097;Фронтальные приседания;фронтальные приседания;квадрицепс;приседание;База;Нет;;all;https://ac22cf36-390e-4f3a-b58f-98eb399f6f3b.selstorage.ru/exercises/%D1%84%D1%80%D0%BE%D0%BD%D1%82%D0%B0%D0%BB%D1%8C%D0%BD%D1%8B%D0%B5-%D0%BF%D1%80%D0%B8%D1%81%D0%B5%D0%B4%D0%B0%D0%BD%D0%B8%D1%8F.mp4;matched;1;exact_normalized_filename
didactic_098;Плеометрический ГАК;плеометрический гак;квадрицепс;плиометрическое приседание;База;Беспокоят колени;knees;all;https://ac22cf36-390e-4f3a-b58f-98eb399f6f3b.selstorage.ru/exercises/%D0%BF%D0%BB%D0%B5%D0%BE%D0%BC%D0%B5%D1%82%D1%80%D0%B8%D1%87%D0%B5%D1%81%D0%BA%D0%B8%D0%B9-%D0%B3%D0%B0%D0%BA.mp4;matched;1;exact_normalized_filename
didactic_099;Гак присед;гак присед;квадрицепс;приседание;База;Беспокоят колени;knees;all;;duplicate_conflict;1;same_file_matched_multiple_exercises: Гак присед | Обратный Гак присед
didactic_100;Обратный Гак присед;обратный гак присед;квадрицепс;приседание;База;Беспокоят колени;knees;all;;manual_review;0.667;low_confidence_token_match
didactic_101;Выпрыгивания с места;выпрыгивания с места;квадрицепс;плиометрическое приседание;База;Беспокоят колени;knees;all;https://ac22cf36-390e-4f3a-b58f-98eb399f6f3b.selstorage.ru/exercises/%D0%B2%D1%8B%D0%BF%D1%80%D1%8B%D0%B3%D0%B8%D0%B2%D0%B0%D0%BD%D0%B8%D1%8F-%D1%81-%D0%BC%D0%B5%D1%81%D1%82%D0%B0.mp4;matched;1;exact_normalized_filename
didactic_102;Горизонтальный жим ногами;горизонтальный жим ногами;квадрицепс;жим ногами;База;Нет;;all;https://ac22cf36-390e-4f3a-b58f-98eb399f6f3b.selstorage.ru/exercises/%D0%B3%D0%BE%D1%80%D0%B8%D0%B7%D0%BE%D0%BD%D1%82%D0%B0%D0%BB%D1%8C%D0%BD%D1%8B%D0%B9-%D0%B6%D0%B8%D0%BC-%D0%BD%D0%BE%D0%B3%D0%B0%D0%BC%D0%B8.mp4;matched;1;exact_normalized_filename
didactic_103;Сведение и разведение ног;сведение и разведение ног;ягодицы;приведение / отведение бедра;Изоляция;Нет;;all;https://ac22cf36-390e-4f3a-b58f-98eb399f6f3b.selstorage.ru/exercises/%D1%81%D0%B2%D0%B5%D0%B4%D0%B5%D0%BD%D0%B8%D0%B5-%D0%B8-%D1%80%D0%B0%D0%B7%D0%B2%D0%B5%D0%B4%D0%B5%D0%BD%D0%B8%D0%B5-%D0%BD%D0%BE%D0%B3.mp4;matched;1;exact_normalized_filename
didactic_104;Ягодичный мост со штангой;ягодичный мост со штангой;ягодицы;разгибание таза;Изоляция;Беспокоит спина;back;all;https://ac22cf36-390e-4f3a-b58f-98eb399f6f3b.selstorage.ru/exercises/%D1%8F%D0%B3%D0%BE%D0%B4%D0%B8%D1%87%D0%BD%D1%8B%D0%B9-%D0%BC%D0%BE%D1%81%D1%82-%D1%81%D0%BE-%D1%88%D1%82%D0%B0%D0%BD%D0%B3%D0%BE%D0%B9.mp4;matched;1;exact_normalized_filename
didactic_105;Присед с точкой опоры;присед с точкой опоры;ЛФК;приседание с опорой;ЛФК;Нет;;all;https://ac22cf36-390e-4f3a-b58f-98eb399f6f3b.selstorage.ru/exercises/%D0%BF%D1%80%D0%B8%D1%81%D0%B5%D0%B4-%D1%81-%D1%82%D0%BE%D1%87%D0%BA%D0%BE%D0%B9-%D0%BE%D0%BF%D0%BE%D1%80%D1%8B.mp4;matched;1;exact_normalized_filename
didactic_106;Ягодицы с канатом в кроссовере;ягодицы с канатом в кроссовере;ягодицы;разгибание таза;Изоляция;Нет;;all;https://ac22cf36-390e-4f3a-b58f-98eb399f6f3b.selstorage.ru/exercises/%D1%8F%D0%B3%D0%BE%D0%B4%D0%B8%D1%86%D1%8B-%D1%81-%D0%BA%D0%B0%D0%BD%D0%B0%D1%82%D0%BE%D0%BC-%D0%B2-%D0%BA%D1%80%D0%BE%D1%81%D1%81%D0%BE%D0%B2%D0%B5%D1%80%D0%B5.mp4;matched;1;exact_normalized_filename
didactic_107;Ягодицы в тренажере;ягодицы в тренажере;ягодицы;разгибание таза;Изоляция;Нет;;all;https://ac22cf36-390e-4f3a-b58f-98eb399f6f3b.selstorage.ru/exercises/%D1%8F%D0%B3%D0%BE%D0%B4%D0%B8%D1%86%D1%8B-%D0%B2-%D1%82%D1%80%D0%B5%D0%BD%D0%B0%D0%B6%D0%B5%D1%80%D0%B5.mp4;matched;1;exact_normalized_filename
didactic_108;Ягодичный мост на полу;ягодичный мост на полу;ягодицы;разгибание таза;Изоляция;Нет;;all;https://ac22cf36-390e-4f3a-b58f-98eb399f6f3b.selstorage.ru/exercises/%D1%8F%D0%B3%D0%BE%D0%B4%D0%B8%D1%87%D0%BD%D1%8B%D0%B9-%D0%BC%D0%BE%D1%81%D1%82-%D0%BD%D0%B0-%D0%BF%D0%BE%D0%BB%D1%83.mp4;matched;1;exact_normalized_filename
didactic_109;Махи на ягодицы в кроссовере;махи на ягодицы в кроссовере;ягодицы;разгибание бедра;Изоляция;Нет;;all;https://ac22cf36-390e-4f3a-b58f-98eb399f6f3b.selstorage.ru/exercises/%D0%BC%D0%B0%D1%85%D0%B8-%D0%BD%D0%B0-%D1%8F%D0%B3%D0%BE%D0%B4%D0%B8%D1%86%D1%8B-%D0%B2-%D0%BA%D1%80%D0%BE%D1%81%D1%81%D0%BE%D0%B2%D0%B5%D1%80%D0%B5.mp4;matched;1;exact_normalized_filename
didactic_110;Ягодичный мост в тренажере;ягодичный мост в тренажере;ягодицы;разгибание таза;Изоляция;Нет;;all;https://ac22cf36-390e-4f3a-b58f-98eb399f6f3b.selstorage.ru/exercises/%D1%8F%D0%B3%D0%BE%D0%B4%D0%B8%D1%87%D0%BD%D1%8B%D0%B9-%D0%BC%D0%BE%D1%81%D1%82-%D0%B2-%D1%82%D1%80%D0%B5%D0%BD%D0%B0%D0%B6%D0%B5%D1%80%D0%B5.mp4;matched;1;exact_normalized_filename
didactic_111;Болгарский присед;болгарский присед;ягодицы;выпад;База;Беспокоят колени;knees;all;https://ac22cf36-390e-4f3a-b58f-98eb399f6f3b.selstorage.ru/exercises/%D0%B1%D0%BE%D0%BB%D0%B3%D0%B0%D1%80%D1%81%D0%BA%D0%B8%D0%B9-%D0%BF%D1%80%D0%B8%D1%81%D0%B5%D0%B4.mp4;matched;1;exact_normalized_filename
didactic_112;Мёртвая тяга;мертвая тяга;бицепс бедра;разгибание таза;Изоляция;Нет;;all;https://ac22cf36-390e-4f3a-b58f-98eb399f6f3b.selstorage.ru/exercises/%D0%BC%D0%B5%D1%80%D1%82%D0%B2%D0%B0%D1%8F-%D1%82%D1%8F%D0%B3%D0%B0.mp4;matched;1;exact_normalized_filename
didactic_113;Разгибание ног;разгибание ног;квадрицепс;разгибание колена;Изоляция;Нет;;all;;missing_video;0.333;best_below_threshold: exercises/планка-с-перестановкой-ног.mp4
didactic_114;Приседание в кроссовере;приседание в кроссовере;квадрицепс;приседание;База;Нет;;all;https://ac22cf36-390e-4f3a-b58f-98eb399f6f3b.selstorage.ru/exercises/%D0%BF%D1%80%D0%B8%D1%81%D0%B5%D0%B4%D0%B0%D0%BD%D0%B8%D0%B5-%D0%B2-%D0%BA%D1%80%D0%BE%D1%81%D1%81%D0%BE%D0%B2%D0%B5%D1%80%D0%B5.mp4;matched;1;exact_normalized_filename
didactic_115;Приседания со штангой;приседания со штангой;квадрицепс;приседание;База;Беспокоит спина;back;all;https://ac22cf36-390e-4f3a-b58f-98eb399f6f3b.selstorage.ru/exercises/%D0%BF%D1%80%D0%B8%D1%81%D0%B5%D0%B4%D0%B0%D0%BD%D0%B8%D1%8F-%D1%81%D0%BE-%D1%88%D1%82%D0%B0%D0%BD%D0%B3%D0%BE%D0%B9-%D1%82%D0%B5%D1%85%D0%BD%D0%B8%D0%BA%D0%B0-%D0%B2%D1%8B%D0%BF%D0%BE%D0%BB%D0%BD%D0%B5%D0%BD%D0%B8%D1%8F-%D1%83%D0%BF%D1%80%D0%B0%D0%B6%D0%BD%D0%B5%D0%BD%D0%B8%D0%B9.mp4;matched;1;high_confidence_token_match
didactic_116;Отходы со штангой;отходы со штангой;квадрицепс;стабилизация со штангой;Подсобное;Беспокоят колени;knees;all;https://ac22cf36-390e-4f3a-b58f-98eb399f6f3b.selstorage.ru/exercises/%D0%BE%D1%82%D1%85%D0%BE%D0%B4%D1%8B-%D1%81%D0%BE-%D1%88%D1%82%D0%B0%D0%BD%D0%B3%D0%BE%D0%B9.mp4;matched;1;exact_normalized_filename
didactic_117;Приседания с паузой;приседания с паузой;квадрицепс;приседание;База;Беспокоит спина;back;all;https://ac22cf36-390e-4f3a-b58f-98eb399f6f3b.selstorage.ru/exercises/%D0%BF%D1%80%D0%B8%D1%81%D0%B5%D0%B4%D0%B0%D0%BD%D0%B8%D1%8F-%D1%81-%D0%BF%D0%B0%D1%83%D0%B7%D0%BE%D0%B9-%D1%82%D0%B5%D1%85%D0%BD%D0%B8%D0%BA%D0%B0-%D0%B2%D1%8B%D0%BF%D0%BE%D0%BB%D0%BD%D0%B5%D0%BD%D0%B8%D1%8F-%D1%83%D0%BF%D1%80%D0%B0%D0%B6%D0%BD%D0%B5%D0%BD%D0%B8%D0%B9.mp4;matched;1;high_confidence_token_match
didactic_118;Антиротация на пресс;антиротация на пресс;кор;антиротация;Изоляция;Нет;;all;https://ac22cf36-390e-4f3a-b58f-98eb399f6f3b.selstorage.ru/exercises/%D0%B0%D0%BD%D1%82%D0%B8%D1%80%D0%BE%D1%82%D0%B0%D1%86%D0%B8%D1%8F-%D0%BD%D0%B0-%D0%BF%D1%80%D0%B5%D1%81%D1%81.mp4;matched;1;exact_normalized_filename
didactic_119;Планка на фитболе под ногами;планка на фитболе под ногами;кор;стабилизация;Изоляция;Беспокоит спина (только мужчины);back;all;https://ac22cf36-390e-4f3a-b58f-98eb399f6f3b.selstorage.ru/exercises/%D0%BF%D0%BB%D0%B0%D0%BD%D0%BA%D0%B0-%D0%BD%D0%B0-%D1%84%D0%B8%D1%82%D0%B1%D0%BE%D0%BB%D0%B5-%D0%BF%D0%BE%D0%B4-%D0%BD%D0%BE%D0%B3%D0%B0%D0%BC%D0%B8.mp4;matched;1;exact_normalized_filename
didactic_120;Латеральная или боковая планка;латеральная или боковая планка;косые мышцы живота;латеральная стабилизация;Изоляция;Беспокоит спина (только мужчины);back;all;https://ac22cf36-390e-4f3a-b58f-98eb399f6f3b.selstorage.ru/exercises/%D0%BB%D0%B0%D1%82%D0%B5%D1%80%D0%B0%D0%BB%D1%8C%D0%BD%D0%B0%D1%8F-%D0%BF%D0%BB%D0%B0%D0%BD%D0%BA%D0%B0-%D0%B8%D0%BB%D0%B8-%D0%B1%D0%BE%D0%BA%D0%BE%D0%B2%D0%B0%D1%8F-%D0%BF%D0%BB%D0%B0%D0%BD%D0%BA%D0%B0.mp4;matched;1;high_confidence_token_match
didactic_121;Скручивания на скамье для пресса;скручивания на скамье для пресса;прямая мышца живота;скручивание;Изоляция;Нет;;all;https://ac22cf36-390e-4f3a-b58f-98eb399f6f3b.selstorage.ru/exercises/%D1%81%D0%BA%D1%80%D1%83%D1%87%D0%B8%D0%B2%D0%B0%D0%BD%D0%B8%D1%8F-%D0%BD%D0%B0-%D1%81%D0%BA%D0%B0%D0%BC%D1%8C%D0%B5-%D0%B4%D0%BB%D1%8F-%D0%BF%D1%80%D0%B5%D1%81%D1%81%D0%B0.mp4;matched;1;exact_normalized_filename
didactic_122;Подъемы ног на скамье для пресса;подъемы ног на скамье для пресса;прямая мышца живота;подъём ног;Изоляция;Нет;;all;https://ac22cf36-390e-4f3a-b58f-98eb399f6f3b.selstorage.ru/exercises/%D0%BF%D0%BE%D0%B4%D1%8A%D0%B5%D0%BC%D1%8B-%D0%BD%D0%BE%D0%B3-%D0%BD%D0%B0-%D1%81%D0%BA%D0%B0%D0%BC%D1%8C%D0%B5-%D0%B4%D0%BB%D1%8F-%D0%BF%D1%80%D0%B5%D1%81%D1%81%D0%B0.mp4;matched;1;exact_normalized_filename
didactic_123;Планка с перестановкой ног и рук;планка с перестановкой ног и рук;кор;стабилизация;Изоляция;Беспокоит спина (только мужчины);back;all;https://ac22cf36-390e-4f3a-b58f-98eb399f6f3b.selstorage.ru/exercises/%D0%BF%D0%BB%D0%B0%D0%BD%D0%BA%D0%B0-%D1%81-%D0%BF%D0%B5%D1%80%D0%B5%D1%81%D1%82%D0%B0%D0%BD%D0%BE%D0%B2%D0%BA%D0%BE%D0%B9-%D0%BD%D0%BE%D0%B3-%D0%B8-%D1%80%D1%83%D0%BA.mp4;matched;1;exact_normalized_filename
didactic_124;Планка с перестановкой рук;планка с перестановкой рук;кор;стабилизация;Изоляция;Беспокоит спина (только мужчины);back;all;https://ac22cf36-390e-4f3a-b58f-98eb399f6f3b.selstorage.ru/exercises/%D0%BF%D0%BB%D0%B0%D0%BD%D0%BA%D0%B0-%D1%81-%D0%BF%D0%B5%D1%80%D0%B5%D1%81%D1%82%D0%B0%D0%BD%D0%BE%D0%B2%D0%BA%D0%BE%D0%B9-%D1%80%D1%83%D0%BA.mp4;matched;1;exact_normalized_filename
didactic_125;Планка на фитболе под руками;планка на фитболе под руками;кор;стабилизация;Изоляция;Беспокоит спина (только мужчины);back;all;https://ac22cf36-390e-4f3a-b58f-98eb399f6f3b.selstorage.ru/exercises/%D0%BF%D0%BB%D0%B0%D0%BD%D0%BA%D0%B0-%D0%BD%D0%B0-%D1%84%D0%B8%D1%82%D0%B1%D0%BE%D0%BB%D0%B5-%D0%BF%D0%BE%D0%B4-%D1%80%D1%83%D0%BA%D0%B0%D0%BC%D0%B8.mp4;matched;1;exact_normalized_filename
didactic_126;Планка на босу;планка на босу;кор;стабилизация;Изоляция;Беспокоит спина (только мужчины);back;all;https://ac22cf36-390e-4f3a-b58f-98eb399f6f3b.selstorage.ru/exercises/%D0%BF%D0%BB%D0%B0%D0%BD%D0%BA%D0%B0-%D0%BD%D0%B0-%D0%B1%D0%BE%D1%81%D1%83.mp4;matched;1;exact_normalized_filename
didactic_127;Планка на босу под ногами;планка на босу под ногами;кор;стабилизация;Изоляция;Беспокоит спина (только мужчины);back;all;https://ac22cf36-390e-4f3a-b58f-98eb399f6f3b.selstorage.ru/exercises/%D0%BF%D0%BB%D0%B0%D0%BD%D0%BA%D0%B0-%D0%BD%D0%B0-%D0%B1%D0%BE%D1%81%D1%83-%D0%BF%D0%BE%D0%B4-%D0%BD%D0%BE%D0%B3%D0%B0%D0%BC%D0%B8.mp4;matched;1;exact_normalized_filename
didactic_128;Косые скручивания с мячом;косые скручивания с мячом;косые мышцы живота;скручивание;Изоляция;Нет;;all;https://ac22cf36-390e-4f3a-b58f-98eb399f6f3b.selstorage.ru/exercises/%D0%BA%D0%BE%D1%81%D1%8B%D0%B5-%D1%81%D0%BA%D1%80%D1%83%D1%87%D0%B8%D0%B2%D0%B0%D0%BD%D0%B8%D1%8F-%D1%81-%D0%BC%D1%8F%D1%87%D0%BE%D0%BC.mp4;matched;1;exact_normalized_filename
didactic_129;Прямые скручивания с мячом;прямые скручивания с мячом;прямая мышца живота;скручивание;Изоляция;Нет;;all;https://ac22cf36-390e-4f3a-b58f-98eb399f6f3b.selstorage.ru/exercises/%D0%BF%D1%80%D1%8F%D0%BC%D1%8B%D0%B5-%D1%81%D0%BA%D1%80%D1%83%D1%87%D0%B8%D0%B2%D0%B0%D0%BD%D0%B8%D1%8F-%D1%81-%D0%BC%D1%8F%D1%87%D0%BE%D0%BC.mp4;matched;1;exact_normalized_filename
didactic_130;Пресс на босу;пресс на босу;прямая мышца живота;скручивание;Изоляция;Нет;;all;https://ac22cf36-390e-4f3a-b58f-98eb399f6f3b.selstorage.ru/exercises/%D0%BF%D1%80%D0%B5%D1%81%D1%81-%D0%BD%D0%B0-%D0%B1%D0%BE%D1%81%D1%83.mp4;matched;1;exact_normalized_filename
didactic_131;Скрепка на пресс;скрепка на пресс;прямая мышца живота;скручивание;Изоляция;Нет;;all;https://ac22cf36-390e-4f3a-b58f-98eb399f6f3b.selstorage.ru/exercises/%D1%81%D0%BA%D1%80%D0%B5%D0%BF%D0%BA%D0%B0-%D0%BD%D0%B0-%D0%BF%D1%80%D0%B5%D1%81%D1%81.mp4;matched;1;exact_normalized_filename
didactic_132;Касание пяток на пресс;касание пяток на пресс;косые мышцы живота;скручивание;Изоляция;Нет;;all;https://ac22cf36-390e-4f3a-b58f-98eb399f6f3b.selstorage.ru/exercises/%D0%BA%D0%B0%D1%81%D0%B0%D0%BD%D0%B8%D0%B5-%D0%BF%D1%8F%D1%82%D0%BE%D0%BA-%D0%BD%D0%B0-%D0%BF%D1%80%D0%B5%D1%81%D1%81.mp4;matched;1;exact_normalized_filename
didactic_133;Велосипедные скручивания на пресс;велосипедные скручивания на пресс;косые мышцы живота;скручивание;Изоляция;Нет;;all;https://ac22cf36-390e-4f3a-b58f-98eb399f6f3b.selstorage.ru/exercises/%D0%B2%D0%B5%D0%BB%D0%BE%D1%81%D0%B8%D0%BF%D0%B5%D0%B4%D0%BD%D1%8B%D0%B5-%D1%81%D0%BA%D1%80%D1%83%D1%87%D0%B8%D0%B2%D0%B0%D0%BD%D0%B8%D1%8F-%D0%BD%D0%B0-%D0%BF%D1%80%D0%B5%D1%81%D1%81.mp4;matched;1;exact_normalized_filename
didactic_134;Скручивания на полу на пресс;скручивания на полу на пресс;прямая мышца живота;скручивание;Изоляция;Нет;;all;https://ac22cf36-390e-4f3a-b58f-98eb399f6f3b.selstorage.ru/exercises/%D1%81%D0%BA%D1%80%D1%83%D1%87%D0%B8%D0%B2%D0%B0%D0%BD%D0%B8%D1%8F-%D0%BD%D0%B0-%D0%BF%D0%BE%D0%BB%D1%83-%D0%BD%D0%B0-%D0%BF%D1%80%D0%B5%D1%81%D1%81.mp4;matched;1;exact_normalized_filename
didactic_135;Классическая планка;классическая планка;кор;стабилизация;Изоляция;Беспокоит спина (только мужчины);back;all;https://ac22cf36-390e-4f3a-b58f-98eb399f6f3b.selstorage.ru/exercises/%D0%BA%D0%BB%D0%B0%D1%81%D1%81%D0%B8%D1%87%D0%B5%D1%81%D0%BA%D0%B0%D1%8F-%D0%BF%D0%BB%D0%B0%D0%BD%D0%BA%D0%B0.mp4;matched;1;exact_normalized_filename
didactic_136;Динамическая планка на косые мышцы;динамическая планка на косые мышцы;косые мышцы живота;латеральная стабилизация;Изоляция;Беспокоит спина (только мужчины);back;all;https://ac22cf36-390e-4f3a-b58f-98eb399f6f3b.selstorage.ru/exercises/%D0%B4%D0%B8%D0%BD%D0%B0%D0%BC%D0%B8%D1%87%D0%B5%D1%81%D0%BA%D0%B0%D1%8F-%D0%BF%D0%BB%D0%B0%D0%BD%D0%BA%D0%B0-%D0%BD%D0%B0-%D0%BA%D0%BE%D1%81%D1%8B%D0%B5-%D0%BC%D1%8B%D1%88%D1%86%D1%8B.mp4;matched;1;exact_normalized_filename
didactic_137;Планка с перестановкой ног;планка с перестановкой ног;кор;стабилизация;Изоляция;Беспокоит спина (только мужчины);back;all;https://ac22cf36-390e-4f3a-b58f-98eb399f6f3b.selstorage.ru/exercises/%D0%BF%D0%BB%D0%B0%D0%BD%D0%BA%D0%B0-%D1%81-%D0%BF%D0%B5%D1%80%D0%B5%D1%81%D1%82%D0%B0%D0%BD%D0%BE%D0%B2%D0%BA%D0%BE%D0%B9-%D0%BD%D0%BE%D0%B3.mp4;matched;1;exact_normalized_filename
didactic_138;Подъемы ног на пресс;подъемы ног на пресс;нижний пресс;подъём ног;Изоляция;Нет;;all;https://ac22cf36-390e-4f3a-b58f-98eb399f6f3b.selstorage.ru/exercises/%D0%BF%D0%BE%D0%B4%D1%8A%D0%B5%D0%BC%D1%8B-%D0%BD%D0%BE%D0%B3-%D0%BD%D0%B0-%D0%BF%D1%80%D0%B5%D1%81%D1%81.mp4;matched;1;exact_normalized_filename
didactic_139;Бицепс с двумя гантелями на скамье скотта;бицепс с двумя гантелями на скамье скотта;бицепс;сгибание локтя;Изоляция;Нет;;all;https://ac22cf36-390e-4f3a-b58f-98eb399f6f3b.selstorage.ru/exercises/%D0%B1%D0%B8%D1%86%D0%B5%D0%BF%D1%81-%D1%81-%D0%B4%D0%B2%D1%83%D0%BC%D1%8F-%D0%B3%D0%B0%D0%BD%D1%82%D0%B5%D0%BB%D1%8F%D0%BC%D0%B8-%D0%BD%D0%B0-%D1%81%D0%BA%D0%B0%D0%BC%D1%8C%D0%B5-%D1%81%D0%BA%D0%BE%D1%82%D1%82%D0%B0.mp4;matched;1;exact_normalized_filename
didactic_140;Бицепс с гантелью на скамье скотта;бицепс с гантелью на скамье скотта;бицепс;сгибание локтя;Изоляция;Нет;;all;https://ac22cf36-390e-4f3a-b58f-98eb399f6f3b.selstorage.ru/exercises/%D0%B1%D0%B8%D1%86%D0%B5%D0%BF%D1%81-%D1%81-%D0%B3%D0%B0%D0%BD%D1%82%D0%B5%D0%BB%D1%8C%D1%8E-%D0%BD%D0%B0-%D1%81%D0%BA%D0%B0%D0%BC%D1%8C%D0%B5-%D1%81%D0%BA%D0%BE%D1%82%D1%82%D0%B0.mp4;matched;1;exact_normalized_filename
didactic_141;21;;бицепс;сгибание локтя;Изоляция;Нет;;all;https://ac22cf36-390e-4f3a-b58f-98eb399f6f3b.selstorage.ru/exercises/21.mp4;matched;1;exact_normalized_filename
didactic_142;Бицепс со штангой в скамье скотта;бицепс со штангой в скамье скотта;бицепс;сгибание локтя;Изоляция;Нет;;all;https://ac22cf36-390e-4f3a-b58f-98eb399f6f3b.selstorage.ru/exercises/%D0%B1%D0%B8%D1%86%D0%B5%D0%BF%D1%81-%D1%81%D0%BE-%D1%88%D1%82%D0%B0%D0%BD%D0%B3%D0%BE%D0%B9-%D0%B2-%D1%81%D0%BA%D0%B0%D0%BC%D1%8C%D0%B5-%D1%81%D0%BA%D0%BE%D1%82%D1%82%D0%B0.mp4;matched;1;exact_normalized_filename
didactic_143;Подъем на бицепс с резинкой сидя;подъем на бицепс с резинкой сидя;бицепс;сгибание локтя;Изоляция;Нет;;all;https://ac22cf36-390e-4f3a-b58f-98eb399f6f3b.selstorage.ru/exercises/%D0%BF%D0%BE%D0%B4%D1%8A%D0%B5%D0%BC-%D0%BD%D0%B0-%D0%B1%D0%B8%D1%86%D0%B5%D0%BF%D1%81-%D1%81-%D1%80%D0%B5%D0%B7%D0%B8%D0%BD%D0%BA%D0%BE%D0%B9-%D1%81%D0%B8%D0%B4%D1%8F.mp4;matched;1;exact_normalized_filename
didactic_144;Сгибание Зотмана;сгибание зотмана;бицепс;сгибание локтя;Изоляция;Нет;;all;https://ac22cf36-390e-4f3a-b58f-98eb399f6f3b.selstorage.ru/exercises/%D1%81%D0%B3%D0%B8%D0%B1%D0%B0%D0%BD%D0%B8%D0%B5-%D0%B7%D0%BE%D1%82%D0%BC%D0%B0%D0%BD%D0%B0.mp4;matched;1;exact_normalized_filename
didactic_145;Подъем на бицепс в тренажёре для гребной тяги;подъем на бицепс в тренажере для гребной тяги;бицепс;сгибание локтя;Изоляция;Нет;;all;https://ac22cf36-390e-4f3a-b58f-98eb399f6f3b.selstorage.ru/exercises/%D0%BF%D0%BE%D0%B4%D1%8A%D0%B5%D0%BC-%D0%BD%D0%B0-%D0%B1%D0%B8%D1%86%D0%B5%D0%BF%D1%81-%D0%B2-%D1%82%D1%80%D0%B5%D0%BD%D0%B0%D0%B6%D0%B5%D1%80%D0%B5-%D0%B4%D0%BB%D1%8F-%D0%B3%D1%80%D0%B5%D0%B1%D0%BD%D0%BE%D0%B9-%D1%82%D1%8F%D0%B3%D0%B8.mp4;matched;1;exact_normalized_filename
didactic_146;Подъем на бицепс спиной к кроссоверу;подъем на бицепс спиной к кроссоверу;бицепс;сгибание локтя;Изоляция;Нет;;all;https://ac22cf36-390e-4f3a-b58f-98eb399f6f3b.selstorage.ru/exercises/%D0%BF%D0%BE%D0%B4%D1%8A%D0%B5%D0%BC-%D0%BD%D0%B0-%D0%B1%D0%B8%D1%86%D0%B5%D0%BF%D1%81-%D1%81%D0%BF%D0%B8%D0%BD%D0%BE%D0%B9-%D0%BA-%D0%BA%D1%80%D0%BE%D1%81%D1%81%D0%BE%D0%B2%D0%B5%D1%80%D1%83.mp4;matched;1;exact_normalized_filename
didactic_147;Молотковые сгибание на бицепс с канатной рукояткой в кроссовере;молотковые сгибание на бицепс с канатной рукояткой в кроссовере;бицепс;сгибание локтя;Изоляция;Нет;;all;https://ac22cf36-390e-4f3a-b58f-98eb399f6f3b.selstorage.ru/exercises/%D0%BC%D0%BE%D0%BB%D0%BE%D1%82%D0%BA%D0%BE%D0%B2%D1%8B%D0%B5-%D1%81%D0%B3%D0%B8%D0%B1%D0%B0%D0%BD%D0%B8%D0%B5-%D0%BD%D0%B0-%D0%B1%D0%B8%D1%86%D0%B5%D0%BF%D1%81-%D1%81-%D0%BA%D0%B0%D0%BD%D0%B0%D1%82%D0%BD%D0%BE%D0%B9-%D1%80%D1%83%D0%BA%D0%BE%D1%8F%D1%82%D0%BA%D0%BE%D0%B9-%D0%B2-%D0%BA%D1%80%D0%BE%D1%81%D1%81%D0%BE%D0%B2%D0%B5%D1%80%D0%B5.mp4;matched;1;exact_normalized_filename
didactic_148;Подъем на бицепс обратным хватом;подъем на бицепс обратным хватом;бицепс;сгибание локтя;Изоляция;Нет;;all;https://ac22cf36-390e-4f3a-b58f-98eb399f6f3b.selstorage.ru/exercises/%D0%BF%D0%BE%D0%B4%D1%8A%D0%B5%D0%BC-%D0%BD%D0%B0-%D0%B1%D0%B8%D1%86%D0%B5%D0%BF%D1%81-%D0%BE%D0%B1%D1%80%D0%B0%D1%82%D0%BD%D1%8B%D0%BC-%D1%85%D0%B2%D0%B0%D1%82%D0%BE%D0%BC.mp4;matched;1;exact_normalized_filename
didactic_149;Классический подъем на бицепс в кроссовере;классический подъем на бицепс в кроссовере;бицепс;сгибание локтя;Изоляция;Нет;;all;https://ac22cf36-390e-4f3a-b58f-98eb399f6f3b.selstorage.ru/exercises/%D0%BA%D0%BB%D0%B0%D1%81%D1%81%D0%B8%D1%87%D0%B5%D1%81%D0%BA%D0%B8%D0%B9-%D0%BF%D0%BE%D0%B4%D1%8A%D0%B5%D0%BC-%D0%BD%D0%B0-%D0%B1%D0%B8%D1%86%D0%B5%D0%BF%D1%81-%D0%B2-%D0%BA%D1%80%D0%BE%D1%81%D1%81%D0%BE%D0%B2%D0%B5%D1%80%D0%B5.mp4;matched;1;exact_normalized_filename
didactic_150;Бицепс по 1 руке в кроссовере;бицепс по 1 руке в кроссовере;бицепс;сгибание локтя;Изоляция;Нет;;all;https://ac22cf36-390e-4f3a-b58f-98eb399f6f3b.selstorage.ru/exercises/%D0%B1%D0%B8%D1%86%D0%B5%D0%BF%D1%81-%D0%BF%D0%BE-1-%D1%80%D1%83%D0%BA%D0%B5-%D0%B2-%D0%BA%D1%80%D0%BE%D1%81%D1%81%D0%BE%D0%B2%D0%B5%D1%80%D0%B5.mp4;matched;1;exact_normalized_filename
didactic_151;Бицепс с канатной рукояткой в кроссовере;бицепс с канатной рукояткой в кроссовере;бицепс;сгибание локтя;Изоляция;Нет;;all;https://ac22cf36-390e-4f3a-b58f-98eb399f6f3b.selstorage.ru/exercises/%D0%B1%D0%B8%D1%86%D0%B5%D0%BF%D1%81-%D1%81-%D0%BA%D0%B0%D0%BD%D0%B0%D1%82%D0%BD%D0%BE%D0%B9-%D1%80%D1%83%D0%BA%D0%BE%D1%8F%D1%82%D0%BA%D0%BE%D0%B9-%D0%B2-%D0%BA%D1%80%D0%BE%D1%81%D1%81%D0%BE%D0%B2%D0%B5%D1%80%D0%B5.mp4;matched;1;exact_normalized_filename
didactic_152;Изодинамиеский подъем на бицепс;изодинамиеский подъем на бицепс;бицепс;сгибание локтя;Изоляция;Нет;;all;https://ac22cf36-390e-4f3a-b58f-98eb399f6f3b.selstorage.ru/exercises/%D0%B8%D0%B7%D0%BE%D0%B4%D0%B8%D0%BD%D0%B0%D0%BC%D0%B8%D0%B5%D1%81%D0%BA%D0%B8%D0%B9-%D0%BF%D0%BE%D0%B4%D1%8A%D0%B5%D0%BC-%D0%BD%D0%B0-%D0%B1%D0%B8%D1%86%D0%B5%D0%BF%D1%81.mp4;matched;1;exact_normalized_filename
didactic_153;Попеременный подъем на бицепс;попеременный подъем на бицепс;бицепс;сгибание локтя;Изоляция;Нет;;all;https://ac22cf36-390e-4f3a-b58f-98eb399f6f3b.selstorage.ru/exercises/%D0%BF%D0%BE%D0%BF%D0%B5%D1%80%D0%B5%D0%BC%D0%B5%D0%BD%D0%BD%D1%8B%D0%B9-%D0%BF%D0%BE%D0%B4%D1%8A%D0%B5%D0%BC-%D0%BD%D0%B0-%D0%B1%D0%B8%D1%86%D0%B5%D0%BF%D1%81.mp4;matched;1;exact_normalized_filename
didactic_154;Подъем на бицепс с упором в скамью;подъем на бицепс с упором в скамью;бицепс;сгибание локтя;Изоляция;Нет;;all;https://ac22cf36-390e-4f3a-b58f-98eb399f6f3b.selstorage.ru/exercises/%D0%BF%D0%BE%D0%B4%D1%8A%D0%B5%D0%BC-%D0%BD%D0%B0-%D0%B1%D0%B8%D1%86%D0%B5%D0%BF%D1%81-%D1%81-%D1%83%D0%BF%D0%BE%D1%80%D0%BE%D0%BC-%D0%B2-%D1%81%D0%BA%D0%B0%D0%BC%D1%8C%D1%8E.mp4;matched;1;exact_normalized_filename
didactic_155;Паучьи сгибания молотковым хватом;паучьи сгибания молотковым хватом;бицепс;сгибание локтя;Изоляция;Нет;;all;https://ac22cf36-390e-4f3a-b58f-98eb399f6f3b.selstorage.ru/exercises/%D0%BF%D0%B0%D1%83%D1%87%D1%8C%D0%B8-%D1%81%D0%B3%D0%B8%D0%B1%D0%B0%D0%BD%D0%B8%D1%8F-%D0%BC%D0%BE%D0%BB%D0%BE%D1%82%D0%BA%D0%BE%D0%B2%D1%8B%D0%BC-%D1%85%D0%B2%D0%B0%D1%82%D0%BE%D0%BC.mp4;matched;1;exact_normalized_filename
didactic_156;Паучьи сгибания;паучьи сгибания;бицепс;сгибание локтя;Изоляция;Нет;;all;https://ac22cf36-390e-4f3a-b58f-98eb399f6f3b.selstorage.ru/exercises/%D0%BF%D0%B0%D1%83%D1%87%D1%8C%D0%B8-%D1%81%D0%B3%D0%B8%D0%B1%D0%B0%D0%BD%D0%B8%D1%8F.mp4;matched;1;exact_normalized_filename
didactic_157;Концентрированный подъем на бицепс;концентрированный подъем на бицепс;бицепс;сгибание локтя;Изоляция;Нет;;all;https://ac22cf36-390e-4f3a-b58f-98eb399f6f3b.selstorage.ru/exercises/%D0%BA%D0%BE%D0%BD%D1%86%D0%B5%D0%BD%D1%82%D1%80%D0%B8%D1%80%D0%BE%D0%B2%D0%B0%D0%BD%D0%BD%D1%8B%D0%B9-%D0%BF%D0%BE%D0%B4%D1%8A%D0%B5%D0%BC-%D0%BD%D0%B0-%D0%B1%D0%B8%D1%86%D0%B5%D0%BF%D1%81.mp4;matched;1;exact_normalized_filename
didactic_158;Подъем на бицепс на наклонной скамье под 45*;подъем на бицепс на наклонной скамье под 45;бицепс;сгибание локтя;Изоляция;Нет;;all;https://ac22cf36-390e-4f3a-b58f-98eb399f6f3b.selstorage.ru/exercises/%D0%BF%D0%BE%D0%B4%D1%8A%D0%B5%D0%BC-%D0%BD%D0%B0-%D0%B1%D0%B8%D1%86%D0%B5%D0%BF%D1%81-%D0%BD%D0%B0-%D0%BD%D0%B0%D0%BA%D0%BB%D0%BE%D0%BD%D0%BD%D0%BE%D0%B9-%D1%81%D0%BA%D0%B0%D0%BC%D1%8C%D0%B5-%D0%BF%D0%BE%D0%B4-45.mp4;matched;1;exact_normalized_filename
didactic_159;"Молотки, подъем на бицепс";молотки подъем на бицепс;бицепс;сгибание локтя;Изоляция;Нет;;all;https://ac22cf36-390e-4f3a-b58f-98eb399f6f3b.selstorage.ru/exercises/%D0%BC%D0%BE%D0%BB%D0%BE%D1%82%D0%BA%D0%B8-%D0%BF%D0%BE%D0%B4%D1%8A%D0%B5%D0%BC-%D0%BD%D0%B0-%D0%B1%D0%B8%D1%86%D0%B5%D0%BF%D1%81.mp4;matched;1;exact_normalized_filename
didactic_160;Подъем EZ-штанги (кривой штанги) на бицепс;подъем ez штанги кривой штанги на бицепс;бицепс;сгибание локтя;Изоляция;Нет;;all;;manual_review;0.75;low_confidence_token_match
didactic_161;Сгибание рук с гантелями сидя;сгибание рук с гантелями сидя;бицепс;сгибание локтя;Изоляция;Нет;;all;https://ac22cf36-390e-4f3a-b58f-98eb399f6f3b.selstorage.ru/exercises/%D1%81%D0%B3%D0%B8%D0%B1%D0%B0%D0%BD%D0%B8%D0%B5-%D1%80%D1%83%D0%BA-%D1%81-%D0%B3%D0%B0%D0%BD%D1%82%D0%B5%D0%BB%D1%8F%D0%BC%D0%B8-%D1%81%D0%B8%D0%B4%D1%8F.mp4;matched;1;exact_normalized_filename
didactic_162;Подъем на бицепс гантелей стоя;подъем на бицепс гантелей стоя;бицепс;сгибание локтя;Изоляция;Нет;;all;https://ac22cf36-390e-4f3a-b58f-98eb399f6f3b.selstorage.ru/exercises/%D0%BF%D0%BE%D0%B4%D1%8A%D0%B5%D0%BC-%D0%BD%D0%B0-%D0%B1%D0%B8%D1%86%D0%B5%D0%BF%D1%81-%D0%B3%D0%B0%D0%BD%D1%82%D0%B5%D0%BB%D0%B5%D0%B9-%D1%81%D1%82%D0%BE%D1%8F.mp4;matched;1;exact_normalized_filename
didactic_163;Подъем на бицепс широким хватом;подъем на бицепс широким хватом;бицепс;сгибание локтя;Изоляция;Нет;;all;https://ac22cf36-390e-4f3a-b58f-98eb399f6f3b.selstorage.ru/exercises/%D0%BF%D0%BE%D0%B4%D1%8A%D0%B5%D0%BC-%D0%BD%D0%B0-%D0%B1%D0%B8%D1%86%D0%B5%D0%BF%D1%81-%D1%88%D0%B8%D1%80%D0%BE%D0%BA%D0%B8%D0%BC-%D1%85%D0%B2%D0%B0%D1%82%D0%BE%D0%BC.mp4;matched;1;exact_normalized_filename
didactic_164;Жим узким хватом в смитте;жим узким хватом в смитте;трицепс;разгибание локтя;Изоляция;Беспокоят плечи;shoulders;all;https://ac22cf36-390e-4f3a-b58f-98eb399f6f3b.selstorage.ru/exercises/%D0%B6%D0%B8%D0%BC-%D1%83%D0%B7%D0%BA%D0%B8%D0%BC-%D1%85%D0%B2%D0%B0%D1%82%D0%BE%D0%BC-%D0%B2-%D1%81%D0%BC%D0%B8%D1%82%D1%82%D0%B5.mp4;matched;1;exact_normalized_filename
didactic_165;Французский жим в смитте;французский жим в смитте;трицепс;разгибание локтя;Изоляция;Беспокоят локти;elbows;all;https://ac22cf36-390e-4f3a-b58f-98eb399f6f3b.selstorage.ru/exercises/%D1%84%D1%80%D0%B0%D0%BD%D1%86%D1%83%D0%B7%D1%81%D0%BA%D0%B8%D0%B9-%D0%B6%D0%B8%D0%BC-%D0%B2-%D1%81%D0%BC%D0%B8%D1%82%D1%82%D0%B5.mp4;matched;1;exact_normalized_filename
didactic_166;Калифорнийский жим в смитте;калифорнийский жим в смитте;трицепс;разгибание локтя;Изоляция;Беспокоят плечи;shoulders;all;https://ac22cf36-390e-4f3a-b58f-98eb399f6f3b.selstorage.ru/exercises/%D0%BA%D0%B0%D0%BB%D0%B8%D1%84%D0%BE%D1%80%D0%BD%D0%B8%D0%B9%D1%81%D0%BA%D0%B8%D0%B9-%D0%B6%D0%B8%D0%BC-%D0%B2-%D1%81%D0%BC%D0%B8%D1%82%D1%82%D0%B5.mp4;matched;1;exact_normalized_filename
didactic_167;Разгибание на трицепс по одной руке в кроссовере;разгибание на трицепс по одной руке в кроссовере;трицепс;разгибание локтя;Изоляция;Беспокоят локти;elbows;all;https://ac22cf36-390e-4f3a-b58f-98eb399f6f3b.selstorage.ru/exercises/%D1%80%D0%B0%D0%B7%D0%B3%D0%B8%D0%B1%D0%B0%D0%BD%D0%B8%D0%B5-%D0%BD%D0%B0-%D1%82%D1%80%D0%B8%D1%86%D0%B5%D0%BF%D1%81-%D0%BF%D0%BE-%D0%BE%D0%B4%D0%BD%D0%BE%D0%B9-%D1%80%D1%83%D0%BA%D0%B5-%D0%B2-%D0%BA%D1%80%D0%BE%D1%81%D1%81%D0%BE%D0%B2%D0%B5%D1%80%D0%B5.mp4;matched;1;exact_normalized_filename
didactic_168;Разгибание на трицепс в кроссовере с канатной рукояткой;разгибание на трицепс в кроссовере с канатной рукояткой;трицепс;разгибание локтя;Изоляция;Беспокоят локти;elbows;all;https://ac22cf36-390e-4f3a-b58f-98eb399f6f3b.selstorage.ru/exercises/%D1%80%D0%B0%D0%B7%D0%B3%D0%B8%D0%B1%D0%B0%D0%BD%D0%B8%D0%B5-%D0%BD%D0%B0-%D1%82%D1%80%D0%B8%D1%86%D0%B5%D0%BF%D1%81-%D0%B2-%D0%BA%D1%80%D0%BE%D1%81%D1%81%D0%BE%D0%B2%D0%B5%D1%80%D0%B5-%D1%81-%D0%BA%D0%B0%D0%BD%D0%B0%D1%82%D0%BD%D0%BE%D0%B9-%D1%80%D1%83%D0%BA%D0%BE%D1%8F%D1%82%D0%BA%D0%BE%D0%B9.mp4;matched;1;exact_normalized_filename
didactic_169;Тяга из-за головы в кроссовере на трицепс;тяга из за головы в кроссовере на трицепс;трицепс;разгибание локтя;Изоляция;Беспокоят локти;elbows;all;https://ac22cf36-390e-4f3a-b58f-98eb399f6f3b.selstorage.ru/exercises/%D1%82%D1%8F%D0%B3%D0%B0-%D0%B8%D0%B7-%D0%B7%D0%B0-%D0%B3%D0%BE%D0%BB%D0%BE%D0%B2%D1%8B-%D0%B2-%D0%BA%D1%80%D0%BE%D1%81%D1%81%D0%BE%D0%B2%D0%B5%D1%80%D0%B5-%D0%BD%D0%B0-%D1%82%D1%80%D0%B8%D1%86%D0%B5%D0%BF%D1%81.mp4;matched;1;exact_normalized_filename
didactic_170;Трицепс в кроссовере обратным хватом;трицепс в кроссовере обратным хватом;трицепс;разгибание локтя;Изоляция;Беспокоят локти;elbows;all;https://ac22cf36-390e-4f3a-b58f-98eb399f6f3b.selstorage.ru/exercises/%D1%82%D1%80%D0%B8%D1%86%D0%B5%D0%BF%D1%81-%D0%B2-%D0%BA%D1%80%D0%BE%D1%81%D1%81%D0%BE%D0%B2%D0%B5%D1%80%D0%B5-%D0%BE%D0%B1%D1%80%D0%B0%D1%82%D0%BD%D1%8B%D0%BC-%D1%85%D0%B2%D0%B0%D1%82%D0%BE%D0%BC.mp4;matched;1;exact_normalized_filename
didactic_171;Разгибание на трицепс в кроссовере;разгибание на трицепс в кроссовере;трицепс;разгибание локтя;Изоляция;Беспокоят локти;elbows;all;https://ac22cf36-390e-4f3a-b58f-98eb399f6f3b.selstorage.ru/exercises/%D1%80%D0%B0%D0%B7%D0%B3%D0%B8%D0%B1%D0%B0%D0%BD%D0%B8%D0%B5-%D0%BD%D0%B0-%D1%82%D1%80%D0%B8%D1%86%D0%B5%D0%BF%D1%81-%D0%B2-%D0%BA%D1%80%D0%BE%D1%81%D1%81%D0%BE%D0%B2%D0%B5%D1%80%D0%B5.mp4;matched;1;exact_normalized_filename
didactic_172;Трицепс в тренажере;трицепс в тренажере;трицепс;разгибание локтя;Изоляция;Беспокоят локти;elbows;all;https://ac22cf36-390e-4f3a-b58f-98eb399f6f3b.selstorage.ru/exercises/%D1%82%D1%80%D0%B8%D1%86%D0%B5%D0%BF%D1%81-%D0%B2-%D1%82%D1%80%D0%B5%D0%BD%D0%B0%D0%B6%D0%B5%D1%80%D0%B5.mp4;matched;1;exact_normalized_filename
didactic_173;Отжимания на брусьях в гравитроне;отжимания на брусьях в гравитроне;трицепс;разгибание локтя;Изоляция;Беспокоят плечи;shoulders;all;https://ac22cf36-390e-4f3a-b58f-98eb399f6f3b.selstorage.ru/exercises/%D0%BE%D1%82%D0%B6%D0%B8%D0%BC%D0%B0%D0%BD%D0%B8%D1%8F-%D0%BD%D0%B0-%D0%B1%D1%80%D1%83%D1%81%D1%8C%D1%8F%D1%85-%D0%B2-%D0%B3%D1%80%D0%B0%D0%B2%D0%B8%D1%82%D1%80%D0%BE%D0%BD%D0%B5.mp4;matched;1;exact_normalized_filename
didactic_174;Французский жим стоя;французский жим стоя;трицепс;разгибание локтя;Изоляция;Беспокоят локти;elbows;all;https://ac22cf36-390e-4f3a-b58f-98eb399f6f3b.selstorage.ru/exercises/%D1%84%D1%80%D0%B0%D0%BD%D1%86%D1%83%D0%B7%D1%81%D0%BA%D0%B8%D0%B9-%D0%B6%D0%B8%D0%BC-%D1%81%D1%82%D0%BE%D1%8F.mp4;matched;1;exact_normalized_filename
didactic_175;Отжимания на брусьях;отжимания на брусьях;трицепс;разгибание локтя;Изоляция;Беспокоят плечи;shoulders;all;https://ac22cf36-390e-4f3a-b58f-98eb399f6f3b.selstorage.ru/exercises/%D0%BE%D1%82%D0%B6%D0%B8%D0%BC%D0%B0%D0%BD%D0%B8%D1%8F-%D0%BD%D0%B0-%D0%B1%D1%80%D1%83%D1%81%D1%8C%D1%8F%D1%85.mp4;matched;1;exact_normalized_filename
didactic_176;Французский жим гантели стоя;французский жим гантели стоя;трицепс;разгибание локтя;Изоляция;Беспокоят локти;elbows;all;https://ac22cf36-390e-4f3a-b58f-98eb399f6f3b.selstorage.ru/exercises/%D1%84%D1%80%D0%B0%D0%BD%D1%86%D1%83%D0%B7%D1%81%D0%BA%D0%B8%D0%B9-%D0%B6%D0%B8%D0%BC-%D0%B3%D0%B0%D0%BD%D1%82%D0%B5%D0%BB%D0%B8-%D1%81%D1%82%D0%BE%D1%8F.mp4;matched;1;exact_normalized_filename
didactic_177;Отжимания с гантелей на трицепс;отжимания с гантелей на трицепс;трицепс;разгибание локтя;Изоляция;Беспокоят плечи;shoulders;all;https://ac22cf36-390e-4f3a-b58f-98eb399f6f3b.selstorage.ru/exercises/%D0%BE%D1%82%D0%B6%D0%B8%D0%BC%D0%B0%D0%BD%D0%B8%D1%8F-%D1%81-%D0%B3%D0%B0%D0%BD%D1%82%D0%B5%D0%BB%D0%B5%D0%B9-%D0%BD%D0%B0-%D1%82%D1%80%D0%B8%D1%86%D0%B5%D0%BF%D1%81-%D1%82%D0%B5%D1%85%D0%BD%D0%B8%D0%BA%D0%B0-%D0%B2%D1%8B%D0%BF%D0%BE%D0%BB%D0%BD%D0%B5%D0%BD%D0%B8%D1%8F-%D1%83%D0%BF%D1%80%D0%B0%D0%B6%D0%BD%D0%B5%D0%BD%D0%B8%D0%B9.mp4;matched;1;high_confidence_token_match
didactic_178;Отжимания узким хватом;отжимания узким хватом;трицепс;разгибание локтя;Изоляция;Беспокоят плечи;shoulders;all;https://ac22cf36-390e-4f3a-b58f-98eb399f6f3b.selstorage.ru/exercises/%D0%BE%D1%82%D0%B6%D0%B8%D0%BC%D0%B0%D0%BD%D0%B8%D1%8F-%D1%83%D0%B7%D0%BA%D0%B8%D0%BC-%D1%85%D0%B2%D0%B0%D1%82%D0%BE%D0%BC.mp4;matched;1;exact_normalized_filename
didactic_179;Жим гирей с пола;жим гирей с пола;трицепс;разгибание локтя;Изоляция;Беспокоят плечи;shoulders;all;https://ac22cf36-390e-4f3a-b58f-98eb399f6f3b.selstorage.ru/exercises/%D0%B6%D0%B8%D0%BC-%D0%B3%D0%B8%D1%80%D0%B5%D0%B9-%D1%81-%D0%BF%D0%BE%D0%BB%D0%B0.mp4;matched;1;exact_normalized_filename
didactic_180;Жим с пола узким хватом;жим с пола узким хватом;трицепс;разгибание локтя;Изоляция;Беспокоят плечи;shoulders;all;https://ac22cf36-390e-4f3a-b58f-98eb399f6f3b.selstorage.ru/exercises/%D0%B6%D0%B8%D0%BC-%D1%81-%D0%BF%D0%BE%D0%BB%D0%B0-%D1%83%D0%B7%D0%BA%D0%B8%D0%BC-%D1%85%D0%B2%D0%B0%D1%82%D0%BE%D0%BC.mp4;matched;1;exact_normalized_filename
didactic_181;Разгибание на трицепс в наклоне;разгибание на трицепс в наклоне;трицепс;разгибание локтя;Изоляция;Беспокоят локти;elbows;all;https://ac22cf36-390e-4f3a-b58f-98eb399f6f3b.selstorage.ru/exercises/%D1%80%D0%B0%D0%B7%D0%B3%D0%B8%D0%B1%D0%B0%D0%BD%D0%B8%D0%B5-%D0%BD%D0%B0-%D1%82%D1%80%D0%B8%D1%86%D0%B5%D0%BF%D1%81-%D0%B2-%D0%BD%D0%B0%D0%BA%D0%BB%D0%BE%D0%BD%D0%B5.mp4;matched;1;exact_normalized_filename
didactic_182;G-жим;g жим;трицепс;разгибание локтя;Изоляция;Беспокоят локти;elbows;all;https://ac22cf36-390e-4f3a-b58f-98eb399f6f3b.selstorage.ru/exercises/g-%D0%B6%D0%B8%D0%BC.mp4;matched;1;exact_normalized_filename
didactic_183;Жим штанги узким хватом;жим штанги узким хватом;трицепс;разгибание локтя;Изоляция;Беспокоят плечи;shoulders;all;https://ac22cf36-390e-4f3a-b58f-98eb399f6f3b.selstorage.ru/exercises/%D0%B6%D0%B8%D0%BC-%D1%88%D1%82%D0%B0%D0%BD%D0%B3%D0%B8-%D1%83%D0%B7%D0%BA%D0%B8%D0%BC-%D1%85%D0%B2%D0%B0%D1%82%D0%BE%D0%BC.mp4;matched;1;exact_normalized_filename
didactic_184;Французский жим с гантелями;французский жим с гантелями;трицепс;разгибание локтя;Изоляция;Беспокоят локти;elbows;all;https://ac22cf36-390e-4f3a-b58f-98eb399f6f3b.selstorage.ru/exercises/%D1%84%D1%80%D0%B0%D0%BD%D1%86%D1%83%D0%B7%D1%81%D0%BA%D0%B8%D0%B9-%D0%B6%D0%B8%D0%BC-%D1%81-%D0%B3%D0%B0%D0%BD%D1%82%D0%B5%D0%BB%D1%8F%D0%BC%D0%B8.mp4;matched;1;exact_normalized_filename
didactic_185;Обратные отжимания;обратные отжимания;трицепс;разгибание локтя;Изоляция;Беспокоят плечи;shoulders;all;https://ac22cf36-390e-4f3a-b58f-98eb399f6f3b.selstorage.ru/exercises/%D0%BE%D0%B1%D1%80%D0%B0%D1%82%D0%BD%D1%8B%D0%B5-%D0%BE%D1%82%D0%B6%D0%B8%D0%BC%D0%B0%D0%BD%D0%B8%D1%8F.mp4;matched;1;exact_normalized_filename
didactic_186;Разгибание на трицепс из-за головы;разгибание на трицепс из за головы;трицепс;разгибание локтя;Изоляция;Беспокоят локти;elbows;all;https://ac22cf36-390e-4f3a-b58f-98eb399f6f3b.selstorage.ru/exercises/%D1%80%D0%B0%D0%B7%D0%B3%D0%B8%D0%B1%D0%B0%D0%BD%D0%B8%D0%B5-%D0%BD%D0%B0-%D1%82%D1%80%D0%B8%D1%86%D0%B5%D0%BF%D1%81-%D0%B8%D0%B7-%D0%B7%D0%B0-%D0%B3%D0%BE%D0%BB%D0%BE%D0%B2%D1%8B.mp4;matched;1;exact_normalized_filename
didactic_187;Французский жим лежа;французский жим лежа;трицепс;разгибание локтя;Изоляция;Беспокоят локти;elbows;all;https://ac22cf36-390e-4f3a-b58f-98eb399f6f3b.selstorage.ru/exercises/%D1%84%D1%80%D0%B0%D0%BD%D1%86%D1%83%D0%B7%D1%81%D0%BA%D0%B8%D0%B9-%D0%B6%D0%B8%D0%BC-%D0%BB%D0%B5%D0%B6%D0%B0.mp4;matched;1;exact_normalized_filename
didactic_188;Комплекс ЛФК упражнений на плечи;комплекс лфк упражнений на плечи;ЛФК;стабилизация плеча / внешняя ротация;ЛФК;Нет;;all;;manual_review;0.75;low_confidence_token_match
didactic_189;Жим в хаммере на верх груди;жим в хаммере на верх груди;Верх груди;жим;База;Беспокоят плечи;shoulders;all;https://ac22cf36-390e-4f3a-b58f-98eb399f6f3b.selstorage.ru/exercises/%D0%B6%D0%B8%D0%BC-%D0%B2-%D1%85%D0%B0%D0%BC%D0%BC%D0%B5%D1%80%D0%B5-%D0%BD%D0%B0-%D0%B2%D0%B5%D1%80%D1%85-%D0%B3%D1%80%D1%83%D0%B4%D0%B8.mp4;matched;1;exact_normalized_filename
didactic_190;Удержание веса;удержание веса;Большие грудные;изометрическое удержание;Подсобное;Беспокоят плечи;shoulders;all;https://ac22cf36-390e-4f3a-b58f-98eb399f6f3b.selstorage.ru/exercises/%D1%83%D0%B4%D0%B5%D1%80%D0%B6%D0%B0%D0%BD%D0%B8%D0%B5-%D0%B2%D0%B5%D1%81%D0%B0.mp4;matched;1;exact_normalized_filename