exercise_name;matched_selectel_url;match_confidence;status;match_reason
Вертикальная тяга узким хватом;https://ac22cf36-390e-4f3a-b58f-98eb399f6f3b.selstorage.ru/exercises/%D0%B2%D0%B5%D1%80%D1%82%D0%B8%D0%BA%D0%B0%D0%BB%D1%8C%D0%BD%D0%B0%D1%8F-%D1%82%D1%8F%D0%B3%D0%B0-%D1%83%D0%B7%D0%BA%D0%B8%D0%BC-%D1%85%D0%B2%D0%B0%D1%82%D0%BE%D0%BC.mp4;1.000;matched;exact_normalized_filename
Вертикальная тяга обратным хватом;https://ac22cf36-390e-4f3a-b58f-98eb399f6f3b.selstorage.ru/exercises/%D0%B2%D0%B5%D1%80%D1%82%D0%B8%D0%BA%D0%B0%D0%BB%D1%8C%D0%BD%D0%B0%D1%8F-%D1%82%D1%8F%D0%B3%D0%B0-%D0%BE%D0%B1%D1%80%D0%B0%D1%82%D0%BD%D1%8B%D0%BC-%D1%85%D0%B2%D0%B0%D1%82%D0%BE%D0%BC.mp4;1.000;matched;exact_normalized_filename
Вертикальная тяга одной рукой;https://ac22cf36-390e-4f3a-b58f-98eb399f6f3b.selstorage.ru/exercises/%D0%B2%D0%B5%D1%80%D1%82%D0%B8%D0%BA%D0%B0%D0%BB%D1%8C%D0%BD%D0%B0%D1%8F-%D1%82%D1%8F%D0%B3%D0%B0-%D0%BE%D0%B4%D0%BD%D0%BE%D0%B9-%D1%80%D1%83%D0%BA%D0%BE%D0%B9.mp4;1.000;matched;exact_normalized_filename
Вертикальная тяга;https://ac22cf36-390e-4f3a-b58f-98eb399f6f3b.selstorage.ru/exercises/%D0%B2%D0%B5%D1%80%D1%82%D0%B8%D0%BA%D0%B0%D0%BB%D1%8C%D0%BD%D0%B0%D1%8F-%D1%82%D1%8F%D0%B3%D0%B0.mp4;1.000;matched;exact_normalized_filename
Подтягивания обратным хватом;https://ac22cf36-390e-4f3a-b58f-98eb399f6f3b.selstorage.ru/exercises/%D0%BF%D0%BE%D0%B4%D1%82%D1%8F%D0%B3%D0%B8%D0%B2%D0%B0%D0%BD%D0%B8%D1%8F-%D0%BE%D0%B1%D1%80%D0%B0%D1%82%D0%BD%D1%8B%D0%BC-%D1%85%D0%B2%D0%B0%D1%82%D0%BE%D0%BC.mp4;1.000;matched;exact_normalized_filename
Подтягивания параллельным хватом;https://ac22cf36-390e-4f3a-b58f-98eb399f6f3b.selstorage.ru/exercises/%D0%BF%D0%BE%D0%B4%D1%82%D1%8F%D0%B3%D0%B8%D0%B2%D0%B0%D0%BD%D0%B8%D1%8F-%D0%BF%D0%B0%D1%80%D0%B0%D0%BB%D0%BB%D0%B5%D0%BB%D1%8C%D0%BD%D1%8B%D0%BC-%D1%85%D0%B2%D0%B0%D1%82%D0%BE%D0%BC.mp4;1.000;matched;exact_normalized_filename
Подтягивания широким хватом;https://ac22cf36-390e-4f3a-b58f-98eb399f6f3b.selstorage.ru/exercises/%D0%BF%D0%BE%D0%B4%D1%82%D1%8F%D0%B3%D0%B8%D0%B2%D0%B0%D0%BD%D0%B8%D1%8F-%D1%88%D0%B8%D1%80%D0%BE%D0%BA%D0%B8%D0%BC-%D1%85%D0%B2%D0%B0%D1%82%D0%BE%D0%BC.mp4;1.000;matched;exact_normalized_filename
Подтягивания в гравитроне обратным хватом;https://ac22cf36-390e-4f3a-b58f-98eb399f6f3b.selstorage.ru/exercises/%D0%BF%D0%BE%D0%B4%D1%82%D1%8F%D0%B3%D0%B8%D0%B2%D0%B0%D0%BD%D0%B8%D1%8F-%D0%B2-%D0%B3%D1%80%D0%B0%D0%B2%D0%B8%D1%82%D1%80%D0%BE%D0%BD%D0%B5-%D0%BE%D0%B1%D1%80%D0%B0%D1%82%D0%BD%D1%8B%D0%BC-%D1%85%D0%B2%D0%B0%D1%82%D0%BE%D0%BC.mp4;1.000;matched;exact_normalized_filename
Подтягивания в гравитроне параллельным хватом;https://ac22cf36-390e-4f3a-b58f-98eb399f6f3b.selstorage.ru/exercises/%D0%BF%D0%BE%D0%B4%D1%82%D1%8F%D0%B3%D0%B8%D0%B2%D0%B0%D0%BD%D0%B8%D1%8F-%D0%B2-%D0%B3%D1%80%D0%B0%D0%B2%D0%B8%D1%82%D1%80%D0%BE%D0%BD%D0%B5-%D0%BF%D0%B0%D1%80%D0%B0%D0%BB%D0%BB%D0%B5%D0%BB%D1%8C%D0%BD%D1%8B%D0%BC-%D1%85%D0%B2%D0%B0%D1%82%D0%BE%D0%BC.mp4;1.000;matched;exact_normalized_filename
Подтягивания в гравитроне широким хватом;https://ac22cf36-390e-4f3a-b58f-98eb399f6f3b.selstorage.ru/exercises/%D0%BF%D0%BE%D0%B4%D1%82%D1%8F%D0%B3%D0%B8%D0%B2%D0%B0%D0%BD%D0%B8%D1%8F-%D0%B2-%D0%B3%D1%80%D0%B0%D0%B2%D0%B8%D1%82%D1%80%D0%BE%D0%BD%D0%B5-%D1%88%D0%B8%D1%80%D0%BE%D0%BA%D0%B8%D0%BC-%D1%85%D0%B2%D0%B0%D1%82%D0%BE%D0%BC.mp4;1.000;matched;exact_normalized_filename
Пуловер с гантелей;https://ac22cf36-390e-4f3a-b58f-98eb399f6f3b.selstorage.ru/exercises/%D0%BF%D1%83%D0%BB%D0%BE%D0%B2%D0%B5%D1%80-%D1%81-%D0%B3%D0%B0%D0%BD%D1%82%D0%B5%D0%BB%D0%B5%D0%B9.mp4;1.000;matched;exact_normalized_filename
Пуловер со штангой;https://ac22cf36-390e-4f3a-b58f-98eb399f6f3b.selstorage.ru/exercises/%D0%BF%D1%83%D0%BB%D0%BE%D0%B2%D0%B5%D1%80-%D1%81%D0%BE-%D1%88%D1%82%D0%B0%D0%BD%D0%B3%D0%BE%D0%B9.mp4;1.000;matched;exact_normalized_filename
Пуловер в кроссовере;https://ac22cf36-390e-4f3a-b58f-98eb399f6f3b.selstorage.ru/exercises/%D0%BF%D1%83%D0%BB%D0%BE%D0%B2%D0%B5%D1%80-%D0%B2-%D0%BA%D1%80%D0%BE%D1%81%D1%81%D0%BE%D0%B2%D0%B5%D1%80%D0%B5.mp4;1.000;matched;exact_normalized_filename
Горизонтальная тяга;https://ac22cf36-390e-4f3a-b58f-98eb399f6f3b.selstorage.ru/exercises/%D0%B3%D0%BE%D1%80%D0%B8%D0%B7%D0%BE%D0%BD%D1%82%D0%B0%D0%BB%D1%8C%D0%BD%D0%B0%D1%8F-%D1%82%D1%8F%D0%B3%D0%B0.mp4;1.000;matched;exact_normalized_filename
Горизонтальная тяга широким хватом;https://ac22cf36-390e-4f3a-b58f-98eb399f6f3b.selstorage.ru/exercises/%D0%B3%D0%BE%D1%80%D0%B8%D0%B7%D0%BE%D0%BD%D1%82%D0%B0%D0%BB%D1%8C%D0%BD%D0%B0%D1%8F-%D1%82%D1%8F%D0%B3%D0%B0-%D1%88%D0%B8%D1%80%D0%BE%D0%BA%D0%B8%D0%BC-%D1%85%D0%B2%D0%B0%D1%82%D0%BE%D0%BC.mp4;1.000;matched;exact_normalized_filename
Т-тяга со штангой;https://ac22cf36-390e-4f3a-b58f-98eb399f6f3b.selstorage.ru/exercises/%D1%82-%D1%82%D1%8F%D0%B3%D0%B0-%D1%81%D0%BE-%D1%88%D1%82%D0%B0%D0%BD%D0%B3%D0%BE%D0%B9.mp4;1.000;matched;exact_normalized_filename
Т-тяга в тренажёре;https://ac22cf36-390e-4f3a-b58f-98eb399f6f3b.selstorage.ru/exercises/%D1%82-%D1%82%D1%8F%D0%B3%D0%B0-%D0%B2-%D1%82%D1%80%D0%B5%D0%BD%D0%B0%D0%B6%D0%B5%D1%80%D0%B5.mp4;1.000;matched;exact_normalized_filename
Гибридная тяга;https://ac22cf36-390e-4f3a-b58f-98eb399f6f3b.selstorage.ru/exercises/%D0%B3%D0%B8%D0%B1%D1%80%D0%B8%D0%B4%D0%BD%D0%B0%D1%8F-%D1%82%D1%8F%D0%B3%D0%B0.mp4;1.000;matched;exact_normalized_filename
Рычажная тяга;https://ac22cf36-390e-4f3a-b58f-98eb399f6f3b.selstorage.ru/exercises/%D1%80%D1%8B%D1%87%D0%B0%D0%B6%D0%BD%D0%B0%D1%8F-%D1%82%D1%8F%D0%B3%D0%B0.mp4;1.000;matched;exact_normalized_filename
Римские подтягивания;https://ac22cf36-390e-4f3a-b58f-98eb399f6f3b.selstorage.ru/exercises/%D1%80%D0%B8%D0%BC%D1%81%D0%BA%D0%B8%D0%B5-%D0%BF%D0%BE%D0%B4%D1%82%D1%8F%D0%B3%D0%B8%D0%B2%D0%B0%D0%BD%D0%B8%D1%8F.mp4;1.000;matched;exact_normalized_filename
Тяга гирь к поясу;https://ac22cf36-390e-4f3a-b58f-98eb399f6f3b.selstorage.ru/exercises/%D1%82%D1%8F%D0%B3%D0%B0-%D0%B3%D0%B8%D1%80%D1%8C-%D0%BA-%D0%BF%D0%BE%D1%8F%D1%81%D1%83.mp4;1.000;matched;exact_normalized_filename
Тяга к поясу в кроссовере;https://ac22cf36-390e-4f3a-b58f-98eb399f6f3b.selstorage.ru/exercises/%D1%82%D1%8F%D0%B3%D0%B0-%D0%BA-%D0%BF%D0%BE%D1%8F%D1%81%D1%83-%D0%B2-%D0%BA%D1%80%D0%BE%D1%81%D1%81%D0%BE%D0%B2%D0%B5%D1%80%D0%B5.mp4;1.000;matched;exact_normalized_filename
Тяга гантели к поясу;https://ac22cf36-390e-4f3a-b58f-98eb399f6f3b.selstorage.ru/exercises/%D1%82%D1%8F%D0%B3%D0%B0-%D0%B3%D0%B0%D0%BD%D1%82%D0%B5%D0%BB%D0%B8-%D0%BA-%D0%BF%D0%BE%D1%8F%D1%81%D1%83.mp4;1.000;matched;exact_normalized_filename
Тяга штанги к поясу;https://ac22cf36-390e-4f3a-b58f-98eb399f6f3b.selstorage.ru/exercises/%D1%82%D1%8F%D0%B3%D0%B0-%D1%88%D1%82%D0%B0%D0%BD%D0%B3%D0%B8-%D0%BA-%D0%BF%D0%BE%D1%8F%D1%81%D1%83.mp4;1.000;matched;exact_normalized_filename
Становая тяга сумо;https://ac22cf36-390e-4f3a-b58f-98eb399f6f3b.selstorage.ru/exercises/%D1%81%D1%82%D0%B0%D0%BD%D0%BE%D0%B2%D0%B0%D1%8F-%D1%82%D1%8F%D0%B3%D0%B0-%D1%81%D1%83%D0%BC%D0%BE.mp4;1.000;matched;exact_normalized_filename
Становая тяга;https://ac22cf36-390e-4f3a-b58f-98eb399f6f3b.selstorage.ru/exercises/%D1%81%D1%82%D0%B0%D0%BD%D0%BE%D0%B2%D0%B0%D1%8F-%D1%82%D1%8F%D0%B3%D0%B0.mp4;1.000;matched;exact_normalized_filename
Румынская тяга;https://ac22cf36-390e-4f3a-b58f-98eb399f6f3b.selstorage.ru/exercises/%D1%80%D1%83%D0%BC%D1%8B%D0%BD%D1%81%D0%BA%D0%B0%D1%8F-%D1%82%D1%8F%D0%B3%D0%B0.mp4;1.000;matched;exact_normalized_filename
Тяга из ямы;https://ac22cf36-390e-4f3a-b58f-98eb399f6f3b.selstorage.ru/exercises/%D1%82%D1%8F%D0%B3%D0%B0-%D0%B8%D0%B7-%D1%8F%D0%BC%D1%8B.mp4;1.000;matched;exact_normalized_filename
Тяга со стоек;https://ac22cf36-390e-4f3a-b58f-98eb399f6f3b.selstorage.ru/exercises/%D1%82%D1%8F%D0%B3%D0%B0-%D1%81%D0%BE-%D1%81%D1%82%D0%BE%D0%B5%D0%BA.mp4;1.000;matched;exact_normalized_filename
Тяга до колена;https://ac22cf36-390e-4f3a-b58f-98eb399f6f3b.selstorage.ru/exercises/%D1%82%D1%8F%D0%B3%D0%B0-%D0%B4%D0%BE-%D0%BA%D0%BE%D0%BB%D0%B5%D0%BD%D0%B0.mp4;1.000;matched;exact_normalized_filename
Гиперэкстензия;https://ac22cf36-390e-4f3a-b58f-98eb399f6f3b.selstorage.ru/exercises/%D0%B3%D0%B8%D0%BF%D0%B5%D1%80%D1%8D%D0%BA%D1%81%D1%82%D0%B5%D0%BD%D0%B7%D0%B8%D1%8F.mp4;1.000;matched;exact_normalized_filename
Вытяжка в гиперэкстензии;https://ac22cf36-390e-4f3a-b58f-98eb399f6f3b.selstorage.ru/exercises/%D0%B2%D1%8B%D1%82%D1%8F%D0%B6%D0%BA%D0%B0-%D0%B2-%D0%B3%D0%B8%D0%BF%D0%B5%D1%80%D1%8D%D0%BA%D1%81%D1%82%D0%B5%D0%BD%D0%B7%D0%B8%D0%B8.mp4;1.000;matched;exact_normalized_filename
Горизонтальная вытяжка в кроссовере;https://ac22cf36-390e-4f3a-b58f-98eb399f6f3b.selstorage.ru/exercises/%D0%B3%D0%BE%D1%80%D0%B8%D0%B7%D0%BE%D0%BD%D1%82%D0%B0%D0%BB%D1%8C%D0%BD%D0%B0%D1%8F-%D0%B2%D1%8B%D1%82%D1%8F%D0%B6%D0%BA%D0%B0-%D0%B2-%D0%BA%D1%80%D0%BE%D1%81%D1%81%D0%BE%D0%B2%D0%B5%D1%80%D0%B5.mp4;1.000;matched;exact_normalized_filename
Латеральная или боковая вытяжка в кроссовере;;0.800;manual_review;low_confidence_token_match
Сведение рук в кроссовере;https://ac22cf36-390e-4f3a-b58f-98eb399f6f3b.selstorage.ru/exercises/%D1%81%D0%B2%D0%B5%D0%B4%D0%B5%D0%BD%D0%B8%D0%B5-%D1%80%D1%83%D0%BA-%D0%B2-%D0%BA%D1%80%D0%BE%D1%81%D1%81%D0%BE%D0%B2%D0%B5%D1%80%D0%B5.mp4;1.000;matched;exact_normalized_filename
Жим в смитте;https://ac22cf36-390e-4f3a-b58f-98eb399f6f3b.selstorage.ru/exercises/%D0%B6%D0%B8%D0%BC-%D0%B2-%D1%81%D0%BC%D0%B8%D1%82%D1%82%D0%B5.mp4;1.000;matched;exact_normalized_filename
Жим в хаммере на низ груди;https://ac22cf36-390e-4f3a-b58f-98eb399f6f3b.selstorage.ru/exercises/%D0%B6%D0%B8%D0%BC-%D0%B2-%D1%85%D0%B0%D0%BC%D0%BC%D0%B5%D1%80%D0%B5-%D0%BD%D0%B0-%D0%BD%D0%B8%D0%B7-%D0%B3%D1%80%D1%83%D0%B4%D0%B8.mp4;1.000;matched;exact_normalized_filename
Изодинамический жим гантелей на 30* скамье;https://ac22cf36-390e-4f3a-b58f-98eb399f6f3b.selstorage.ru/exercises/%D0%B8%D0%B7%D0%BE%D0%B4%D0%B8%D0%BD%D0%B0%D0%BC%D0%B8%D1%87%D0%B5%D1%81%D0%BA%D0%B8%D0%B9-%D0%B6%D0%B8%D0%BC-%D0%B3%D0%B0%D0%BD%D1%82%D0%B5%D0%BB%D0%B5%D0%B9-%D0%BD%D0%B0-30-%D1%81%D0%BA%D0%B0%D0%BC%D1%8C%D0%B5.mp4;1.000;matched;exact_normalized_filename
Сведение рук в кроссовере на 30-градусной скамье;https://ac22cf36-390e-4f3a-b58f-98eb399f6f3b.selstorage.ru/exercises/%D1%81%D0%B2%D0%B5%D0%B4%D0%B5%D0%BD%D0%B8%D0%B5-%D1%80%D1%83%D0%BA-%D0%B2-%D0%BA%D1%80%D0%BE%D1%81%D1%81%D0%BE%D0%B2%D0%B5%D1%80%D0%B5-%D0%BD%D0%B0-30-%D0%B3%D1%80%D0%B0%D0%B4%D1%83%D1%81%D0%BD%D0%BE%D0%B9-%D1%81%D0%BA%D0%B0%D0%BC%D1%8C%D0%B5.mp4;1.000;matched;exact_normalized_filename
Дуговая разводка;https://ac22cf36-390e-4f3a-b58f-98eb399f6f3b.selstorage.ru/exercises/%D0%B4%D1%83%D0%B3%D0%BE%D0%B2%D0%B0%D1%8F-%D1%80%D0%B0%D0%B7%D0%B2%D0%BE%D0%B4%D0%BA%D0%B0.mp4;1.000;matched;exact_normalized_filename
Сведение рук в кроссовере на горизонтальной скамье;https://ac22cf36-390e-4f3a-b58f-98eb399f6f3b.selstorage.ru/exercises/%D1%81%D0%B2%D0%B5%D0%B4%D0%B5%D0%BD%D0%B8%D0%B5-%D1%80%D1%83%D0%BA-%D0%B2-%D0%BA%D1%80%D0%BE%D1%81%D1%81%D0%BE%D0%B2%D0%B5%D1%80%D0%B5-%D0%BD%D0%B0-%D0%B3%D0%BE%D1%80%D0%B8%D0%B7%D0%BE%D0%BD%D1%82%D0%B0%D0%BB%D1%8C%D0%BD%D0%BE%D0%B9-%D1%81%D0%BA%D0%B0%D0%BC%D1%8C%D0%B5.mp4;1.000;matched;exact_normalized_filename
Классический жим от груди в тренажёре;https://ac22cf36-390e-4f3a-b58f-98eb399f6f3b.selstorage.ru/exercises/%D0%BA%D0%BB%D0%B0%D1%81%D1%81%D0%B8%D1%87%D0%B5%D1%81%D0%BA%D0%B8%D0%B9-%D0%B6%D0%B8%D0%BC-%D0%BE%D1%82-%D0%B3%D1%80%D1%83%D0%B4%D0%B8-%D0%B2-%D1%82%D1%80%D0%B5%D0%BD%D0%B0%D0%B6%D0%B5%D1%80%D0%B5.mp4;1.000;matched;exact_normalized_filename
Жим Свенда в кроссовере;https://ac22cf36-390e-4f3a-b58f-98eb399f6f3b.selstorage.ru/exercises/%D0%B6%D0%B8%D0%BC-%D1%81%D0%B2%D0%B5%D0%BD%D0%B4%D0%B0-%D0%B2-%D0%BA%D1%80%D0%BE%D1%81%D1%81%D0%BE%D0%B2%D0%B5%D1%80%D0%B5.mp4;1.000;matched;exact_normalized_filename
Жим штанги под углом;https://ac22cf36-390e-4f3a-b58f-98eb399f6f3b.selstorage.ru/exercises/%D0%B6%D0%B8%D0%BC-%D1%88%D1%82%D0%B0%D0%BD%D0%B3%D0%B8-%D0%BF%D0%BE%D0%B4-%D1%83%D0%B3%D0%BB%D0%BE%D0%BC.mp4;1.000;matched;exact_normalized_filename
Жим гантелей лёжа;https://ac22cf36-390e-4f3a-b58f-98eb399f6f3b.selstorage.ru/exercises/%D0%B6%D0%B8%D0%BC-%D0%B3%D0%B0%D0%BD%D1%82%D0%B5%D0%BB%D0%B5%D0%B9-%D0%BB%D0%B5%D0%B6%D0%B0.mp4;1.000;matched;exact_normalized_filename
Жим гантелей на 30* скамье;https://ac22cf36-390e-4f3a-b58f-98eb399f6f3b.selstorage.ru/exercises/%D0%B6%D0%B8%D0%BC-%D0%B3%D0%B0%D0%BD%D1%82%D0%B5%D0%BB%D0%B5%D0%B9-%D0%BD%D0%B0-30-%D1%81%D0%BA%D0%B0%D0%BC%D1%8C%D0%B5.mp4;1.000;matched;exact_normalized_filename
Гильотина;https://ac22cf36-390e-4f3a-b58f-98eb399f6f3b.selstorage.ru/exercises/%D0%B3%D0%B8%D0%BB%D1%8C%D0%BE%D1%82%D0%B8%D0%BD%D0%B0.mp4;1.000;matched;exact_normalized_filename
Бабочка на большие грудные мышцы;https://ac22cf36-390e-4f3a-b58f-98eb399f6f3b.selstorage.ru/exercises/%D0%B1%D0%B0%D0%B1%D0%BE%D1%87%D0%BA%D0%B0-%D0%BD%D0%B0-%D0%B1%D0%BE%D0%BB%D1%8C%D1%88%D0%B8%D0%B5-%D0%B3%D1%80%D1%83%D0%B4%D0%BD%D1%8B%D0%B5-%D0%BC%D1%8B%D1%88%D1%86%D1%8B.mp4;1.000;matched;exact_normalized_filename
Раводка под 15*;https://ac22cf36-390e-4f3a-b58f-98eb399f6f3b.selstorage.ru/exercises/%D1%80%D0%B0%D0%B2%D0%BE%D0%B4%D0%BA%D0%B0-%D0%BF%D0%BE%D0%B4-15.mp4;1.000;matched;exact_normalized_filename
Отжимания в тренажёре смитта;https://ac22cf36-390e-4f3a-b58f-98eb399f6f3b.selstorage.ru/exercises/%D0%BE%D1%82%D0%B6%D0%B8%D0%BC%D0%B0%D0%BD%D0%B8%D1%8F-%D0%B2-%D1%82%D1%80%D0%B5%D0%BD%D0%B0%D0%B6%D0%B5%D1%80%D0%B5-%D1%81%D0%BC%D0%B8%D1%82%D1%82%D0%B0.mp4;1.000;matched;exact_normalized_filename
Суперсет на верх груди в смитте;https://ac22cf36-390e-4f3a-b58f-98eb399f6f3b.selstorage.ru/exercises/%D1%81%D1%83%D0%BF%D0%B5%D1%80%D1%81%D0%B5%D1%82-%D0%BD%D0%B0-%D0%B2%D0%B5%D1%80%D1%85-%D0%B3%D1%80%D1%83%D0%B4%D0%B8-%D0%B2-%D1%81%D0%BC%D0%B8%D1%82%D1%82%D0%B5.mp4;1.000;matched;exact_normalized_filename
Жим штанги лёжа;https://ac22cf36-390e-4f3a-b58f-98eb399f6f3b.selstorage.ru/exercises/%D0%B6%D0%B8%D0%BC-%D1%88%D1%82%D0%B0%D0%BD%D0%B3%D0%B8-%D0%BB%D0%B5%D0%B6%D0%B0.mp4;1.000;matched;exact_normalized_filename
Жим с паузой;https://ac22cf36-390e-4f3a-b58f-98eb399f6f3b.selstorage.ru/exercises/%D0%B6%D0%B8%D0%BC-%D1%81-%D0%BF%D0%B0%D1%83%D0%B7%D0%BE%D0%B9.mp4;1.000;matched;exact_normalized_filename
Классические отжимания;https://ac22cf36-390e-4f3a-b58f-98eb399f6f3b.selstorage.ru/exercises/%D0%BA%D0%BB%D0%B0%D1%81%D1%81%D0%B8%D1%87%D0%B5%D1%81%D0%BA%D0%B8%D0%B5-%D0%BE%D1%82%D0%B6%D0%B8%D0%BC%D0%B0%D0%BD%D0%B8%D1%8F.mp4;1.000;matched;exact_normalized_filename
Бабочка на заднюю дельту в кроссовере;https://ac22cf36-390e-4f3a-b58f-98eb399f6f3b.selstorage.ru/exercises/%D0%B1%D0%B0%D0%B1%D0%BE%D1%87%D0%BA%D0%B0-%D0%BD%D0%B0-%D0%B7%D0%B0%D0%B4%D0%BD%D1%8E%D1%8E-%D0%B4%D0%B5%D0%BB%D1%8C%D1%82%D1%83-%D0%B2-%D0%BA%D1%80%D0%BE%D1%81%D1%81%D0%BE%D0%B2%D0%B5%D1%80%D0%B5.mp4;1.000;matched;exact_normalized_filename
Армейский жим;https://ac22cf36-390e-4f3a-b58f-98eb399f6f3b.selstorage.ru/exercises/%D0%B0%D1%80%D0%BC%D0%B5%D0%B9%D1%81%D0%BA%D0%B8%D0%B9-%D0%B6%D0%B8%D0%BC.mp4;1.000;matched;exact_normalized_filename
Тяга к подбородку в кроссовере;https://ac22cf36-390e-4f3a-b58f-98eb399f6f3b.selstorage.ru/exercises/%D1%82%D1%8F%D0%B3%D0%B0-%D0%BA-%D0%BF%D0%BE%D0%B4%D0%B1%D0%BE%D1%80%D0%BE%D0%B4%D0%BA%D1%83-%D0%B2-%D0%BA%D1%80%D0%BE%D1%81%D1%81%D0%BE%D0%B2%D0%B5%D1%80%D0%B5.mp4;1.000;matched;exact_normalized_filename
Тяга Ли Хэйни;https://ac22cf36-390e-4f3a-b58f-98eb399f6f3b.selstorage.ru/exercises/%D1%82%D1%8F%D0%B3%D0%B0-%D0%BB%D0%B8-%D1%85%D1%8D%D0%B9%D0%BD%D0%B8.mp4;1.000;matched;exact_normalized_filename
"Махи на плечи в кроссовере, тросс сзади";https://ac22cf36-390e-4f3a-b58f-98eb399f6f3b.selstorage.ru/exercises/%D0%BC%D0%B0%D1%85%D0%B8-%D0%BD%D0%B0-%D0%BF%D0%BB%D0%B5%D1%87%D0%B8-%D0%B2-%D0%BA%D1%80%D0%BE%D1%81%D1%81%D0%BE%D0%B2%D0%B5%D1%80%D0%B5-%D1%82%D1%80%D0%BE%D1%81%D1%81-%D1%81%D0%B7%D0%B0%D0%B4%D0%B8.mp4;1.000;matched;exact_normalized_filename
Жим на плечи под 60* в смитте;https://ac22cf36-390e-4f3a-b58f-98eb399f6f3b.selstorage.ru/exercises/%D0%B6%D0%B8%D0%BC-%D0%BD%D0%B0-%D0%BF%D0%BB%D0%B5%D1%87%D0%B8-%D0%BF%D0%BE%D0%B4-60-%D0%B2-%D1%81%D0%BC%D0%B8%D1%82%D1%82%D0%B5.mp4;1.000;matched;exact_normalized_filename
Махи на скамье под 45*;https://ac22cf36-390e-4f3a-b58f-98eb399f6f3b.selstorage.ru/exercises/%D0%BC%D0%B0%D1%85%D0%B8-%D0%BD%D0%B0-%D1%81%D0%BA%D0%B0%D0%BC%D1%8C%D0%B5-%D0%BF%D0%BE%D0%B4-45.mp4;1.000;matched;exact_normalized_filename
Жим Арнольда;;0.500;missing_video;best_below_threshold: exercises/армейский-жим.mp4
Жим гантелей сидя;https://ac22cf36-390e-4f3a-b58f-98eb399f6f3b.selstorage.ru/exercises/%D0%B6%D0%B8%D0%BC-%D0%B3%D0%B0%D0%BD%D1%82%D0%B5%D0%BB%D0%B5%D0%B9-%D1%81%D0%B8%D0%B4%D1%8F.mp4;1.000;matched;exact_normalized_filename
Изодинамические махи гантелями сидя;https://ac22cf36-390e-4f3a-b58f-98eb399f6f3b.selstorage.ru/exercises/%D0%B8%D0%B7%D0%BE%D0%B4%D0%B8%D0%BD%D0%B0%D0%BC%D0%B8%D1%87%D0%B5%D1%81%D0%BA%D0%B8%D0%B5-%D0%BC%D0%B0%D1%85%D0%B8-%D0%B3%D0%B0%D0%BD%D1%82%D0%B5%D0%BB%D1%8F%D0%BC%D0%B8-%D1%81%D0%B8%D0%B4%D1%8F.mp4;1.000;matched;exact_normalized_filename
Тяга штанги к подбородку;https://ac22cf36-390e-4f3a-b58f-98eb399f6f3b.selstorage.ru/exercises/%D1%82%D1%8F%D0%B3%D0%B0-%D1%88%D1%82%D0%B0%D0%BD%D0%B3%D0%B8-%D0%BA-%D0%BF%D0%BE%D0%B4%D0%B1%D0%BE%D1%80%D0%BE%D0%B4%D0%BA%D1%83.mp4;1.000;matched;exact_normalized_filename
Фронтальные махи со штангой стоя;https://ac22cf36-390e-4f3a-b58f-98eb399f6f3b.selstorage.ru/exercises/%D1%84%D1%80%D0%BE%D0%BD%D1%82%D0%B0%D0%BB%D1%8C%D0%BD%D1%8B%D0%B5-%D0%BC%D0%B0%D1%85%D0%B8-%D1%81%D0%BE-%D1%88%D1%82%D0%B0%D0%BD%D0%B3%D0%BE%D0%B9-%D1%81%D1%82%D0%BE%D1%8F.mp4;1.000;matched;exact_normalized_filename
"Тяга ""Арбалет"" на заднюю дельту";https://ac22cf36-390e-4f3a-b58f-98eb399f6f3b.selstorage.ru/exercises/%D1%82%D1%8F%D0%B3%D0%B0-%D0%B0%D1%80%D0%B1%D0%B0%D0%BB%D0%B5%D1%82-%D0%BD%D0%B0-%D0%B7%D0%B0%D0%B4%D0%BD%D1%8E%D1%8E-%D0%B4%D0%B5%D0%BB%D1%8C%D1%82%D1%83.mp4;1.000;matched;exact_normalized_filename
Задняя дельта в кроссовере стоя;https://ac22cf36-390e-4f3a-b58f-98eb399f6f3b.selstorage.ru/exercises/%D0%B7%D0%B0%D0%B4%D0%BD%D1%8F%D1%8F-%D0%B4%D0%B5%D0%BB%D1%8C%D1%82%D0%B0-%D0%B2-%D0%BA%D1%80%D0%BE%D1%81%D1%81%D0%BE%D0%B2%D0%B5%D1%80%D0%B5-%D1%81%D1%82%D0%BE%D1%8F.mp4;1.000;matched;exact_normalized_filename
Изодинамические махи гантелями;https://ac22cf36-390e-4f3a-b58f-98eb399f6f3b.selstorage.ru/exercises/%D0%B8%D0%B7%D0%BE%D0%B4%D0%B8%D0%BD%D0%B0%D0%BC%D0%B8%D1%87%D0%B5%D1%81%D0%BA%D0%B8%D0%B5-%D0%BC%D0%B0%D1%85%D0%B8-%D0%B3%D0%B0%D0%BD%D1%82%D0%B5%D0%BB%D1%8F%D0%BC%D0%B8.mp4;1.000;matched;exact_normalized_filename
Дуговые махи гантелями;https://ac22cf36-390e-4f3a-b58f-98eb399f6f3b.selstorage.ru/exercises/%D0%B4%D1%83%D0%B3%D0%BE%D0%B2%D1%8B%D0%B5-%D0%BC%D0%B0%D1%85%D0%B8-%D0%B3%D0%B0%D0%BD%D1%82%D0%B5%D0%BB%D1%8F%D0%BC%D0%B8.mp4;1.000;matched;exact_normalized_filename
Махи на заднюю дельту на 30* скамье;https://ac22cf36-390e-4f3a-b58f-98eb399f6f3b.selstorage.ru/exercises/%D0%BC%D0%B0%D1%85%D0%B8-%D0%BD%D0%B0-%D0%B7%D0%B0%D0%B4%D0%BD%D1%8E%D1%8E-%D0%B4%D0%B5%D0%BB%D1%8C%D1%82%D1%83-%D0%BD%D0%B0-30-%D1%81%D0%BA%D0%B0%D0%BC%D1%8C%D0%B5.mp4;1.000;matched;exact_normalized_filename
Махи дерижер на заднюю дельту;https://ac22cf36-390e-4f3a-b58f-98eb399f6f3b.selstorage.ru/exercises/%D0%BC%D0%B0%D1%85%D0%B8-%D0%B4%D0%B5%D1%80%D0%B8%D0%B6%D0%B5%D1%80-%D0%BD%D0%B0-%D0%B7%D0%B0%D0%B4%D0%BD%D1%8E%D1%8E-%D0%B4%D0%B5%D0%BB%D1%8C%D1%82%D1%83.mp4;1.000;matched;exact_normalized_filename
Дуговые махи гантелями стоя;https://ac22cf36-390e-4f3a-b58f-98eb399f6f3b.selstorage.ru/exercises/%D0%B4%D1%83%D0%B3%D0%BE%D0%B2%D1%8B%D0%B5-%D0%BC%D0%B0%D1%85%D0%B8-%D0%B3%D0%B0%D0%BD%D1%82%D0%B5%D0%BB%D1%8F%D0%BC%D0%B8-%D1%81%D1%82%D0%BE%D1%8F.mp4;1.000;matched;exact_normalized_filename
Махи гантелями стоя;https://ac22cf36-390e-4f3a-b58f-98eb399f6f3b.selstorage.ru/exercises/%D0%BC%D0%B0%D1%85%D0%B8-%D0%B3%D0%B0%D0%BD%D1%82%D0%B5%D0%BB%D1%8F%D0%BC%D0%B8-%D1%81%D1%82%D0%BE%D1%8F.mp4;1.000;matched;exact_normalized_filename
Фронтальные махи с гантелями;https://ac22cf36-390e-4f3a-b58f-98eb399f6f3b.selstorage.ru/exercises/%D1%84%D1%80%D0%BE%D0%BD%D1%82%D0%B0%D0%BB%D1%8C%D0%BD%D1%8B%D0%B5-%D0%BC%D0%B0%D1%85%D0%B8-%D1%81-%D0%B3%D0%B0%D0%BD%D1%82%D0%B5%D0%BB%D1%8F%D0%BC%D0%B8.mp4;1.000;matched;exact_normalized_filename
Антиротационные выпады с эспандером;https://ac22cf36-390e-4f3a-b58f-98eb399f6f3b.selstorage.ru/exercises/%D0%B0%D0%BD%D1%82%D0%B8%D1%80%D0%BE%D1%82%D0%B0%D1%86%D0%B8%D0%BE%D0%BD%D0%BD%D1%8B%D0%B5-%D0%B2%D1%8B%D0%BF%D0%B0%D0%B4%D1%8B-%D1%81-%D1%8D%D1%81%D0%BF%D0%B0%D0%BD%D0%B4%D0%B5%D1%80%D0%BE%D0%BC.mp4;1.000;matched;exact_normalized_filename
Выпады с гантелями;https://ac22cf36-390e-4f3a-b58f-98eb399f6f3b.selstorage.ru/exercises/%D0%B2%D1%8B%D0%BF%D0%B0%D0%B4%D1%8B-%D1%81-%D0%B3%D0%B0%D0%BD%D1%82%D0%B5%D0%BB%D1%8F%D0%BC%D0%B8.mp4;1.000;matched;exact_normalized_filename
Ягодичный мост в смитте;https://ac22cf36-390e-4f3a-b58f-98eb399f6f3b.selstorage.ru/exercises/%D1%8F%D0%B3%D0%BE%D0%B4%D0%B8%D1%87%D0%BD%D1%8B%D0%B9-%D0%BC%D0%BE%D1%81%D1%82-%D0%B2-%D1%81%D0%BC%D0%B8%D1%82%D1%82%D0%B5.mp4;1.000;matched;exact_normalized_filename
Зашагивания на тумбу;https://ac22cf36-390e-4f3a-b58f-98eb399f6f3b.selstorage.ru/exercises/%D0%B7%D0%B0%D1%88%D0%B0%D0%B3%D0%B8%D0%B2%D0%B0%D0%BD%D0%B8%D1%8F-%D0%BD%D0%B0-%D1%82%D1%83%D0%BC%D0%B1%D1%83.mp4;1.000;matched;exact_normalized_filename
Выпады в кроссовере;https://ac22cf36-390e-4f3a-b58f-98eb399f6f3b.selstorage.ru/exercises/%D0%B2%D1%8B%D0%BF%D0%B0%D0%B4%D1%8B-%D0%B2-%D0%BA%D1%80%D0%BE%D1%81%D1%81%D0%BE%D0%B2%D0%B5%D1%80%D0%B5.mp4;1.000;matched;exact_normalized_filename
Си-си присед с собственным весом;https://ac22cf36-390e-4f3a-b58f-98eb399f6f3b.selstorage.ru/exercises/%D1%81%D0%B8-%D1%81%D0%B8-%D0%BF%D1%80%D0%B8%D1%81%D0%B5%D0%B4-%D1%81-%D1%81%D0%BE%D0%B1%D1%81%D1%82%D0%B2%D0%B5%D0%BD%D0%BD%D1%8B%D0%BC-%D0%B2%D0%B5%D1%81%D0%BE%D0%BC.mp4;1.000;matched;exact_normalized_filename
Сгибание ног сидя;https://ac22cf36-390e-4f3a-b58f-98eb399f6f3b.selstorage.ru/exercises/%D1%81%D0%B3%D0%B8%D0%B1%D0%B0%D0%BD%D0%B8%D0%B5-%D0%BD%D0%BE%D0%B3-%D1%81%D0%B8%D0%B4%D1%8F.mp4;1.000;matched;exact_normalized_filename
Си-си присед на бицепс бедра в смите;https://ac22cf36-390e-4f3a-b58f-98eb399f6f3b.selstorage.ru/exercises/%D1%81%D0%B8-%D1%81%D0%B8-%D0%BF%D1%80%D0%B8%D1%81%D0%B5%D0%B4-%D0%BD%D0%B0-%D0%B1%D0%B8%D1%86%D0%B5%D0%BF%D1%81-%D0%B1%D0%B5%D0%B4%D1%80%D0%B0-%D0%B2-%D1%81%D0%BC%D0%B8%D1%82%D0%B5.mp4;1.000;matched;exact_normalized_filename
Жим платформы на ягодицы;https://ac22cf36-390e-4f3a-b58f-98eb399f6f3b.selstorage.ru/exercises/%D0%B6%D0%B8%D0%BC-%D0%BF%D0%BB%D0%B0%D1%82%D1%84%D0%BE%D1%80%D0%BC%D1%8B-%D0%BD%D0%B0-%D1%8F%D0%B3%D0%BE%D0%B4%D0%B8%D1%86%D1%8B.mp4;1.000;matched;exact_normalized_filename
Жим ногами на бицепс бедра;https://ac22cf36-390e-4f3a-b58f-98eb399f6f3b.selstorage.ru/exercises/%D0%B6%D0%B8%D0%BC-%D0%BD%D0%BE%D0%B3%D0%B0%D0%BC%D0%B8-%D0%BD%D0%B0-%D0%B1%D0%B8%D1%86%D0%B5%D0%BF%D1%81-%D0%B1%D0%B5%D0%B4%D1%80%D0%B0.mp4;1.000;matched;exact_normalized_filename
Жим платформы по 1 ноге;https://ac22cf36-390e-4f3a-b58f-98eb399f6f3b.selstorage.ru/exercises/%D0%B6%D0%B8%D0%BC-%D0%BF%D0%BB%D0%B0%D1%82%D1%84%D0%BE%D1%80%D0%BC%D1%8B-%D0%BF%D0%BE-1-%D0%BD%D0%BE%D0%B3%D0%B5.mp4;1.000;matched;exact_normalized_filename
Приседания в смите;https://ac22cf36-390e-4f3a-b58f-98eb399f6f3b.selstorage.ru/exercises/%D0%BF%D1%80%D0%B8%D1%81%D0%B5%D0%B4%D0%B0%D0%BD%D0%B8%D1%8F-%D0%B2-%D1%81%D0%BC%D0%B8%D1%82%D0%B5.mp4;1.000;matched;exact_normalized_filename
Жим ногами;https://ac22cf36-390e-4f3a-b58f-98eb399f6f3b.selstorage.ru/exercises/%D0%B6%D0%B8%D0%BC-%D0%BD%D0%BE%D0%B3%D0%B0%D0%BC%D0%B8.mp4;1.000;matched;exact_normalized_filename
Выпады в смитте;https://ac22cf36-390e-4f3a-b58f-98eb399f6f3b.selstorage.ru/exercises/%D0%B2%D1%8B%D0%BF%D0%B0%D0%B4%D1%8B-%D0%B2-%D1%81%D0%BC%D0%B8%D1%82%D1%82%D0%B5.mp4;1.000;matched;exact_normalized_filename
Си-си приседания на переднюю поверхность бедра;https://ac22cf36-390e-4f3a-b58f-98eb399f6f3b.selstorage.ru/exercises/%D1%81%D0%B8-%D1%81%D0%B8-%D0%BF%D1%80%D0%B8%D1%81%D0%B5%D0%B4%D0%B0%D0%BD%D0%B8%D1%8F-%D0%BD%D0%B0-%D0%BF%D0%B5%D1%80%D0%B5%D0%B4%D0%BD%D1%8E%D1%8E-%D0%BF%D0%BE%D0%B2%D0%B5%D1%80%D1%85%D0%BD%D0%BE%D1%81%D1%82%D1%8C-%D0%B1%D0%B5%D0%B4%D1%80%D0%B0.mp4;1.000;matched;exact_normalized_filename
Выпады со штангой на ягодицы;https://ac22cf36-390e-4f3a-b58f-98eb399f6f3b.selstorage.ru/exercises/%D0%B2%D1%8B%D0%BF%D0%B0%D0%B4%D1%8B-%D1%81%D0%BE-%D1%88%D1%82%D0%B0%D0%BD%D0%B3%D0%BE%D0%B9-%D0%BD%D0%B0-%D1%8F%D0%B3%D0%BE%D0%B4%D0%B8%D1%86%D1%8B.mp4;1.000;matched;exact_normalized_filename
Жим ногами с параллельной постановкой ног;;0.800;manual_review;low_confidence_token_match
Сгибание лежа по 1 ноге;https://ac22cf36-390e-4f3a-b58f-98eb399f6f3b.selstorage.ru/exercises/%D1%81%D0%B3%D0%B8%D0%B1%D0%B0%D0%BD%D0%B8%D0%B5-%D0%BB%D0%B5%D0%B6%D0%B0-%D0%BF%D0%BE-1-%D0%BD%D0%BE%D0%B3%D0%B5.mp4;1.000;matched;exact_normalized_filename
Жим ногами с широкой постановкой ног;;1.000;duplicate_conflict;same_file_matched_multiple_exercises: Жим ногами с параллельной постановкой ног | Жим ногами с широкой постановкой ног
Латеральные или боковые зашагивания;https://ac22cf36-390e-4f3a-b58f-98eb399f6f3b.selstorage.ru/exercises/%D0%BB%D0%B0%D1%82%D0%B5%D1%80%D0%B0%D0%BB%D1%8C%D0%BD%D1%8B%D0%B5-%D0%B8%D0%BB%D0%B8-%D0%B1%D0%BE%D0%BA%D0%BE%D0%B2%D1%8B%D0%B5-%D0%B7%D0%B0%D1%88%D0%B0%D0%B3%D0%B8%D0%B2%D0%B0%D0%BD%D0%B8%D1%8F.mp4;1.000;matched;exact_normalized_filename
Сгибание ног лёжа;https://ac22cf36-390e-4f3a-b58f-98eb399f6f3b.selstorage.ru/exercises/%D1%81%D0%B3%D0%B8%D0%B1%D0%B0%D0%BD%D0%B8%D0%B5-%D0%BD%D0%BE%D0%B3-%D0%BB%D0%B5%D0%B6%D0%B0.mp4;1.000;matched;exact_normalized_filename
Фронтальные приседания;https://ac22cf36-390e-4f3a-b58f-98eb399f6f3b.selstorage.ru/exercises/%D1%84%D1%80%D0%BE%D0%BD%D1%82%D0%B0%D0%BB%D1%8C%D0%BD%D1%8B%D0%B5-%D0%BF%D1%80%D0%B8%D1%81%D0%B5%D0%B4%D0%B0%D0%BD%D0%B8%D1%8F.mp4;1.000;matched;exact_normalized_filename
Плеометрический ГАК;https://ac22cf36-390e-4f3a-b58f-98eb399f6f3b.selstorage.ru/exercises/%D0%BF%D0%BB%D0%B5%D0%BE%D0%BC%D0%B5%D1%82%D1%80%D0%B8%D1%87%D0%B5%D1%81%D0%BA%D0%B8%D0%B9-%D0%B3%D0%B0%D0%BA.mp4;1.000;matched;exact_normalized_filename
Гак присед;;1.000;duplicate_conflict;same_file_matched_multiple_exercises: Гак присед | Обратный Гак присед
Обратный Гак присед;;0.667;manual_review;low_confidence_token_match
Выпрыгивания с места;https://ac22cf36-390e-4f3a-b58f-98eb399f6f3b.selstorage.ru/exercises/%D0%B2%D1%8B%D0%BF%D1%80%D1%8B%D0%B3%D0%B8%D0%B2%D0%B0%D0%BD%D0%B8%D1%8F-%D1%81-%D0%BC%D0%B5%D1%81%D1%82%D0%B0.mp4;1.000;matched;exact_normalized_filename
Горизонтальный жим ногами;https://ac22cf36-390e-4f3a-b58f-98eb399f6f3b.selstorage.ru/exercises/%D0%B3%D0%BE%D1%80%D0%B8%D0%B7%D0%BE%D0%BD%D1%82%D0%B0%D0%BB%D1%8C%D0%BD%D1%8B%D0%B9-%D0%B6%D0%B8%D0%BC-%D0%BD%D0%BE%D0%B3%D0%B0%D0%BC%D0%B8.mp4;1.000;matched;exact_normalized_filename
Сведение и разведение ног;https://ac22cf36-390e-4f3a-b58f-98eb399f6f3b.selstorage.ru/exercises/%D1%81%D0%B2%D0%B5%D0%B4%D0%B5%D0%BD%D0%B8%D0%B5-%D0%B8-%D1%80%D0%B0%D0%B7%D0%B2%D0%B5%D0%B4%D0%B5%D0%BD%D0%B8%D0%B5-%D0%BD%D0%BE%D0%B3.mp4;1.000;matched;exact_normalized_filename
Ягодичный мост со штангой;https://ac22cf36-390e-4f3a-b58f-98eb399f6f3b.selstorage.ru/exercises/%D1%8F%D0%B3%D0%BE%D0%B4%D0%B8%D1%87%D0%BD%D1%8B%D0%B9-%D0%BC%D0%BE%D1%81%D1%82-%D1%81%D0%BE-%D1%88%D1%82%D0%B0%D0%BD%D0%B3%D0%BE%D0%B9.mp4;1.000;matched;exact_normalized_filename
Присед с точкой опоры;https://ac22cf36-390e-4f3a-b58f-98eb399f6f3b.selstorage.ru/exercises/%D0%BF%D1%80%D0%B8%D1%81%D0%B5%D0%B4-%D1%81-%D1%82%D0%BE%D1%87%D0%BA%D0%BE%D0%B9-%D0%BE%D0%BF%D0%BE%D1%80%D1%8B.mp4;1.000;matched;exact_normalized_filename
Ягодицы с канатом в кроссовере;https://ac22cf36-390e-4f3a-b58f-98eb399f6f3b.selstorage.ru/exercises/%D1%8F%D0%B3%D0%BE%D0%B4%D0%B8%D1%86%D1%8B-%D1%81-%D0%BA%D0%B0%D0%BD%D0%B0%D1%82%D0%BE%D0%BC-%D0%B2-%D0%BA%D1%80%D0%BE%D1%81%D1%81%D0%BE%D0%B2%D0%B5%D1%80%D0%B5.mp4;1.000;matched;exact_normalized_filename
Ягодицы в тренажере;https://ac22cf36-390e-4f3a-b58f-98eb399f6f3b.selstorage.ru/exercises/%D1%8F%D0%B3%D0%BE%D0%B4%D0%B8%D1%86%D1%8B-%D0%B2-%D1%82%D1%80%D0%B5%D0%BD%D0%B0%D0%B6%D0%B5%D1%80%D0%B5.mp4;1.000;matched;exact_normalized_filename
Ягодичный мост на полу;https://ac22cf36-390e-4f3a-b58f-98eb399f6f3b.selstorage.ru/exercises/%D1%8F%D0%B3%D0%BE%D0%B4%D0%B8%D1%87%D0%BD%D1%8B%D0%B9-%D0%BC%D0%BE%D1%81%D1%82-%D0%BD%D0%B0-%D0%BF%D0%BE%D0%BB%D1%83.mp4;1.000;matched;exact_normalized_filename
Махи на ягодицы в кроссовере;https://ac22cf36-390e-4f3a-b58f-98eb399f6f3b.selstorage.ru/exercises/%D0%BC%D0%B0%D1%85%D0%B8-%D0%BD%D0%B0-%D1%8F%D0%B3%D0%BE%D0%B4%D0%B8%D1%86%D1%8B-%D0%B2-%D0%BA%D1%80%D0%BE%D1%81%D1%81%D0%BE%D0%B2%D0%B5%D1%80%D0%B5.mp4;1.000;matched;exact_normalized_filename
Ягодичный мост в тренажере;https://ac22cf36-390e-4f3a-b58f-98eb399f6f3b.selstorage.ru/exercises/%D1%8F%D0%B3%D0%BE%D0%B4%D0%B8%D1%87%D0%BD%D1%8B%D0%B9-%D0%BC%D0%BE%D1%81%D1%82-%D0%B2-%D1%82%D1%80%D0%B5%D0%BD%D0%B0%D0%B6%D0%B5%D1%80%D0%B5.mp4;1.000;matched;exact_normalized_filename
Болгарский присед;https://ac22cf36-390e-4f3a-b58f-98eb399f6f3b.selstorage.ru/exercises/%D0%B1%D0%BE%D0%BB%D0%B3%D0%B0%D1%80%D1%81%D0%BA%D0%B8%D0%B9-%D0%BF%D1%80%D0%B8%D1%81%D0%B5%D0%B4.mp4;1.000;matched;exact_normalized_filename
Мёртвая тяга;https://ac22cf36-390e-4f3a-b58f-98eb399f6f3b.selstorage.ru/exercises/%D0%BC%D0%B5%D1%80%D1%82%D0%B2%D0%B0%D1%8F-%D1%82%D1%8F%D0%B3%D0%B0.mp4;1.000;matched;exact_normalized_filename
Разгибание ног;;0.333;missing_video;best_below_threshold: exercises/планка-с-перестановкой-ног.mp4
Приседание в кроссовере;https://ac22cf36-390e-4f3a-b58f-98eb399f6f3b.selstorage.ru/exercises/%D0%BF%D1%80%D0%B8%D1%81%D0%B5%D0%B4%D0%B0%D0%BD%D0%B8%D0%B5-%D0%B2-%D0%BA%D1%80%D0%BE%D1%81%D1%81%D0%BE%D0%B2%D0%B5%D1%80%D0%B5.mp4;1.000;matched;exact_normalized_filename
Приседания со штангой;https://ac22cf36-390e-4f3a-b58f-98eb399f6f3b.selstorage.ru/exercises/%D0%BF%D1%80%D0%B8%D1%81%D0%B5%D0%B4%D0%B0%D0%BD%D0%B8%D1%8F-%D1%81%D0%BE-%D1%88%D1%82%D0%B0%D0%BD%D0%B3%D0%BE%D0%B9-%D1%82%D0%B5%D1%85%D0%BD%D0%B8%D0%BA%D0%B0-%D0%B2%D1%8B%D0%BF%D0%BE%D0%BB%D0%BD%D0%B5%D0%BD%D0%B8%D1%8F-%D1%83%D0%BF%D1%80%D0%B0%D0%B6%D0%BD%D0%B5%D0%BD%D0%B8%D0%B9.mp4;1.000;matched;high_confidence_token_match
Отходы со штангой;https://ac22cf36-390e-4f3a-b58f-98eb399f6f3b.selstorage.ru/exercises/%D0%BE%D1%82%D1%85%D0%BE%D0%B4%D1%8B-%D1%81%D0%BE-%D1%88%D1%82%D0%B0%D0%BD%D0%B3%D0%BE%D0%B9.mp4;1.000;matched;exact_normalized_filename
Приседания с паузой;https://ac22cf36-390e-4f3a-b58f-98eb399f6f3b.selstorage.ru/exercises/%D0%BF%D1%80%D0%B8%D1%81%D0%B5%D0%B4%D0%B0%D0%BD%D0%B8%D1%8F-%D1%81-%D0%BF%D0%B0%D1%83%D0%B7%D0%BE%D0%B9-%D1%82%D0%B5%D1%85%D0%BD%D0%B8%D0%BA%D0%B0-%D0%B2%D1%8B%D0%BF%D0%BE%D0%BB%D0%BD%D0%B5%D0%BD%D0%B8%D1%8F-%D1%83%D0%BF%D1%80%D0%B0%D0%B6%D0%BD%D0%B5%D0%BD%D0%B8%D0%B9.mp4;1.000;matched;high_confidence_token_match
Антиротация на пресс;https://ac22cf36-390e-4f3a-b58f-98eb399f6f3b.selstorage.ru/exercises/%D0%B0%D0%BD%D1%82%D0%B8%D1%80%D0%BE%D1%82%D0%B0%D1%86%D0%B8%D1%8F-%D0%BD%D0%B0-%D0%BF%D1%80%D0%B5%D1%81%D1%81.mp4;1.000;matched;exact_normalized_filename
Планка на фитболе под ногами;https://ac22cf36-390e-4f3a-b58f-98eb399f6f3b.selstorage.ru/exercises/%D0%BF%D0%BB%D0%B0%D0%BD%D0%BA%D0%B0-%D0%BD%D0%B0-%D1%84%D0%B8%D1%82%D0%B1%D0%BE%D0%BB%D0%B5-%D0%BF%D0%BE%D0%B4-%D0%BD%D0%BE%D0%B3%D0%B0%D0%BC%D0%B8.mp4;1.000;matched;exact_normalized_filename
Латеральная или боковая планка;https://ac22cf36-390e-4f3a-b58f-98eb399f6f3b.selstorage.ru/exercises/%D0%BB%D0%B0%D1%82%D0%B5%D1%80%D0%B0%D0%BB%D1%8C%D0%BD%D0%B0%D1%8F-%D0%BF%D0%BB%D0%B0%D0%BD%D0%BA%D0%B0-%D0%B8%D0%BB%D0%B8-%D0%B1%D0%BE%D0%BA%D0%BE%D0%B2%D0%B0%D1%8F-%D0%BF%D0%BB%D0%B0%D0%BD%D0%BA%D0%B0.mp4;1.000;matched;high_confidence_token_match
Скручивания на скамье для пресса;https://ac22cf36-390e-4f3a-b58f-98eb399f6f3b.selstorage.ru/exercises/%D1%81%D0%BA%D1%80%D1%83%D1%87%D0%B8%D0%B2%D0%B0%D0%BD%D0%B8%D1%8F-%D0%BD%D0%B0-%D1%81%D0%BA%D0%B0%D0%BC%D1%8C%D0%B5-%D0%B4%D0%BB%D1%8F-%D0%BF%D1%80%D0%B5%D1%81%D1%81%D0%B0.mp4;1.000;matched;exact_normalized_filename
Подъемы ног на скамье для пресса;https://ac22cf36-390e-4f3a-b58f-98eb399f6f3b.selstorage.ru/exercises/%D0%BF%D0%BE%D0%B4%D1%8A%D0%B5%D0%BC%D1%8B-%D0%BD%D0%BE%D0%B3-%D0%BD%D0%B0-%D1%81%D0%BA%D0%B0%D0%BC%D1%8C%D0%B5-%D0%B4%D0%BB%D1%8F-%D0%BF%D1%80%D0%B5%D1%81%D1%81%D0%B0.mp4;1.000;matched;exact_normalized_filename
Планка с перестановкой ног и рук;https://ac22cf36-390e-4f3a-b58f-98eb399f6f3b.selstorage.ru/exercises/%D0%BF%D0%BB%D0%B0%D0%BD%D0%BA%D0%B0-%D1%81-%D0%BF%D0%B5%D1%80%D0%B5%D1%81%D1%82%D0%B0%D0%BD%D0%BE%D0%B2%D0%BA%D0%BE%D0%B9-%D0%BD%D0%BE%D0%B3-%D0%B8-%D1%80%D1%83%D0%BA.mp4;1.000;matched;exact_normalized_filename
Планка с перестановкой рук;https://ac22cf36-390e-4f3a-b58f-98eb399f6f3b.selstorage.ru/exercises/%D0%BF%D0%BB%D0%B0%D0%BD%D0%BA%D0%B0-%D1%81-%D0%BF%D0%B5%D1%80%D0%B5%D1%81%D1%82%D0%B0%D0%BD%D0%BE%D0%B2%D0%BA%D0%BE%D0%B9-%D1%80%D1%83%D0%BA.mp4;1.000;matched;exact_normalized_filename
Планка на фитболе под руками;https://ac22cf36-390e-4f3a-b58f-98eb399f6f3b.selstorage.ru/exercises/%D0%BF%D0%BB%D0%B0%D0%BD%D0%BA%D0%B0-%D0%BD%D0%B0-%D1%84%D0%B8%D1%82%D0%B1%D0%BE%D0%BB%D0%B5-%D0%BF%D0%BE%D0%B4-%D1%80%D1%83%D0%BA%D0%B0%D0%BC%D0%B8.mp4;1.000;matched;exact_normalized_filename
Планка на босу;https://ac22cf36-390e-4f3a-b58f-98eb399f6f3b.selstorage.ru/exercises/%D0%BF%D0%BB%D0%B0%D0%BD%D0%BA%D0%B0-%D0%BD%D0%B0-%D0%B1%D0%BE%D1%81%D1%83.mp4;1.000;matched;exact_normalized_filename
Планка на босу под ногами;https://ac22cf36-390e-4f3a-b58f-98eb399f6f3b.selstorage.ru/exercises/%D0%BF%D0%BB%D0%B0%D0%BD%D0%BA%D0%B0-%D0%BD%D0%B0-%D0%B1%D0%BE%D1%81%D1%83-%D0%BF%D0%BE%D0%B4-%D0%BD%D0%BE%D0%B3%D0%B0%D0%BC%D0%B8.mp4;1.000;matched;exact_normalized_filename
Косые скручивания с мячом;https://ac22cf36-390e-4f3a-b58f-98eb399f6f3b.selstorage.ru/exercises/%D0%BA%D0%BE%D1%81%D1%8B%D0%B5-%D1%81%D0%BA%D1%80%D1%83%D1%87%D0%B8%D0%B2%D0%B0%D0%BD%D0%B8%D1%8F-%D1%81-%D0%BC%D1%8F%D1%87%D0%BE%D0%BC.mp4;1.000;matched;exact_normalized_filename
Прямые скручивания с мячом;https://ac22cf36-390e-4f3a-b58f-98eb399f6f3b.selstorage.ru/exercises/%D0%BF%D1%80%D1%8F%D0%BC%D1%8B%D0%B5-%D1%81%D0%BA%D1%80%D1%83%D1%87%D0%B8%D0%B2%D0%B0%D0%BD%D0%B8%D1%8F-%D1%81-%D0%BC%D1%8F%D1%87%D0%BE%D0%BC.mp4;1.000;matched;exact_normalized_filename
Пресс на босу;https://ac22cf36-390e-4f3a-b58f-98eb399f6f3b.selstorage.ru/exercises/%D0%BF%D1%80%D0%B5%D1%81%D1%81-%D0%BD%D0%B0-%D0%B1%D0%BE%D1%81%D1%83.mp4;1.000;matched;exact_normalized_filename
Скрепка на пресс;https://ac22cf36-390e-4f3a-b58f-98eb399f6f3b.selstorage.ru/exercises/%D1%81%D0%BA%D1%80%D0%B5%D0%BF%D0%BA%D0%B0-%D0%BD%D0%B0-%D0%BF%D1%80%D0%B5%D1%81%D1%81.mp4;1.000;matched;exact_normalized_filename
Касание пяток на пресс;https://ac22cf36-390e-4f3a-b58f-98eb399f6f3b.selstorage.ru/exercises/%D0%BA%D0%B0%D1%81%D0%B0%D0%BD%D0%B8%D0%B5-%D0%BF%D1%8F%D1%82%D0%BE%D0%BA-%D0%BD%D0%B0-%D0%BF%D1%80%D0%B5%D1%81%D1%81.mp4;1.000;matched;exact_normalized_filename
Велосипедные скручивания на пресс;https://ac22cf36-390e-4f3a-b58f-98eb399f6f3b.selstorage.ru/exercises/%D0%B2%D0%B5%D0%BB%D0%BE%D1%81%D0%B8%D0%BF%D0%B5%D0%B4%D0%BD%D1%8B%D0%B5-%D1%81%D0%BA%D1%80%D1%83%D1%87%D0%B8%D0%B2%D0%B0%D0%BD%D0%B8%D1%8F-%D0%BD%D0%B0-%D0%BF%D1%80%D0%B5%D1%81%D1%81.mp4;1.000;matched;exact_normalized_filename
Скручивания на полу на пресс;https://ac22cf36-390e-4f3a-b58f-98eb399f6f3b.selstorage.ru/exercises/%D1%81%D0%BA%D1%80%D1%83%D1%87%D0%B8%D0%B2%D0%B0%D0%BD%D0%B8%D1%8F-%D0%BD%D0%B0-%D0%BF%D0%BE%D0%BB%D1%83-%D0%BD%D0%B0-%D0%BF%D1%80%D0%B5%D1%81%D1%81.mp4;1.000;matched;exact_normalized_filename
Классическая планка;https://ac22cf36-390e-4f3a-b58f-98eb399f6f3b.selstorage.ru/exercises/%D0%BA%D0%BB%D0%B0%D1%81%D1%81%D0%B8%D1%87%D0%B5%D1%81%D0%BA%D0%B0%D1%8F-%D0%BF%D0%BB%D0%B0%D0%BD%D0%BA%D0%B0.mp4;1.000;matched;exact_normalized_filename
Динамическая планка на косые мышцы;https://ac22cf36-390e-4f3a-b58f-98eb399f6f3b.selstorage.ru/exercises/%D0%B4%D0%B8%D0%BD%D0%B0%D0%BC%D0%B8%D1%87%D0%B5%D1%81%D0%BA%D0%B0%D1%8F-%D0%BF%D0%BB%D0%B0%D0%BD%D0%BA%D0%B0-%D0%BD%D0%B0-%D0%BA%D0%BE%D1%81%D1%8B%D0%B5-%D0%BC%D1%8B%D1%88%D1%86%D1%8B.mp4;1.000;matched;exact_normalized_filename
Планка с перестановкой ног;https://ac22cf36-390e-4f3a-b58f-98eb399f6f3b.selstorage.ru/exercises/%D0%BF%D0%BB%D0%B0%D0%BD%D0%BA%D0%B0-%D1%81-%D0%BF%D0%B5%D1%80%D0%B5%D1%81%D1%82%D0%B0%D0%BD%D0%BE%D0%B2%D0%BA%D0%BE%D0%B9-%D0%BD%D0%BE%D0%B3.mp4;1.000;matched;exact_normalized_filename
Подъемы ног на пресс;https://ac22cf36-390e-4f3a-b58f-98eb399f6f3b.selstorage.ru/exercises/%D0%BF%D0%BE%D0%B4%D1%8A%D0%B5%D0%BC%D1%8B-%D0%BD%D0%BE%D0%B3-%D0%BD%D0%B0-%D0%BF%D1%80%D0%B5%D1%81%D1%81.mp4;1.000;matched;exact_normalized_filename
Бицепс с двумя гантелями на скамье скотта;https://ac22cf36-390e-4f3a-b58f-98eb399f6f3b.selstorage.ru/exercises/%D0%B1%D0%B8%D1%86%D0%B5%D0%BF%D1%81-%D1%81-%D0%B4%D0%B2%D1%83%D0%BC%D1%8F-%D0%B3%D0%B0%D0%BD%D1%82%D0%B5%D0%BB%D1%8F%D0%BC%D0%B8-%D0%BD%D0%B0-%D1%81%D0%BA%D0%B0%D0%BC%D1%8C%D0%B5-%D1%81%D0%BA%D0%BE%D1%82%D1%82%D0%B0.mp4;1.000;matched;exact_normalized_filename
Бицепс с гантелью на скамье скотта;https://ac22cf36-390e-4f3a-b58f-98eb399f6f3b.selstorage.ru/exercises/%D0%B1%D0%B8%D1%86%D0%B5%D0%BF%D1%81-%D1%81-%D0%B3%D0%B0%D0%BD%D1%82%D0%B5%D0%BB%D1%8C%D1%8E-%D0%BD%D0%B0-%D1%81%D0%BA%D0%B0%D0%BC%D1%8C%D0%B5-%D1%81%D0%BA%D0%BE%D1%82%D1%82%D0%B0.mp4;1.000;matched;exact_normalized_filename
21;https://ac22cf36-390e-4f3a-b58f-98eb399f6f3b.selstorage.ru/exercises/21.mp4;1.000;matched;exact_normalized_filename
Бицепс со штангой в скамье скотта;https://ac22cf36-390e-4f3a-b58f-98eb399f6f3b.selstorage.ru/exercises/%D0%B1%D0%B8%D1%86%D0%B5%D0%BF%D1%81-%D1%81%D0%BE-%D1%88%D1%82%D0%B0%D0%BD%D0%B3%D0%BE%D0%B9-%D0%B2-%D1%81%D0%BA%D0%B0%D0%BC%D1%8C%D0%B5-%D1%81%D0%BA%D0%BE%D1%82%D1%82%D0%B0.mp4;1.000;matched;exact_normalized_filename
Подъем на бицепс с резинкой сидя;https://ac22cf36-390e-4f3a-b58f-98eb399f6f3b.selstorage.ru/exercises/%D0%BF%D0%BE%D0%B4%D1%8A%D0%B5%D0%BC-%D0%BD%D0%B0-%D0%B1%D0%B8%D1%86%D0%B5%D0%BF%D1%81-%D1%81-%D1%80%D0%B5%D0%B7%D0%B8%D0%BD%D0%BA%D0%BE%D0%B9-%D1%81%D0%B8%D0%B4%D1%8F.mp4;1.000;matched;exact_normalized_filename
Сгибание Зотмана;https://ac22cf36-390e-4f3a-b58f-98eb399f6f3b.selstorage.ru/exercises/%D1%81%D0%B3%D0%B8%D0%B1%D0%B0%D0%BD%D0%B8%D0%B5-%D0%B7%D0%BE%D1%82%D0%BC%D0%B0%D0%BD%D0%B0.mp4;1.000;matched;exact_normalized_filename
Подъем на бицепс в тренажёре для гребной тяги;https://ac22cf36-390e-4f3a-b58f-98eb399f6f3b.selstorage.ru/exercises/%D0%BF%D0%BE%D0%B4%D1%8A%D0%B5%D0%BC-%D0%BD%D0%B0-%D0%B1%D0%B8%D1%86%D0%B5%D0%BF%D1%81-%D0%B2-%D1%82%D1%80%D0%B5%D0%BD%D0%B0%D0%B6%D0%B5%D1%80%D0%B5-%D0%B4%D0%BB%D1%8F-%D0%B3%D1%80%D0%B5%D0%B1%D0%BD%D0%BE%D0%B9-%D1%82%D1%8F%D0%B3%D0%B8.mp4;1.000;matched;exact_normalized_filename
Подъем на бицепс спиной к кроссоверу;https://ac22cf36-390e-4f3a-b58f-98eb399f6f3b.selstorage.ru/exercises/%D0%BF%D0%BE%D0%B4%D1%8A%D0%B5%D0%BC-%D0%BD%D0%B0-%D0%B1%D0%B8%D1%86%D0%B5%D0%BF%D1%81-%D1%81%D0%BF%D0%B8%D0%BD%D0%BE%D0%B9-%D0%BA-%D0%BA%D1%80%D0%BE%D1%81%D1%81%D0%BE%D0%B2%D0%B5%D1%80%D1%83.mp4;1.000;matched;exact_normalized_filename
Молотковые сгибание на бицепс с канатной рукояткой в кроссовере;https://ac22cf36-390e-4f3a-b58f-98eb399f6f3b.selstorage.ru/exercises/%D0%BC%D0%BE%D0%BB%D0%BE%D1%82%D0%BA%D0%BE%D0%B2%D1%8B%D0%B5-%D1%81%D0%B3%D0%B8%D0%B1%D0%B0%D0%BD%D0%B8%D0%B5-%D0%BD%D0%B0-%D0%B1%D0%B8%D1%86%D0%B5%D0%BF%D1%81-%D1%81-%D0%BA%D0%B0%D0%BD%D0%B0%D1%82%D0%BD%D0%BE%D0%B9-%D1%80%D1%83%D0%BA%D0%BE%D1%8F%D1%82%D0%BA%D0%BE%D0%B9-%D0%B2-%D0%BA%D1%80%D0%BE%D1%81%D1%81%D0%BE%D0%B2%D0%B5%D1%80%D0%B5.mp4;1.000;matched;exact_normalized_filename
Подъем на бицепс обратным хватом;https://ac22cf36-390e-4f3a-b58f-98eb399f6f3b.selstorage.ru/exercises/%D0%BF%D0%BE%D0%B4%D1%8A%D0%B5%D0%BC-%D0%BD%D0%B0-%D0%B1%D0%B8%D1%86%D0%B5%D0%BF%D1%81-%D0%BE%D0%B1%D1%80%D0%B0%D1%82%D0%BD%D1%8B%D0%BC-%D1%85%D0%B2%D0%B0%D1%82%D0%BE%D0%BC.mp4;1.000;matched;exact_normalized_filename
Классический подъем на бицепс в кроссовере;https://ac22cf36-390e-4f3a-b58f-98eb399f6f3b.selstorage.ru/exercises/%D0%BA%D0%BB%D0%B0%D1%81%D1%81%D0%B8%D1%87%D0%B5%D1%81%D0%BA%D0%B8%D0%B9-%D0%BF%D0%BE%D0%B4%D1%8A%D0%B5%D0%BC-%D0%BD%D0%B0-%D0%B1%D0%B8%D1%86%D0%B5%D0%BF%D1%81-%D0%B2-%D0%BA%D1%80%D0%BE%D1%81%D1%81%D0%BE%D0%B2%D0%B5%D1%80%D0%B5.mp4;1.000;matched;exact_normalized_filename
Бицепс по 1 руке в кроссовере;https://ac22cf36-390e-4f3a-b58f-98eb399f6f3b.selstorage.ru/exercises/%D0%B1%D0%B8%D1%86%D0%B5%D0%BF%D1%81-%D0%BF%D0%BE-1-%D1%80%D1%83%D0%BA%D0%B5-%D0%B2-%D0%BA%D1%80%D0%BE%D1%81%D1%81%D0%BE%D0%B2%D0%B5%D1%80%D0%B5.mp4;1.000;matched;exact_normalized_filename
Бицепс с канатной рукояткой в кроссовере;https://ac22cf36-390e-4f3a-b58f-98eb399f6f3b.selstorage.ru/exercises/%D0%B1%D0%B8%D1%86%D0%B5%D0%BF%D1%81-%D1%81-%D0%BA%D0%B0%D0%BD%D0%B0%D1%82%D0%BD%D0%BE%D0%B9-%D1%80%D1%83%D0%BA%D0%BE%D1%8F%D1%82%D0%BA%D0%BE%D0%B9-%D0%B2-%D0%BA%D1%80%D0%BE%D1%81%D1%81%D0%BE%D0%B2%D0%B5%D1%80%D0%B5.mp4;1.000;matched;exact_normalized_filename
Изодинамиеский подъем на бицепс;https://ac22cf36-390e-4f3a-b58f-98eb399f6f3b.selstorage.ru/exercises/%D0%B8%D0%B7%D0%BE%D0%B4%D0%B8%D0%BD%D0%B0%D0%BC%D0%B8%D0%B5%D1%81%D0%BA%D0%B8%D0%B9-%D0%BF%D0%BE%D0%B4%D1%8A%D0%B5%D0%BC-%D0%BD%D0%B0-%D0%B1%D0%B8%D1%86%D0%B5%D0%BF%D1%81.mp4;1.000;matched;exact_normalized_filename
Попеременный подъем на бицепс;https://ac22cf36-390e-4f3a-b58f-98eb399f6f3b.selstorage.ru/exercises/%D0%BF%D0%BE%D0%BF%D0%B5%D1%80%D0%B5%D0%BC%D0%B5%D0%BD%D0%BD%D1%8B%D0%B9-%D0%BF%D0%BE%D0%B4%D1%8A%D0%B5%D0%BC-%D0%BD%D0%B0-%D0%B1%D0%B8%D1%86%D0%B5%D0%BF%D1%81.mp4;1.000;matched;exact_normalized_filename
Подъем на бицепс с упором в скамью;https://ac22cf36-390e-4f3a-b58f-98eb399f6f3b.selstorage.ru/exercises/%D0%BF%D0%BE%D0%B4%D1%8A%D0%B5%D0%BC-%D0%BD%D0%B0-%D0%B1%D0%B8%D1%86%D0%B5%D0%BF%D1%81-%D1%81-%D1%83%D0%BF%D0%BE%D1%80%D0%BE%D0%BC-%D0%B2-%D1%81%D0%BA%D0%B0%D0%BC%D1%8C%D1%8E.mp4;1.000;matched;exact_normalized_filename
Паучьи сгибания молотковым хватом;https://ac22cf36-390e-4f3a-b58f-98eb399f6f3b.selstorage.ru/exercises/%D0%BF%D0%B0%D1%83%D1%87%D1%8C%D0%B8-%D1%81%D0%B3%D0%B8%D0%B1%D0%B0%D0%BD%D0%B8%D1%8F-%D0%BC%D0%BE%D0%BB%D0%BE%D1%82%D0%BA%D0%BE%D0%B2%D1%8B%D0%BC-%D1%85%D0%B2%D0%B0%D1%82%D0%BE%D0%BC.mp4;1.000;matched;exact_normalized_filename
Паучьи сгибания;https://ac22cf36-390e-4f3a-b58f-98eb399f6f3b.selstorage.ru/exercises/%D0%BF%D0%B0%D1%83%D1%87%D1%8C%D0%B8-%D1%81%D0%B3%D0%B8%D0%B1%D0%B0%D0%BD%D0%B8%D1%8F.mp4;1.000;matched;exact_normalized_filename
Концентрированный подъем на бицепс;https://ac22cf36-390e-4f3a-b58f-98eb399f6f3b.selstorage.ru/exercises/%D0%BA%D0%BE%D0%BD%D1%86%D0%B5%D0%BD%D1%82%D1%80%D0%B8%D1%80%D0%BE%D0%B2%D0%B0%D0%BD%D0%BD%D1%8B%D0%B9-%D0%BF%D0%BE%D0%B4%D1%8A%D0%B5%D0%BC-%D0%BD%D0%B0-%D0%B1%D0%B8%D1%86%D0%B5%D0%BF%D1%81.mp4;1.000;matched;exact_normalized_filename
Подъем на бицепс на наклонной скамье под 45*;https://ac22cf36-390e-4f3a-b58f-98eb399f6f3b.selstorage.ru/exercises/%D0%BF%D0%BE%D0%B4%D1%8A%D0%B5%D0%BC-%D0%BD%D0%B0-%D0%B1%D0%B8%D1%86%D0%B5%D0%BF%D1%81-%D0%BD%D0%B0-%D0%BD%D0%B0%D0%BA%D0%BB%D0%BE%D0%BD%D0%BD%D0%BE%D0%B9-%D1%81%D0%BA%D0%B0%D0%BC%D1%8C%D0%B5-%D0%BF%D0%BE%D0%B4-45.mp4;1.000;matched;exact_normalized_filename
"Молотки, подъем на бицепс";https://ac22cf36-390e-4f3a-b58f-98eb399f6f3b.selstorage.ru/exercises/%D0%BC%D0%BE%D0%BB%D0%BE%D1%82%D0%BA%D0%B8-%D0%BF%D0%BE%D0%B4%D1%8A%D0%B5%D0%BC-%D0%BD%D0%B0-%D0%B1%D0%B8%D1%86%D0%B5%D0%BF%D1%81.mp4;1.000;matched;exact_normalized_filename
Подъем EZ-штанги (кривой штанги) на бицепс;;0.750;manual_review;low_confidence_token_match
Сгибание рук с гантелями сидя;https://ac22cf36-390e-4f3a-b58f-98eb399f6f3b.selstorage.ru/exercises/%D1%81%D0%B3%D0%B8%D0%B1%D0%B0%D0%BD%D0%B8%D0%B5-%D1%80%D1%83%D0%BA-%D1%81-%D0%B3%D0%B0%D0%BD%D1%82%D0%B5%D0%BB%D1%8F%D0%BC%D0%B8-%D1%81%D0%B8%D0%B4%D1%8F.mp4;1.000;matched;exact_normalized_filename
Подъем на бицепс гантелей стоя;https://ac22cf36-390e-4f3a-b58f-98eb399f6f3b.selstorage.ru/exercises/%D0%BF%D0%BE%D0%B4%D1%8A%D0%B5%D0%BC-%D0%BD%D0%B0-%D0%B1%D0%B8%D1%86%D0%B5%D0%BF%D1%81-%D0%B3%D0%B0%D0%BD%D1%82%D0%B5%D0%BB%D0%B5%D0%B9-%D1%81%D1%82%D0%BE%D1%8F.mp4;1.000;matched;exact_normalized_filename
Подъем на бицепс широким хватом;https://ac22cf36-390e-4f3a-b58f-98eb399f6f3b.selstorage.ru/exercises/%D0%BF%D0%BE%D0%B4%D1%8A%D0%B5%D0%BC-%D0%BD%D0%B0-%D0%B1%D0%B8%D1%86%D0%B5%D0%BF%D1%81-%D1%88%D0%B8%D1%80%D0%BE%D0%BA%D0%B8%D0%BC-%D1%85%D0%B2%D0%B0%D1%82%D0%BE%D0%BC.mp4;1.000;matched;exact_normalized_filename
Жим узким хватом в смитте;https://ac22cf36-390e-4f3a-b58f-98eb399f6f3b.selstorage.ru/exercises/%D0%B6%D0%B8%D0%BC-%D1%83%D0%B7%D0%BA%D0%B8%D0%BC-%D1%85%D0%B2%D0%B0%D1%82%D0%BE%D0%BC-%D0%B2-%D1%81%D0%BC%D0%B8%D1%82%D1%82%D0%B5.mp4;1.000;matched;exact_normalized_filename
Французский жим в смитте;https://ac22cf36-390e-4f3a-b58f-98eb399f6f3b.selstorage.ru/exercises/%D1%84%D1%80%D0%B0%D0%BD%D1%86%D1%83%D0%B7%D1%81%D0%BA%D0%B8%D0%B9-%D0%B6%D0%B8%D0%BC-%D0%B2-%D1%81%D0%BC%D0%B8%D1%82%D1%82%D0%B5.mp4;1.000;matched;exact_normalized_filename
Калифорнийский жим в смитте;https://ac22cf36-390e-4f3a-b58f-98eb399f6f3b.selstorage.ru/exercises/%D0%BA%D0%B0%D0%BB%D0%B8%D1%84%D0%BE%D1%80%D0%BD%D0%B8%D0%B9%D1%81%D0%BA%D0%B8%D0%B9-%D0%B6%D0%B8%D0%BC-%D0%B2-%D1%81%D0%BC%D0%B8%D1%82%D1%82%D0%B5.mp4;1.000;matched;exact_normalized_filename
Разгибание на трицепс по одной руке в кроссовере;https://ac22cf36-390e-4f3a-b58f-98eb399f6f3b.selstorage.ru/exercises/%D1%80%D0%B0%D0%B7%D0%B3%D0%B8%D0%B1%D0%B0%D0%BD%D0%B8%D0%B5-%D0%BD%D0%B0-%D1%82%D1%80%D0%B8%D1%86%D0%B5%D0%BF%D1%81-%D0%BF%D0%BE-%D0%BE%D0%B4%D0%BD%D0%BE%D0%B9-%D1%80%D1%83%D0%BA%D0%B5-%D0%B2-%D0%BA%D1%80%D0%BE%D1%81%D1%81%D0%BE%D0%B2%D0%B5%D1%80%D0%B5.mp4;1.000;matched;exact_normalized_filename
Разгибание на трицепс в кроссовере с канатной рукояткой;https://ac22cf36-390e-4f3a-b58f-98eb399f6f3b.selstorage.ru/exercises/%D1%80%D0%B0%D0%B7%D0%B3%D0%B8%D0%B1%D0%B0%D0%BD%D0%B8%D0%B5-%D0%BD%D0%B0-%D1%82%D1%80%D0%B8%D1%86%D0%B5%D0%BF%D1%81-%D0%B2-%D0%BA%D1%80%D0%BE%D1%81%D1%81%D0%BE%D0%B2%D0%B5%D1%80%D0%B5-%D1%81-%D0%BA%D0%B0%D0%BD%D0%B0%D1%82%D0%BD%D0%BE%D0%B9-%D1%80%D1%83%D0%BA%D0%BE%D1%8F%D1%82%D0%BA%D0%BE%D0%B9.mp4;1.000;matched;exact_normalized_filename
Тяга из-за головы в кроссовере на трицепс;https://ac22cf36-390e-4f3a-b58f-98eb399f6f3b.selstorage.ru/exercises/%D1%82%D1%8F%D0%B3%D0%B0-%D0%B8%D0%B7-%D0%B7%D0%B0-%D0%B3%D0%BE%D0%BB%D0%BE%D0%B2%D1%8B-%D0%B2-%D0%BA%D1%80%D0%BE%D1%81%D1%81%D0%BE%D0%B2%D0%B5%D1%80%D0%B5-%D0%BD%D0%B0-%D1%82%D1%80%D0%B8%D1%86%D0%B5%D0%BF%D1%81.mp4;1.000;matched;exact_normalized_filename
Трицепс в кроссовере обратным хватом;https://ac22cf36-390e-4f3a-b58f-98eb399f6f3b.selstorage.ru/exercises/%D1%82%D1%80%D0%B8%D1%86%D0%B5%D0%BF%D1%81-%D0%B2-%D0%BA%D1%80%D0%BE%D1%81%D1%81%D0%BE%D0%B2%D0%B5%D1%80%D0%B5-%D0%BE%D0%B1%D1%80%D0%B0%D1%82%D0%BD%D1%8B%D0%BC-%D1%85%D0%B2%D0%B0%D1%82%D0%BE%D0%BC.mp4;1.000;matched;exact_normalized_filename
Разгибание на трицепс в кроссовере;https://ac22cf36-390e-4f3a-b58f-98eb399f6f3b.selstorage.ru/exercises/%D1%80%D0%B0%D0%B7%D0%B3%D0%B8%D0%B1%D0%B0%D0%BD%D0%B8%D0%B5-%D0%BD%D0%B0-%D1%82%D1%80%D0%B8%D1%86%D0%B5%D0%BF%D1%81-%D0%B2-%D0%BA%D1%80%D0%BE%D1%81%D1%81%D0%BE%D0%B2%D0%B5%D1%80%D0%B5.mp4;1.000;matched;exact_normalized_filename
Трицепс в тренажере;https://ac22cf36-390e-4f3a-b58f-98eb399f6f3b.selstorage.ru/exercises/%D1%82%D1%80%D0%B8%D1%86%D0%B5%D0%BF%D1%81-%D0%B2-%D1%82%D1%80%D0%B5%D0%BD%D0%B0%D0%B6%D0%B5%D1%80%D0%B5.mp4;1.000;matched;exact_normalized_filename
Отжимания на брусьях в гравитроне;https://ac22cf36-390e-4f3a-b58f-98eb399f6f3b.selstorage.ru/exercises/%D0%BE%D1%82%D0%B6%D0%B8%D0%BC%D0%B0%D0%BD%D0%B8%D1%8F-%D0%BD%D0%B0-%D0%B1%D1%80%D1%83%D1%81%D1%8C%D1%8F%D1%85-%D0%B2-%D0%B3%D1%80%D0%B0%D0%B2%D0%B8%D1%82%D1%80%D0%BE%D0%BD%D0%B5.mp4;1.000;matched;exact_normalized_filename
Французский жим стоя;https://ac22cf36-390e-4f3a-b58f-98eb399f6f3b.selstorage.ru/exercises/%D1%84%D1%80%D0%B0%D0%BD%D1%86%D1%83%D0%B7%D1%81%D0%BA%D0%B8%D0%B9-%D0%B6%D0%B8%D0%BC-%D1%81%D1%82%D0%BE%D1%8F.mp4;1.000;matched;exact_normalized_filename
Отжимания на брусьях;https://ac22cf36-390e-4f3a-b58f-98eb399f6f3b.selstorage.ru/exercises/%D0%BE%D1%82%D0%B6%D0%B8%D0%BC%D0%B0%D0%BD%D0%B8%D1%8F-%D0%BD%D0%B0-%D0%B1%D1%80%D1%83%D1%81%D1%8C%D1%8F%D1%85.mp4;1.000;matched;exact_normalized_filename
Французский жим гантели стоя;https://ac22cf36-390e-4f3a-b58f-98eb399f6f3b.selstorage.ru/exercises/%D1%84%D1%80%D0%B0%D0%BD%D1%86%D1%83%D0%B7%D1%81%D0%BA%D0%B8%D0%B9-%D0%B6%D0%B8%D0%BC-%D0%B3%D0%B0%D0%BD%D1%82%D0%B5%D0%BB%D0%B8-%D1%81%D1%82%D0%BE%D1%8F.mp4;1.000;matched;exact_normalized_filename
Отжимания с гантелей на трицепс;https://ac22cf36-390e-4f3a-b58f-98eb399f6f3b.selstorage.ru/exercises/%D0%BE%D1%82%D0%B6%D0%B8%D0%BC%D0%B0%D0%BD%D0%B8%D1%8F-%D1%81-%D0%B3%D0%B0%D0%BD%D1%82%D0%B5%D0%BB%D0%B5%D0%B9-%D0%BD%D0%B0-%D1%82%D1%80%D0%B8%D1%86%D0%B5%D0%BF%D1%81-%D1%82%D0%B5%D1%85%D0%BD%D0%B8%D0%BA%D0%B0-%D0%B2%D1%8B%D0%BF%D0%BE%D0%BB%D0%BD%D0%B5%D0%BD%D0%B8%D1%8F-%D1%83%D0%BF%D1%80%D0%B0%D0%B6%D0%BD%D0%B5%D0%BD%D0%B8%D0%B9.mp4;1.000;matched;high_confidence_token_match
Отжимания узким хватом;https://ac22cf36-390e-4f3a-b58f-98eb399f6f3b.selstorage.ru/exercises/%D0%BE%D1%82%D0%B6%D0%B8%D0%BC%D0%B0%D0%BD%D0%B8%D1%8F-%D1%83%D0%B7%D0%BA%D0%B8%D0%BC-%D1%85%D0%B2%D0%B0%D1%82%D0%BE%D0%BC.mp4;1.000;matched;exact_normalized_filename
Жим гирей с пола;https://ac22cf36-390e-4f3a-b58f-98eb399f6f3b.selstorage.ru/exercises/%D0%B6%D0%B8%D0%BC-%D0%B3%D0%B8%D1%80%D0%B5%D0%B9-%D1%81-%D0%BF%D0%BE%D0%BB%D0%B0.mp4;1.000;matched;exact_normalized_filename
Жим с пола узким хватом;https://ac22cf36-390e-4f3a-b58f-98eb399f6f3b.selstorage.ru/exercises/%D0%B6%D0%B8%D0%BC-%D1%81-%D0%BF%D0%BE%D0%BB%D0%B0-%D1%83%D0%B7%D0%BA%D0%B8%D0%BC-%D1%85%D0%B2%D0%B0%D1%82%D0%BE%D0%BC.mp4;1.000;matched;exact_normalized_filename
Разгибание на трицепс в наклоне;https://ac22cf36-390e-4f3a-b58f-98eb399f6f3b.selstorage.ru/exercises/%D1%80%D0%B0%D0%B7%D0%B3%D0%B8%D0%B1%D0%B0%D0%BD%D0%B8%D0%B5-%D0%BD%D0%B0-%D1%82%D1%80%D0%B8%D1%86%D0%B5%D0%BF%D1%81-%D0%B2-%D0%BD%D0%B0%D0%BA%D0%BB%D0%BE%D0%BD%D0%B5.mp4;1.000;matched;exact_normalized_filename
G-жим;https://ac22cf36-390e-4f3a-b58f-98eb399f6f3b.selstorage.ru/exercises/g-%D0%B6%D0%B8%D0%BC.mp4;1.000;matched;exact_normalized_filename
Жим штанги узким хватом;https://ac22cf36-390e-4f3a-b58f-98eb399f6f3b.selstorage.ru/exercises/%D0%B6%D0%B8%D0%BC-%D1%88%D1%82%D0%B0%D0%BD%D0%B3%D0%B8-%D1%83%D0%B7%D0%BA%D0%B8%D0%BC-%D1%85%D0%B2%D0%B0%D1%82%D0%BE%D0%BC.mp4;1.000;matched;exact_normalized_filename
Французский жим с гантелями;https://ac22cf36-390e-4f3a-b58f-98eb399f6f3b.selstorage.ru/exercises/%D1%84%D1%80%D0%B0%D0%BD%D1%86%D1%83%D0%B7%D1%81%D0%BA%D0%B8%D0%B9-%D0%B6%D0%B8%D0%BC-%D1%81-%D0%B3%D0%B0%D0%BD%D1%82%D0%B5%D0%BB%D1%8F%D0%BC%D0%B8.mp4;1.000;matched;exact_normalized_filename
Обратные отжимания;https://ac22cf36-390e-4f3a-b58f-98eb399f6f3b.selstorage.ru/exercises/%D0%BE%D0%B1%D1%80%D0%B0%D1%82%D0%BD%D1%8B%D0%B5-%D0%BE%D1%82%D0%B6%D0%B8%D0%BC%D0%B0%D0%BD%D0%B8%D1%8F.mp4;1.000;matched;exact_normalized_filename
Разгибание на трицепс из-за головы;https://ac22cf36-390e-4f3a-b58f-98eb399f6f3b.selstorage.ru/exercises/%D1%80%D0%B0%D0%B7%D0%B3%D0%B8%D0%B1%D0%B0%D0%BD%D0%B8%D0%B5-%D0%BD%D0%B0-%D1%82%D1%80%D0%B8%D1%86%D0%B5%D0%BF%D1%81-%D0%B8%D0%B7-%D0%B7%D0%B0-%D0%B3%D0%BE%D0%BB%D0%BE%D0%B2%D1%8B.mp4;1.000;matched;exact_normalized_filename
Французский жим лежа;https://ac22cf36-390e-4f3a-b58f-98eb399f6f3b.selstorage.ru/exercises/%D1%84%D1%80%D0%B0%D0%BD%D1%86%D1%83%D0%B7%D1%81%D0%BA%D0%B8%D0%B9-%D0%B6%D0%B8%D0%BC-%D0%BB%D0%B5%D0%B6%D0%B0.mp4;1.000;matched;exact_normalized_filename
Комплекс ЛФК упражнений на плечи;;0.750;manual_review;low_confidence_token_match
Жим в хаммере на верх груди;https://ac22cf36-390e-4f3a-b58f-98eb399f6f3b.selstorage.ru/exercises/%D0%B6%D0%B8%D0%BC-%D0%B2-%D1%85%D0%B0%D0%BC%D0%BC%D0%B5%D1%80%D0%B5-%D0%BD%D0%B0-%D0%B2%D0%B5%D1%80%D1%85-%D0%B3%D1%80%D1%83%D0%B4%D0%B8.mp4;1.000;matched;exact_normalized_filename
Удержание веса;https://ac22cf36-390e-4f3a-b58f-98eb399f6f3b.selstorage.ru/exercises/%D1%83%D0%B4%D0%B5%D1%80%D0%B6%D0%B0%D0%BD%D0%B8%D0%B5-%D0%B2%D0%B5%D1%81%D0%B0.mp4;1.000;matched;exact_normalized_filename