key;file_name;decoded_name;normalized_name;size;url
exercises/21.mp4;21.mp4;21;;15403048;https://ac22cf36-390e-4f3a-b58f-98eb399f6f3b.selstorage.ru/exercises/21.mp4
exercises/антиротационные-выпады-с-эспандером.mp4;антиротационные-выпады-с-эспандером.mp4;антиротационные-выпады-с-эспандером;антиротационные выпады с эспандером;20779252;https://ac22cf36-390e-4f3a-b58f-98eb399f6f3b.selstorage.ru/exercises/%D0%B0%D0%BD%D1%82%D0%B8%D1%80%D0%BE%D1%82%D0%B0%D1%86%D0%B8%D0%BE%D0%BD%D0%BD%D1%8B%D0%B5-%D0%B2%D1%8B%D0%BF%D0%B0%D0%B4%D1%8B-%D1%81-%D1%8D%D1%81%D0%BF%D0%B0%D0%BD%D0%B4%D0%B5%D1%80%D0%BE%D0%BC.mp4
exercises/антиротация-на-пресс.mp4;антиротация-на-пресс.mp4;антиротация-на-пресс;антиротация на пресс;20104985;https://ac22cf36-390e-4f3a-b58f-98eb399f6f3b.selstorage.ru/exercises/%D0%B0%D0%BD%D1%82%D0%B8%D1%80%D0%BE%D1%82%D0%B0%D1%86%D0%B8%D1%8F-%D0%BD%D0%B0-%D0%BF%D1%80%D0%B5%D1%81%D1%81.mp4
exercises/армейский-жим.mp4;армейский-жим.mp4;армейский-жим;армейский жим;20081566;https://ac22cf36-390e-4f3a-b58f-98eb399f6f3b.selstorage.ru/exercises/%D0%B0%D1%80%D0%BC%D0%B5%D0%B9%D1%81%D0%BA%D0%B8%D0%B9-%D0%B6%D0%B8%D0%BC.mp4
exercises/бабочка-на-большие-грудные-мышцы.mp4;бабочка-на-большие-грудные-мышцы.mp4;бабочка-на-большие-грудные-мышцы;бабочка на большие грудные мышцы;21130958;https://ac22cf36-390e-4f3a-b58f-98eb399f6f3b.selstorage.ru/exercises/%D0%B1%D0%B0%D0%B1%D0%BE%D1%87%D0%BA%D0%B0-%D0%BD%D0%B0-%D0%B1%D0%BE%D0%BB%D1%8C%D1%88%D0%B8%D0%B5-%D0%B3%D1%80%D1%83%D0%B4%D0%BD%D1%8B%D0%B5-%D0%BC%D1%8B%D1%88%D1%86%D1%8B.mp4
exercises/бабочка-на-заднюю-дельту-в-кроссовере.mp4;бабочка-на-заднюю-дельту-в-кроссовере.mp4;бабочка-на-заднюю-дельту-в-кроссовере;бабочка на заднюю дельту в кроссовере;10494731;https://ac22cf36-390e-4f3a-b58f-98eb399f6f3b.selstorage.ru/exercises/%D0%B1%D0%B0%D0%B1%D0%BE%D1%87%D0%BA%D0%B0-%D0%BD%D0%B0-%D0%B7%D0%B0%D0%B4%D0%BD%D1%8E%D1%8E-%D0%B4%D0%B5%D0%BB%D1%8C%D1%82%D1%83-%D0%B2-%D0%BA%D1%80%D0%BE%D1%81%D1%81%D0%BE%D0%B2%D0%B5%D1%80%D0%B5.mp4
exercises/бицепс-по-1-руке-в-кроссовере.mp4;бицепс-по-1-руке-в-кроссовере.mp4;бицепс-по-1-руке-в-кроссовере;бицепс по 1 руке в кроссовере;19800933;https://ac22cf36-390e-4f3a-b58f-98eb399f6f3b.selstorage.ru/exercises/%D0%B1%D0%B8%D1%86%D0%B5%D0%BF%D1%81-%D0%BF%D0%BE-1-%D1%80%D1%83%D0%BA%D0%B5-%D0%B2-%D0%BA%D1%80%D0%BE%D1%81%D1%81%D0%BE%D0%B2%D0%B5%D1%80%D0%B5.mp4
exercises/бицепс-с-гантелью-на-скамье-скотта.mp4;бицепс-с-гантелью-на-скамье-скотта.mp4;бицепс-с-гантелью-на-скамье-скотта;бицепс с гантелью на скамье скотта;9602337;https://ac22cf36-390e-4f3a-b58f-98eb399f6f3b.selstorage.ru/exercises/%D0%B1%D0%B8%D1%86%D0%B5%D0%BF%D1%81-%D1%81-%D0%B3%D0%B0%D0%BD%D1%82%D0%B5%D0%BB%D1%8C%D1%8E-%D0%BD%D0%B0-%D1%81%D0%BA%D0%B0%D0%BC%D1%8C%D0%B5-%D1%81%D0%BA%D0%BE%D1%82%D1%82%D0%B0.mp4
exercises/бицепс-с-двумя-гантелями-на-скамье-скотта.mp4;бицепс-с-двумя-гантелями-на-скамье-скотта.mp4;бицепс-с-двумя-гантелями-на-скамье-скотта;бицепс с двумя гантелями на скамье скотта;11277265;https://ac22cf36-390e-4f3a-b58f-98eb399f6f3b.selstorage.ru/exercises/%D0%B1%D0%B8%D1%86%D0%B5%D0%BF%D1%81-%D1%81-%D0%B4%D0%B2%D1%83%D0%BC%D1%8F-%D0%B3%D0%B0%D0%BD%D1%82%D0%B5%D0%BB%D1%8F%D0%BC%D0%B8-%D0%BD%D0%B0-%D1%81%D0%BA%D0%B0%D0%BC%D1%8C%D0%B5-%D1%81%D0%BA%D0%BE%D1%82%D1%82%D0%B0.mp4
exercises/бицепс-с-канатной-рукояткой-в-кроссовере.mp4;бицепс-с-канатной-рукояткой-в-кроссовере.mp4;бицепс-с-канатной-рукояткой-в-кроссовере;бицепс с канатной рукояткой в кроссовере;13020537;https://ac22cf36-390e-4f3a-b58f-98eb399f6f3b.selstorage.ru/exercises/%D0%B1%D0%B8%D1%86%D0%B5%D0%BF%D1%81-%D1%81-%D0%BA%D0%B0%D0%BD%D0%B0%D1%82%D0%BD%D0%BE%D0%B9-%D1%80%D1%83%D0%BA%D0%BE%D1%8F%D1%82%D0%BA%D0%BE%D0%B9-%D0%B2-%D0%BA%D1%80%D0%BE%D1%81%D1%81%D0%BE%D0%B2%D0%B5%D1%80%D0%B5.mp4
exercises/бицепс-со-штангой-в-скамье-скотта.mp4;бицепс-со-штангой-в-скамье-скотта.mp4;бицепс-со-штангой-в-скамье-скотта;бицепс со штангой в скамье скотта;10575896;https://ac22cf36-390e-4f3a-b58f-98eb399f6f3b.selstorage.ru/exercises/%D0%B1%D0%B8%D1%86%D0%B5%D0%BF%D1%81-%D1%81%D0%BE-%D1%88%D1%82%D0%B0%D0%BD%D0%B3%D0%BE%D0%B9-%D0%B2-%D1%81%D0%BA%D0%B0%D0%BC%D1%8C%D0%B5-%D1%81%D0%BA%D0%BE%D1%82%D1%82%D0%B0.mp4
exercises/болгарский-присед.mp4;болгарский-присед.mp4;болгарский-присед;болгарский присед;12737651;https://ac22cf36-390e-4f3a-b58f-98eb399f6f3b.selstorage.ru/exercises/%D0%B1%D0%BE%D0%BB%D0%B3%D0%B0%D1%80%D1%81%D0%BA%D0%B8%D0%B9-%D0%BF%D1%80%D0%B8%D1%81%D0%B5%D0%B4.mp4
exercises/велосипедные-скручивания-на-пресс.mp4;велосипедные-скручивания-на-пресс.mp4;велосипедные-скручивания-на-пресс;велосипедные скручивания на пресс;10718070;https://ac22cf36-390e-4f3a-b58f-98eb399f6f3b.selstorage.ru/exercises/%D0%B2%D0%B5%D0%BB%D0%BE%D1%81%D0%B8%D0%BF%D0%B5%D0%B4%D0%BD%D1%8B%D0%B5-%D1%81%D0%BA%D1%80%D1%83%D1%87%D0%B8%D0%B2%D0%B0%D0%BD%D0%B8%D1%8F-%D0%BD%D0%B0-%D0%BF%D1%80%D0%B5%D1%81%D1%81.mp4
exercises/вертикальная-тяга-обратным-хватом.mp4;вертикальная-тяга-обратным-хватом.mp4;вертикальная-тяга-обратным-хватом;вертикальная тяга обратным хватом;21454550;https://ac22cf36-390e-4f3a-b58f-98eb399f6f3b.selstorage.ru/exercises/%D0%B2%D0%B5%D1%80%D1%82%D0%B8%D0%BA%D0%B0%D0%BB%D1%8C%D0%BD%D0%B0%D1%8F-%D1%82%D1%8F%D0%B3%D0%B0-%D0%BE%D0%B1%D1%80%D0%B0%D1%82%D0%BD%D1%8B%D0%BC-%D1%85%D0%B2%D0%B0%D1%82%D0%BE%D0%BC.mp4
exercises/вертикальная-тяга-одной-рукой.mp4;вертикальная-тяга-одной-рукой.mp4;вертикальная-тяга-одной-рукой;вертикальная тяга одной рукой;19069490;https://ac22cf36-390e-4f3a-b58f-98eb399f6f3b.selstorage.ru/exercises/%D0%B2%D0%B5%D1%80%D1%82%D0%B8%D0%BA%D0%B0%D0%BB%D1%8C%D0%BD%D0%B0%D1%8F-%D1%82%D1%8F%D0%B3%D0%B0-%D0%BE%D0%B4%D0%BD%D0%BE%D0%B9-%D1%80%D1%83%D0%BA%D0%BE%D0%B9.mp4
exercises/вертикальная-тяга-узким-хватом.mp4;вертикальная-тяга-узким-хватом.mp4;вертикальная-тяга-узким-хватом;вертикальная тяга узким хватом;20150156;https://ac22cf36-390e-4f3a-b58f-98eb399f6f3b.selstorage.ru/exercises/%D0%B2%D0%B5%D1%80%D1%82%D0%B8%D0%BA%D0%B0%D0%BB%D1%8C%D0%BD%D0%B0%D1%8F-%D1%82%D1%8F%D0%B3%D0%B0-%D1%83%D0%B7%D0%BA%D0%B8%D0%BC-%D1%85%D0%B2%D0%B0%D1%82%D0%BE%D0%BC.mp4
exercises/вертикальная-тяга.mp4;вертикальная-тяга.mp4;вертикальная-тяга;вертикальная тяга;34970945;https://ac22cf36-390e-4f3a-b58f-98eb399f6f3b.selstorage.ru/exercises/%D0%B2%D0%B5%D1%80%D1%82%D0%B8%D0%BA%D0%B0%D0%BB%D1%8C%D0%BD%D0%B0%D1%8F-%D1%82%D1%8F%D0%B3%D0%B0.mp4
exercises/выпады-в-кроссовере.mp4;выпады-в-кроссовере.mp4;выпады-в-кроссовере;выпады в кроссовере;18669875;https://ac22cf36-390e-4f3a-b58f-98eb399f6f3b.selstorage.ru/exercises/%D0%B2%D1%8B%D0%BF%D0%B0%D0%B4%D1%8B-%D0%B2-%D0%BA%D1%80%D0%BE%D1%81%D1%81%D0%BE%D0%B2%D0%B5%D1%80%D0%B5.mp4
exercises/выпады-в-смитте.mp4;выпады-в-смитте.mp4;выпады-в-смитте;выпады в смитте;19479321;https://ac22cf36-390e-4f3a-b58f-98eb399f6f3b.selstorage.ru/exercises/%D0%B2%D1%8B%D0%BF%D0%B0%D0%B4%D1%8B-%D0%B2-%D1%81%D0%BC%D0%B8%D1%82%D1%82%D0%B5.mp4
exercises/выпады-с-гантелями.mp4;выпады-с-гантелями.mp4;выпады-с-гантелями;выпады с гантелями;10405222;https://ac22cf36-390e-4f3a-b58f-98eb399f6f3b.selstorage.ru/exercises/%D0%B2%D1%8B%D0%BF%D0%B0%D0%B4%D1%8B-%D1%81-%D0%B3%D0%B0%D0%BD%D1%82%D0%B5%D0%BB%D1%8F%D0%BC%D0%B8.mp4
exercises/выпады-со-штангой-на-ягодицы.mp4;выпады-со-штангой-на-ягодицы.mp4;выпады-со-штангой-на-ягодицы;выпады со штангой на ягодицы;23559299;https://ac22cf36-390e-4f3a-b58f-98eb399f6f3b.selstorage.ru/exercises/%D0%B2%D1%8B%D0%BF%D0%B0%D0%B4%D1%8B-%D1%81%D0%BE-%D1%88%D1%82%D0%B0%D0%BD%D0%B3%D0%BE%D0%B9-%D0%BD%D0%B0-%D1%8F%D0%B3%D0%BE%D0%B4%D0%B8%D1%86%D1%8B.mp4
exercises/выпрыгивания-с-места.mp4;выпрыгивания-с-места.mp4;выпрыгивания-с-места;выпрыгивания с места;11136797;https://ac22cf36-390e-4f3a-b58f-98eb399f6f3b.selstorage.ru/exercises/%D0%B2%D1%8B%D0%BF%D1%80%D1%8B%D0%B3%D0%B8%D0%B2%D0%B0%D0%BD%D0%B8%D1%8F-%D1%81-%D0%BC%D0%B5%D1%81%D1%82%D0%B0.mp4
exercises/вытяжка-в-гиперэкстензии.mp4;вытяжка-в-гиперэкстензии.mp4;вытяжка-в-гиперэкстензии;вытяжка в гиперэкстензии;16638939;https://ac22cf36-390e-4f3a-b58f-98eb399f6f3b.selstorage.ru/exercises/%D0%B2%D1%8B%D1%82%D1%8F%D0%B6%D0%BA%D0%B0-%D0%B2-%D0%B3%D0%B8%D0%BF%D0%B5%D1%80%D1%8D%D0%BA%D1%81%D1%82%D0%B5%D0%BD%D0%B7%D0%B8%D0%B8.mp4
exercises/гак-присед.mp4;гак-присед.mp4;гак-присед;гак присед;21965755;https://ac22cf36-390e-4f3a-b58f-98eb399f6f3b.selstorage.ru/exercises/%D0%B3%D0%B0%D0%BA-%D0%BF%D1%80%D0%B8%D1%81%D0%B5%D0%B4.mp4
exercises/гибридная-тяга.mp4;гибридная-тяга.mp4;гибридная-тяга;гибридная тяга;19032868;https://ac22cf36-390e-4f3a-b58f-98eb399f6f3b.selstorage.ru/exercises/%D0%B3%D0%B8%D0%B1%D1%80%D0%B8%D0%B4%D0%BD%D0%B0%D1%8F-%D1%82%D1%8F%D0%B3%D0%B0.mp4
exercises/гильотина.mp4;гильотина.mp4;гильотина;гильотина;20206211;https://ac22cf36-390e-4f3a-b58f-98eb399f6f3b.selstorage.ru/exercises/%D0%B3%D0%B8%D0%BB%D1%8C%D0%BE%D1%82%D0%B8%D0%BD%D0%B0.mp4
exercises/гиперэкстензия.mp4;гиперэкстензия.mp4;гиперэкстензия;гиперэкстензия;22456842;https://ac22cf36-390e-4f3a-b58f-98eb399f6f3b.selstorage.ru/exercises/%D0%B3%D0%B8%D0%BF%D0%B5%D1%80%D1%8D%D0%BA%D1%81%D1%82%D0%B5%D0%BD%D0%B7%D0%B8%D1%8F.mp4
exercises/горизонтальная-вытяжка-в-кроссовере.mp4;горизонтальная-вытяжка-в-кроссовере.mp4;горизонтальная-вытяжка-в-кроссовере;горизонтальная вытяжка в кроссовере;28394630;https://ac22cf36-390e-4f3a-b58f-98eb399f6f3b.selstorage.ru/exercises/%D0%B3%D0%BE%D1%80%D0%B8%D0%B7%D0%BE%D0%BD%D1%82%D0%B0%D0%BB%D1%8C%D0%BD%D0%B0%D1%8F-%D0%B2%D1%8B%D1%82%D1%8F%D0%B6%D0%BA%D0%B0-%D0%B2-%D0%BA%D1%80%D0%BE%D1%81%D1%81%D0%BE%D0%B2%D0%B5%D1%80%D0%B5.mp4
exercises/горизонтальная-тяга-широким-хватом.mp4;горизонтальная-тяга-широким-хватом.mp4;горизонтальная-тяга-широким-хватом;горизонтальная тяга широким хватом;12820853;https://ac22cf36-390e-4f3a-b58f-98eb399f6f3b.selstorage.ru/exercises/%D0%B3%D0%BE%D1%80%D0%B8%D0%B7%D0%BE%D0%BD%D1%82%D0%B0%D0%BB%D1%8C%D0%BD%D0%B0%D1%8F-%D1%82%D1%8F%D0%B3%D0%B0-%D1%88%D0%B8%D1%80%D0%BE%D0%BA%D0%B8%D0%BC-%D1%85%D0%B2%D0%B0%D1%82%D0%BE%D0%BC.mp4
exercises/горизонтальная-тяга.mp4;горизонтальная-тяга.mp4;горизонтальная-тяга;горизонтальная тяга;16844912;https://ac22cf36-390e-4f3a-b58f-98eb399f6f3b.selstorage.ru/exercises/%D0%B3%D0%BE%D1%80%D0%B8%D0%B7%D0%BE%D0%BD%D1%82%D0%B0%D0%BB%D1%8C%D0%BD%D0%B0%D1%8F-%D1%82%D1%8F%D0%B3%D0%B0.mp4
exercises/горизонтальный-жим-ногами.mp4;горизонтальный-жим-ногами.mp4;горизонтальный-жим-ногами;горизонтальный жим ногами;30928042;https://ac22cf36-390e-4f3a-b58f-98eb399f6f3b.selstorage.ru/exercises/%D0%B3%D0%BE%D1%80%D0%B8%D0%B7%D0%BE%D0%BD%D1%82%D0%B0%D0%BB%D1%8C%D0%BD%D1%8B%D0%B9-%D0%B6%D0%B8%D0%BC-%D0%BD%D0%BE%D0%B3%D0%B0%D0%BC%D0%B8.mp4
exercises/динамическая-планка-на-косые-мышцы.mp4;динамическая-планка-на-косые-мышцы.mp4;динамическая-планка-на-косые-мышцы;динамическая планка на косые мышцы;11984614;https://ac22cf36-390e-4f3a-b58f-98eb399f6f3b.selstorage.ru/exercises/%D0%B4%D0%B8%D0%BD%D0%B0%D0%BC%D0%B8%D1%87%D0%B5%D1%81%D0%BA%D0%B0%D1%8F-%D0%BF%D0%BB%D0%B0%D0%BD%D0%BA%D0%B0-%D0%BD%D0%B0-%D0%BA%D0%BE%D1%81%D1%8B%D0%B5-%D0%BC%D1%8B%D1%88%D1%86%D1%8B.mp4
exercises/дуговая-разводка.mp4;дуговая-разводка.mp4;дуговая-разводка;дуговая разводка;17616913;https://ac22cf36-390e-4f3a-b58f-98eb399f6f3b.selstorage.ru/exercises/%D0%B4%D1%83%D0%B3%D0%BE%D0%B2%D0%B0%D1%8F-%D1%80%D0%B0%D0%B7%D0%B2%D0%BE%D0%B4%D0%BA%D0%B0.mp4
exercises/дуговые-махи-гантелями-стоя.mp4;дуговые-махи-гантелями-стоя.mp4;дуговые-махи-гантелями-стоя;дуговые махи гантелями стоя;16242543;https://ac22cf36-390e-4f3a-b58f-98eb399f6f3b.selstorage.ru/exercises/%D0%B4%D1%83%D0%B3%D0%BE%D0%B2%D1%8B%D0%B5-%D0%BC%D0%B0%D1%85%D0%B8-%D0%B3%D0%B0%D0%BD%D1%82%D0%B5%D0%BB%D1%8F%D0%BC%D0%B8-%D1%81%D1%82%D0%BE%D1%8F.mp4
exercises/дуговые-махи-гантелями.mp4;дуговые-махи-гантелями.mp4;дуговые-махи-гантелями;дуговые махи гантелями;11436773;https://ac22cf36-390e-4f3a-b58f-98eb399f6f3b.selstorage.ru/exercises/%D0%B4%D1%83%D0%B3%D0%BE%D0%B2%D1%8B%D0%B5-%D0%BC%D0%B0%D1%85%D0%B8-%D0%B3%D0%B0%D0%BD%D1%82%D0%B5%D0%BB%D1%8F%D0%BC%D0%B8.mp4
exercises/жим-в-смитте.mp4;жим-в-смитте.mp4;жим-в-смитте;жим в смитте;23273886;https://ac22cf36-390e-4f3a-b58f-98eb399f6f3b.selstorage.ru/exercises/%D0%B6%D0%B8%D0%BC-%D0%B2-%D1%81%D0%BC%D0%B8%D1%82%D1%82%D0%B5.mp4
exercises/жим-в-хаммере-на-верх-груди.mp4;жим-в-хаммере-на-верх-груди.mp4;жим-в-хаммере-на-верх-груди;жим в хаммере на верх груди;13551337;https://ac22cf36-390e-4f3a-b58f-98eb399f6f3b.selstorage.ru/exercises/%D0%B6%D0%B8%D0%BC-%D0%B2-%D1%85%D0%B0%D0%BC%D0%BC%D0%B5%D1%80%D0%B5-%D0%BD%D0%B0-%D0%B2%D0%B5%D1%80%D1%85-%D0%B3%D1%80%D1%83%D0%B4%D0%B8.mp4
exercises/жим-в-хаммере-на-низ-груди.mp4;жим-в-хаммере-на-низ-груди.mp4;жим-в-хаммере-на-низ-груди;жим в хаммере на низ груди;19470087;https://ac22cf36-390e-4f3a-b58f-98eb399f6f3b.selstorage.ru/exercises/%D0%B6%D0%B8%D0%BC-%D0%B2-%D1%85%D0%B0%D0%BC%D0%BC%D0%B5%D1%80%D0%B5-%D0%BD%D0%B0-%D0%BD%D0%B8%D0%B7-%D0%B3%D1%80%D1%83%D0%B4%D0%B8.mp4
exercises/жим-гантелей-лежа.mp4;жим-гантелей-лежа.mp4;жим-гантелей-лежа;жим гантелей лежа;19713399;https://ac22cf36-390e-4f3a-b58f-98eb399f6f3b.selstorage.ru/exercises/%D0%B6%D0%B8%D0%BC-%D0%B3%D0%B0%D0%BD%D1%82%D0%B5%D0%BB%D0%B5%D0%B9-%D0%BB%D0%B5%D0%B6%D0%B0.mp4
exercises/жим-гантелей-на-30-скамье.mp4;жим-гантелей-на-30-скамье.mp4;жим-гантелей-на-30-скамье;жим гантелей на 30 скамье;21662624;https://ac22cf36-390e-4f3a-b58f-98eb399f6f3b.selstorage.ru/exercises/%D0%B6%D0%B8%D0%BC-%D0%B3%D0%B0%D0%BD%D1%82%D0%B5%D0%BB%D0%B5%D0%B9-%D0%BD%D0%B0-30-%D1%81%D0%BA%D0%B0%D0%BC%D1%8C%D0%B5.mp4
exercises/жим-гантелей-сидя.mp4;жим-гантелей-сидя.mp4;жим-гантелей-сидя;жим гантелей сидя;14504838;https://ac22cf36-390e-4f3a-b58f-98eb399f6f3b.selstorage.ru/exercises/%D0%B6%D0%B8%D0%BC-%D0%B3%D0%B0%D0%BD%D1%82%D0%B5%D0%BB%D0%B5%D0%B9-%D1%81%D0%B8%D0%B4%D1%8F.mp4
exercises/жим-гирей-с-пола.mp4;жим-гирей-с-пола.mp4;жим-гирей-с-пола;жим гирей с пола;18413796;https://ac22cf36-390e-4f3a-b58f-98eb399f6f3b.selstorage.ru/exercises/%D0%B6%D0%B8%D0%BC-%D0%B3%D0%B8%D1%80%D0%B5%D0%B9-%D1%81-%D0%BF%D0%BE%D0%BB%D0%B0.mp4
exercises/жим-на-плечи-под-60-в-смитте.mp4;жим-на-плечи-под-60-в-смитте.mp4;жим-на-плечи-под-60-в-смитте;жим на плечи под 60 в смитте;18923119;https://ac22cf36-390e-4f3a-b58f-98eb399f6f3b.selstorage.ru/exercises/%D0%B6%D0%B8%D0%BC-%D0%BD%D0%B0-%D0%BF%D0%BB%D0%B5%D1%87%D0%B8-%D0%BF%D0%BE%D0%B4-60-%D0%B2-%D1%81%D0%BC%D0%B8%D1%82%D1%82%D0%B5.mp4
exercises/жим-ногами-на-бицепс-бедра.mp4;жим-ногами-на-бицепс-бедра.mp4;жим-ногами-на-бицепс-бедра;жим ногами на бицепс бедра;23960889;https://ac22cf36-390e-4f3a-b58f-98eb399f6f3b.selstorage.ru/exercises/%D0%B6%D0%B8%D0%BC-%D0%BD%D0%BE%D0%B3%D0%B0%D0%BC%D0%B8-%D0%BD%D0%B0-%D0%B1%D0%B8%D1%86%D0%B5%D0%BF%D1%81-%D0%B1%D0%B5%D0%B4%D1%80%D0%B0.mp4
exercises/жим-ногами-с-широкой-постановкой-ног.mp4;жим-ногами-с-широкой-постановкой-ног.mp4;жим-ногами-с-широкой-постановкой-ног;жим ногами с широкой постановкой ног;18877862;https://ac22cf36-390e-4f3a-b58f-98eb399f6f3b.selstorage.ru/exercises/%D0%B6%D0%B8%D0%BC-%D0%BD%D0%BE%D0%B3%D0%B0%D0%BC%D0%B8-%D1%81-%D1%88%D0%B8%D1%80%D0%BE%D0%BA%D0%BE%D0%B9-%D0%BF%D0%BE%D1%81%D1%82%D0%B0%D0%BD%D0%BE%D0%B2%D0%BA%D0%BE%D0%B9-%D0%BD%D0%BE%D0%B3.mp4
exercises/жим-ногами.mp4;жим-ногами.mp4;жим-ногами;жим ногами;20668385;https://ac22cf36-390e-4f3a-b58f-98eb399f6f3b.selstorage.ru/exercises/%D0%B6%D0%B8%D0%BC-%D0%BD%D0%BE%D0%B3%D0%B0%D0%BC%D0%B8.mp4
exercises/жим-платформы-на-ягодицы.mp4;жим-платформы-на-ягодицы.mp4;жим-платформы-на-ягодицы;жим платформы на ягодицы;29602792;https://ac22cf36-390e-4f3a-b58f-98eb399f6f3b.selstorage.ru/exercises/%D0%B6%D0%B8%D0%BC-%D0%BF%D0%BB%D0%B0%D1%82%D1%84%D0%BE%D1%80%D0%BC%D1%8B-%D0%BD%D0%B0-%D1%8F%D0%B3%D0%BE%D0%B4%D0%B8%D1%86%D1%8B.mp4
exercises/жим-платформы-по-1-ноге.mp4;жим-платформы-по-1-ноге.mp4;жим-платформы-по-1-ноге;жим платформы по 1 ноге;19698157;https://ac22cf36-390e-4f3a-b58f-98eb399f6f3b.selstorage.ru/exercises/%D0%B6%D0%B8%D0%BC-%D0%BF%D0%BB%D0%B0%D1%82%D1%84%D0%BE%D1%80%D0%BC%D1%8B-%D0%BF%D0%BE-1-%D0%BD%D0%BE%D0%B3%D0%B5.mp4
exercises/жим-с-паузой.mp4;жим-с-паузой.mp4;жим-с-паузой;жим с паузой;21688474;https://ac22cf36-390e-4f3a-b58f-98eb399f6f3b.selstorage.ru/exercises/%D0%B6%D0%B8%D0%BC-%D1%81-%D0%BF%D0%B0%D1%83%D0%B7%D0%BE%D0%B9.mp4
exercises/жим-с-пола-узким-хватом.mp4;жим-с-пола-узким-хватом.mp4;жим-с-пола-узким-хватом;жим с пола узким хватом;20373700;https://ac22cf36-390e-4f3a-b58f-98eb399f6f3b.selstorage.ru/exercises/%D0%B6%D0%B8%D0%BC-%D1%81-%D0%BF%D0%BE%D0%BB%D0%B0-%D1%83%D0%B7%D0%BA%D0%B8%D0%BC-%D1%85%D0%B2%D0%B0%D1%82%D0%BE%D0%BC.mp4
exercises/жим-свенда-в-кроссовере.mp4;жим-свенда-в-кроссовере.mp4;жим-свенда-в-кроссовере;жим свенда в кроссовере;13805454;https://ac22cf36-390e-4f3a-b58f-98eb399f6f3b.selstorage.ru/exercises/%D0%B6%D0%B8%D0%BC-%D1%81%D0%B2%D0%B5%D0%BD%D0%B4%D0%B0-%D0%B2-%D0%BA%D1%80%D0%BE%D1%81%D1%81%D0%BE%D0%B2%D0%B5%D1%80%D0%B5.mp4
exercises/жим-узким-хватом-в-смитте.mp4;жим-узким-хватом-в-смитте.mp4;жим-узким-хватом-в-смитте;жим узким хватом в смитте;12001504;https://ac22cf36-390e-4f3a-b58f-98eb399f6f3b.selstorage.ru/exercises/%D0%B6%D0%B8%D0%BC-%D1%83%D0%B7%D0%BA%D0%B8%D0%BC-%D1%85%D0%B2%D0%B0%D1%82%D0%BE%D0%BC-%D0%B2-%D1%81%D0%BC%D0%B8%D1%82%D1%82%D0%B5.mp4
exercises/жим-штанги-лежа.mp4;жим-штанги-лежа.mp4;жим-штанги-лежа;жим штанги лежа;20058133;https://ac22cf36-390e-4f3a-b58f-98eb399f6f3b.selstorage.ru/exercises/%D0%B6%D0%B8%D0%BC-%D1%88%D1%82%D0%B0%D0%BD%D0%B3%D0%B8-%D0%BB%D0%B5%D0%B6%D0%B0.mp4
exercises/жим-штанги-под-углом.mp4;жим-штанги-под-углом.mp4;жим-штанги-под-углом;жим штанги под углом;31747076;https://ac22cf36-390e-4f3a-b58f-98eb399f6f3b.selstorage.ru/exercises/%D0%B6%D0%B8%D0%BC-%D1%88%D1%82%D0%B0%D0%BD%D0%B3%D0%B8-%D0%BF%D0%BE%D0%B4-%D1%83%D0%B3%D0%BB%D0%BE%D0%BC.mp4
exercises/жим-штанги-узким-хватом.mp4;жим-штанги-узким-хватом.mp4;жим-штанги-узким-хватом;жим штанги узким хватом;26555421;https://ac22cf36-390e-4f3a-b58f-98eb399f6f3b.selstorage.ru/exercises/%D0%B6%D0%B8%D0%BC-%D1%88%D1%82%D0%B0%D0%BD%D0%B3%D0%B8-%D1%83%D0%B7%D0%BA%D0%B8%D0%BC-%D1%85%D0%B2%D0%B0%D1%82%D0%BE%D0%BC.mp4
exercises/задняя-дельта-в-кроссовере-стоя.mp4;задняя-дельта-в-кроссовере-стоя.mp4;задняя-дельта-в-кроссовере-стоя;задняя дельта в кроссовере стоя;13084466;https://ac22cf36-390e-4f3a-b58f-98eb399f6f3b.selstorage.ru/exercises/%D0%B7%D0%B0%D0%B4%D0%BD%D1%8F%D1%8F-%D0%B4%D0%B5%D0%BB%D1%8C%D1%82%D0%B0-%D0%B2-%D0%BA%D1%80%D0%BE%D1%81%D1%81%D0%BE%D0%B2%D0%B5%D1%80%D0%B5-%D1%81%D1%82%D0%BE%D1%8F.mp4
exercises/зашагивания-на-тумбу.mp4;зашагивания-на-тумбу.mp4;зашагивания-на-тумбу;зашагивания на тумбу;15069598;https://ac22cf36-390e-4f3a-b58f-98eb399f6f3b.selstorage.ru/exercises/%D0%B7%D0%B0%D1%88%D0%B0%D0%B3%D0%B8%D0%B2%D0%B0%D0%BD%D0%B8%D1%8F-%D0%BD%D0%B0-%D1%82%D1%83%D0%BC%D0%B1%D1%83.mp4
exercises/изодинамиеский-подъем-на-бицепс.mp4;изодинамиеский-подъем-на-бицепс.mp4;изодинамиеский-подъем-на-бицепс;изодинамиеский подъем на бицепс;13344616;https://ac22cf36-390e-4f3a-b58f-98eb399f6f3b.selstorage.ru/exercises/%D0%B8%D0%B7%D0%BE%D0%B4%D0%B8%D0%BD%D0%B0%D0%BC%D0%B8%D0%B5%D1%81%D0%BA%D0%B8%D0%B9-%D0%BF%D0%BE%D0%B4%D1%8A%D0%B5%D0%BC-%D0%BD%D0%B0-%D0%B1%D0%B8%D1%86%D0%B5%D0%BF%D1%81.mp4
exercises/изодинамические-махи-гантелями-сидя.mp4;изодинамические-махи-гантелями-сидя.mp4;изодинамические-махи-гантелями-сидя;изодинамические махи гантелями сидя;9448824;https://ac22cf36-390e-4f3a-b58f-98eb399f6f3b.selstorage.ru/exercises/%D0%B8%D0%B7%D0%BE%D0%B4%D0%B8%D0%BD%D0%B0%D0%BC%D0%B8%D1%87%D0%B5%D1%81%D0%BA%D0%B8%D0%B5-%D0%BC%D0%B0%D1%85%D0%B8-%D0%B3%D0%B0%D0%BD%D1%82%D0%B5%D0%BB%D1%8F%D0%BC%D0%B8-%D1%81%D0%B8%D0%B4%D1%8F.mp4
exercises/изодинамические-махи-гантелями.mp4;изодинамические-махи-гантелями.mp4;изодинамические-махи-гантелями;изодинамические махи гантелями;10246645;https://ac22cf36-390e-4f3a-b58f-98eb399f6f3b.selstorage.ru/exercises/%D0%B8%D0%B7%D0%BE%D0%B4%D0%B8%D0%BD%D0%B0%D0%BC%D0%B8%D1%87%D0%B5%D1%81%D0%BA%D0%B8%D0%B5-%D0%BC%D0%B0%D1%85%D0%B8-%D0%B3%D0%B0%D0%BD%D1%82%D0%B5%D0%BB%D1%8F%D0%BC%D0%B8.mp4
exercises/изодинамический-жим-гантелей-на-30-скамье.mp4;изодинамический-жим-гантелей-на-30-скамье.mp4;изодинамический-жим-гантелей-на-30-скамье;изодинамический жим гантелей на 30 скамье;21191135;https://ac22cf36-390e-4f3a-b58f-98eb399f6f3b.selstorage.ru/exercises/%D0%B8%D0%B7%D0%BE%D0%B4%D0%B8%D0%BD%D0%B0%D0%BC%D0%B8%D1%87%D0%B5%D1%81%D0%BA%D0%B8%D0%B9-%D0%B6%D0%B8%D0%BC-%D0%B3%D0%B0%D0%BD%D1%82%D0%B5%D0%BB%D0%B5%D0%B9-%D0%BD%D0%B0-30-%D1%81%D0%BA%D0%B0%D0%BC%D1%8C%D0%B5.mp4
exercises/калифорнийский-жим-в-смитте.mp4;калифорнийский-жим-в-смитте.mp4;калифорнийский-жим-в-смитте;калифорнийский жим в смитте;15588262;https://ac22cf36-390e-4f3a-b58f-98eb399f6f3b.selstorage.ru/exercises/%D0%BA%D0%B0%D0%BB%D0%B8%D1%84%D0%BE%D1%80%D0%BD%D0%B8%D0%B9%D1%81%D0%BA%D0%B8%D0%B9-%D0%B6%D0%B8%D0%BC-%D0%B2-%D1%81%D0%BC%D0%B8%D1%82%D1%82%D0%B5.mp4
exercises/касание-пяток-на-пресс.mp4;касание-пяток-на-пресс.mp4;касание-пяток-на-пресс;касание пяток на пресс;7919736;https://ac22cf36-390e-4f3a-b58f-98eb399f6f3b.selstorage.ru/exercises/%D0%BA%D0%B0%D1%81%D0%B0%D0%BD%D0%B8%D0%B5-%D0%BF%D1%8F%D1%82%D0%BE%D0%BA-%D0%BD%D0%B0-%D0%BF%D1%80%D0%B5%D1%81%D1%81.mp4
exercises/классическая-планка.mp4;классическая-планка.mp4;классическая-планка;классическая планка;17244090;https://ac22cf36-390e-4f3a-b58f-98eb399f6f3b.selstorage.ru/exercises/%D0%BA%D0%BB%D0%B0%D1%81%D1%81%D0%B8%D1%87%D0%B5%D1%81%D0%BA%D0%B0%D1%8F-%D0%BF%D0%BB%D0%B0%D0%BD%D0%BA%D0%B0.mp4
exercises/классические-отжимания.mp4;классические-отжимания.mp4;классические-отжимания;классические отжимания;15655803;https://ac22cf36-390e-4f3a-b58f-98eb399f6f3b.selstorage.ru/exercises/%D0%BA%D0%BB%D0%B0%D1%81%D1%81%D0%B8%D1%87%D0%B5%D1%81%D0%BA%D0%B8%D0%B5-%D0%BE%D1%82%D0%B6%D0%B8%D0%BC%D0%B0%D0%BD%D0%B8%D1%8F.mp4
exercises/классический-жим-от-груди-в-тренажере.mp4;классический-жим-от-груди-в-тренажере.mp4;классический-жим-от-груди-в-тренажере;классический жим от груди в тренажере;15499841;https://ac22cf36-390e-4f3a-b58f-98eb399f6f3b.selstorage.ru/exercises/%D0%BA%D0%BB%D0%B0%D1%81%D1%81%D0%B8%D1%87%D0%B5%D1%81%D0%BA%D0%B8%D0%B9-%D0%B6%D0%B8%D0%BC-%D0%BE%D1%82-%D0%B3%D1%80%D1%83%D0%B4%D0%B8-%D0%B2-%D1%82%D1%80%D0%B5%D0%BD%D0%B0%D0%B6%D0%B5%D1%80%D0%B5.mp4
exercises/классический-подъем-на-бицепс-в-кроссовере.mp4;классический-подъем-на-бицепс-в-кроссовере.mp4;классический-подъем-на-бицепс-в-кроссовере;классический подъем на бицепс в кроссовере;12268157;https://ac22cf36-390e-4f3a-b58f-98eb399f6f3b.selstorage.ru/exercises/%D0%BA%D0%BB%D0%B0%D1%81%D1%81%D0%B8%D1%87%D0%B5%D1%81%D0%BA%D0%B8%D0%B9-%D0%BF%D0%BE%D0%B4%D1%8A%D0%B5%D0%BC-%D0%BD%D0%B0-%D0%B1%D0%B8%D1%86%D0%B5%D0%BF%D1%81-%D0%B2-%D0%BA%D1%80%D0%BE%D1%81%D1%81%D0%BE%D0%B2%D0%B5%D1%80%D0%B5.mp4
exercises/комлпекс-лфк-упражнений-на-плечи-техника-выполнения-упражнений.mp4;комлпекс-лфк-упражнений-на-плечи-техника-выполнения-упражнений.mp4;комлпекс-лфк-упражнений-на-плечи-техника-выполнения-упражнений;комлпекс лфк упражнений на плечи техника выполнения упражнений;54231593;https://ac22cf36-390e-4f3a-b58f-98eb399f6f3b.selstorage.ru/exercises/%D0%BA%D0%BE%D0%BC%D0%BB%D0%BF%D0%B5%D0%BA%D1%81-%D0%BB%D1%84%D0%BA-%D1%83%D0%BF%D1%80%D0%B0%D0%B6%D0%BD%D0%B5%D0%BD%D0%B8%D0%B9-%D0%BD%D0%B0-%D0%BF%D0%BB%D0%B5%D1%87%D0%B8-%D1%82%D0%B5%D1%85%D0%BD%D0%B8%D0%BA%D0%B0-%D0%B2%D1%8B%D0%BF%D0%BE%D0%BB%D0%BD%D0%B5%D0%BD%D0%B8%D1%8F-%D1%83%D0%BF%D1%80%D0%B0%D0%B6%D0%BD%D0%B5%D0%BD%D0%B8%D0%B9.mp4
exercises/концентрированный-подъем-на-бицепс.mp4;концентрированный-подъем-на-бицепс.mp4;концентрированный-подъем-на-бицепс;концентрированный подъем на бицепс;14431589;https://ac22cf36-390e-4f3a-b58f-98eb399f6f3b.selstorage.ru/exercises/%D0%BA%D0%BE%D0%BD%D1%86%D0%B5%D0%BD%D1%82%D1%80%D0%B8%D1%80%D0%BE%D0%B2%D0%B0%D0%BD%D0%BD%D1%8B%D0%B9-%D0%BF%D0%BE%D0%B4%D1%8A%D0%B5%D0%BC-%D0%BD%D0%B0-%D0%B1%D0%B8%D1%86%D0%B5%D0%BF%D1%81.mp4
exercises/косые-скручивания-с-мячом.mp4;косые-скручивания-с-мячом.mp4;косые-скручивания-с-мячом;косые скручивания с мячом;18968612;https://ac22cf36-390e-4f3a-b58f-98eb399f6f3b.selstorage.ru/exercises/%D0%BA%D0%BE%D1%81%D1%8B%D0%B5-%D1%81%D0%BA%D1%80%D1%83%D1%87%D0%B8%D0%B2%D0%B0%D0%BD%D0%B8%D1%8F-%D1%81-%D0%BC%D1%8F%D1%87%D0%BE%D0%BC.mp4
exercises/латеральная-или-боковая-вытяжка-в-кросовере.mp4;латеральная-или-боковая-вытяжка-в-кросовере.mp4;латеральная-или-боковая-вытяжка-в-кросовере;латеральная или боковая вытяжка в кросовере;35546385;https://ac22cf36-390e-4f3a-b58f-98eb399f6f3b.selstorage.ru/exercises/%D0%BB%D0%B0%D1%82%D0%B5%D1%80%D0%B0%D0%BB%D1%8C%D0%BD%D0%B0%D1%8F-%D0%B8%D0%BB%D0%B8-%D0%B1%D0%BE%D0%BA%D0%BE%D0%B2%D0%B0%D1%8F-%D0%B2%D1%8B%D1%82%D1%8F%D0%B6%D0%BA%D0%B0-%D0%B2-%D0%BA%D1%80%D0%BE%D1%81%D0%BE%D0%B2%D0%B5%D1%80%D0%B5.mp4
exercises/латеральная-планка-или-боковая-планка.mp4;латеральная-планка-или-боковая-планка.mp4;латеральная-планка-или-боковая-планка;латеральная планка или боковая планка;13513057;https://ac22cf36-390e-4f3a-b58f-98eb399f6f3b.selstorage.ru/exercises/%D0%BB%D0%B0%D1%82%D0%B5%D1%80%D0%B0%D0%BB%D1%8C%D0%BD%D0%B0%D1%8F-%D0%BF%D0%BB%D0%B0%D0%BD%D0%BA%D0%B0-%D0%B8%D0%BB%D0%B8-%D0%B1%D0%BE%D0%BA%D0%BE%D0%B2%D0%B0%D1%8F-%D0%BF%D0%BB%D0%B0%D0%BD%D0%BA%D0%B0.mp4
exercises/латеральные-или-боковые-зашагивания.mp4;латеральные-или-боковые-зашагивания.mp4;латеральные-или-боковые-зашагивания;латеральные или боковые зашагивания;21536294;https://ac22cf36-390e-4f3a-b58f-98eb399f6f3b.selstorage.ru/exercises/%D0%BB%D0%B0%D1%82%D0%B5%D1%80%D0%B0%D0%BB%D1%8C%D0%BD%D1%8B%D0%B5-%D0%B8%D0%BB%D0%B8-%D0%B1%D0%BE%D0%BA%D0%BE%D0%B2%D1%8B%D0%B5-%D0%B7%D0%B0%D1%88%D0%B0%D0%B3%D0%B8%D0%B2%D0%B0%D0%BD%D0%B8%D1%8F.mp4
exercises/махи-гантелями-стоя.mp4;махи-гантелями-стоя.mp4;махи-гантелями-стоя;махи гантелями стоя;11315083;https://ac22cf36-390e-4f3a-b58f-98eb399f6f3b.selstorage.ru/exercises/%D0%BC%D0%B0%D1%85%D0%B8-%D0%B3%D0%B0%D0%BD%D1%82%D0%B5%D0%BB%D1%8F%D0%BC%D0%B8-%D1%81%D1%82%D0%BE%D1%8F.mp4
exercises/махи-дерижер-на-заднюю-дельту.mp4;махи-дерижер-на-заднюю-дельту.mp4;махи-дерижер-на-заднюю-дельту;махи дерижер на заднюю дельту;12252900;https://ac22cf36-390e-4f3a-b58f-98eb399f6f3b.selstorage.ru/exercises/%D0%BC%D0%B0%D1%85%D0%B8-%D0%B4%D0%B5%D1%80%D0%B8%D0%B6%D0%B5%D1%80-%D0%BD%D0%B0-%D0%B7%D0%B0%D0%B4%D0%BD%D1%8E%D1%8E-%D0%B4%D0%B5%D0%BB%D1%8C%D1%82%D1%83.mp4
exercises/махи-на-заднюю-дельту-на-30-скамье.mp4;махи-на-заднюю-дельту-на-30-скамье.mp4;махи-на-заднюю-дельту-на-30-скамье;махи на заднюю дельту на 30 скамье;12280240;https://ac22cf36-390e-4f3a-b58f-98eb399f6f3b.selstorage.ru/exercises/%D0%BC%D0%B0%D1%85%D0%B8-%D0%BD%D0%B0-%D0%B7%D0%B0%D0%B4%D0%BD%D1%8E%D1%8E-%D0%B4%D0%B5%D0%BB%D1%8C%D1%82%D1%83-%D0%BD%D0%B0-30-%D1%81%D0%BA%D0%B0%D0%BC%D1%8C%D0%B5.mp4
exercises/махи-на-плечи-в-кроссовере-тросс-сзади.mp4;махи-на-плечи-в-кроссовере-тросс-сзади.mp4;махи-на-плечи-в-кроссовере-тросс-сзади;махи на плечи в кроссовере тросс сзади;11510856;https://ac22cf36-390e-4f3a-b58f-98eb399f6f3b.selstorage.ru/exercises/%D0%BC%D0%B0%D1%85%D0%B8-%D0%BD%D0%B0-%D0%BF%D0%BB%D0%B5%D1%87%D0%B8-%D0%B2-%D0%BA%D1%80%D0%BE%D1%81%D1%81%D0%BE%D0%B2%D0%B5%D1%80%D0%B5-%D1%82%D1%80%D0%BE%D1%81%D1%81-%D1%81%D0%B7%D0%B0%D0%B4%D0%B8.mp4
exercises/махи-на-скамье-под-45.mp4;махи-на-скамье-под-45.mp4;махи-на-скамье-под-45;махи на скамье под 45;19305826;https://ac22cf36-390e-4f3a-b58f-98eb399f6f3b.selstorage.ru/exercises/%D0%BC%D0%B0%D1%85%D0%B8-%D0%BD%D0%B0-%D1%81%D0%BA%D0%B0%D0%BC%D1%8C%D0%B5-%D0%BF%D0%BE%D0%B4-45.mp4
exercises/махи-на-ягодицы-в-кроссовере.mp4;махи-на-ягодицы-в-кроссовере.mp4;махи-на-ягодицы-в-кроссовере;махи на ягодицы в кроссовере;14378125;https://ac22cf36-390e-4f3a-b58f-98eb399f6f3b.selstorage.ru/exercises/%D0%BC%D0%B0%D1%85%D0%B8-%D0%BD%D0%B0-%D1%8F%D0%B3%D0%BE%D0%B4%D0%B8%D1%86%D1%8B-%D0%B2-%D0%BA%D1%80%D0%BE%D1%81%D1%81%D0%BE%D0%B2%D0%B5%D1%80%D0%B5.mp4
exercises/мертвая-тяга.mp4;мертвая-тяга.mp4;мертвая-тяга;мертвая тяга;37270850;https://ac22cf36-390e-4f3a-b58f-98eb399f6f3b.selstorage.ru/exercises/%D0%BC%D0%B5%D1%80%D1%82%D0%B2%D0%B0%D1%8F-%D1%82%D1%8F%D0%B3%D0%B0.mp4
exercises/молотки-подъем-на-бицепс.mp4;молотки-подъем-на-бицепс.mp4;молотки-подъем-на-бицепс;молотки подъем на бицепс;16433885;https://ac22cf36-390e-4f3a-b58f-98eb399f6f3b.selstorage.ru/exercises/%D0%BC%D0%BE%D0%BB%D0%BE%D1%82%D0%BA%D0%B8-%D0%BF%D0%BE%D0%B4%D1%8A%D0%B5%D0%BC-%D0%BD%D0%B0-%D0%B1%D0%B8%D1%86%D0%B5%D0%BF%D1%81.mp4
exercises/молотковые-сгибание-на-бицепс-с-канатной-рукояткой-в-кроссовере.mp4;молотковые-сгибание-на-бицепс-с-канатной-рукояткой-в-кроссовере.mp4;молотковые-сгибание-на-бицепс-с-канатной-рукояткой-в-кроссовере;молотковые сгибание на бицепс с канатной рукояткой в кроссовере;13349549;https://ac22cf36-390e-4f3a-b58f-98eb399f6f3b.selstorage.ru/exercises/%D0%BC%D0%BE%D0%BB%D0%BE%D1%82%D0%BA%D0%BE%D0%B2%D1%8B%D0%B5-%D1%81%D0%B3%D0%B8%D0%B1%D0%B0%D0%BD%D0%B8%D0%B5-%D0%BD%D0%B0-%D0%B1%D0%B8%D1%86%D0%B5%D0%BF%D1%81-%D1%81-%D0%BA%D0%B0%D0%BD%D0%B0%D1%82%D0%BD%D0%BE%D0%B9-%D1%80%D1%83%D0%BA%D0%BE%D1%8F%D1%82%D0%BA%D0%BE%D0%B9-%D0%B2-%D0%BA%D1%80%D0%BE%D1%81%D1%81%D0%BE%D0%B2%D0%B5%D1%80%D0%B5.mp4
exercises/обратные-отжимания.mp4;обратные-отжимания.mp4;обратные-отжимания;обратные отжимания;10911450;https://ac22cf36-390e-4f3a-b58f-98eb399f6f3b.selstorage.ru/exercises/%D0%BE%D0%B1%D1%80%D0%B0%D1%82%D0%BD%D1%8B%D0%B5-%D0%BE%D1%82%D0%B6%D0%B8%D0%BC%D0%B0%D0%BD%D0%B8%D1%8F.mp4
exercises/отжимания-в-тренажере-смитта.mp4;отжимания-в-тренажере-смитта.mp4;отжимания-в-тренажере-смитта;отжимания в тренажере смитта;18331104;https://ac22cf36-390e-4f3a-b58f-98eb399f6f3b.selstorage.ru/exercises/%D0%BE%D1%82%D0%B6%D0%B8%D0%BC%D0%B0%D0%BD%D0%B8%D1%8F-%D0%B2-%D1%82%D1%80%D0%B5%D0%BD%D0%B0%D0%B6%D0%B5%D1%80%D0%B5-%D1%81%D0%BC%D0%B8%D1%82%D1%82%D0%B0.mp4
exercises/отжимания-на-брусьях-в-гравитроне.mp4;отжимания-на-брусьях-в-гравитроне.mp4;отжимания-на-брусьях-в-гравитроне;отжимания на брусьях в гравитроне;20764501;https://ac22cf36-390e-4f3a-b58f-98eb399f6f3b.selstorage.ru/exercises/%D0%BE%D1%82%D0%B6%D0%B8%D0%BC%D0%B0%D0%BD%D0%B8%D1%8F-%D0%BD%D0%B0-%D0%B1%D1%80%D1%83%D1%81%D1%8C%D1%8F%D1%85-%D0%B2-%D0%B3%D1%80%D0%B0%D0%B2%D0%B8%D1%82%D1%80%D0%BE%D0%BD%D0%B5.mp4
exercises/отжимания-на-брусьях.mp4;отжимания-на-брусьях.mp4;отжимания-на-брусьях;отжимания на брусьях;84282615;https://ac22cf36-390e-4f3a-b58f-98eb399f6f3b.selstorage.ru/exercises/%D0%BE%D1%82%D0%B6%D0%B8%D0%BC%D0%B0%D0%BD%D0%B8%D1%8F-%D0%BD%D0%B0-%D0%B1%D1%80%D1%83%D1%81%D1%8C%D1%8F%D1%85.mp4
exercises/отжимания-с-гантелей-на-трицепс-техника-выполнения-упражнений.mp4;отжимания-с-гантелей-на-трицепс-техника-выполнения-упражнений.mp4;отжимания-с-гантелей-на-трицепс-техника-выполнения-упражнений;отжимания с гантелей на трицепс техника выполнения упражнений;13582098;https://ac22cf36-390e-4f3a-b58f-98eb399f6f3b.selstorage.ru/exercises/%D0%BE%D1%82%D0%B6%D0%B8%D0%BC%D0%B0%D0%BD%D0%B8%D1%8F-%D1%81-%D0%B3%D0%B0%D0%BD%D1%82%D0%B5%D0%BB%D0%B5%D0%B9-%D0%BD%D0%B0-%D1%82%D1%80%D0%B8%D1%86%D0%B5%D0%BF%D1%81-%D1%82%D0%B5%D1%85%D0%BD%D0%B8%D0%BA%D0%B0-%D0%B2%D1%8B%D0%BF%D0%BE%D0%BB%D0%BD%D0%B5%D0%BD%D0%B8%D1%8F-%D1%83%D0%BF%D1%80%D0%B0%D0%B6%D0%BD%D0%B5%D0%BD%D0%B8%D0%B9.mp4
exercises/отжимания-узким-хватом.mp4;отжимания-узким-хватом.mp4;отжимания-узким-хватом;отжимания узким хватом;14113341;https://ac22cf36-390e-4f3a-b58f-98eb399f6f3b.selstorage.ru/exercises/%D0%BE%D1%82%D0%B6%D0%B8%D0%BC%D0%B0%D0%BD%D0%B8%D1%8F-%D1%83%D0%B7%D0%BA%D0%B8%D0%BC-%D1%85%D0%B2%D0%B0%D1%82%D0%BE%D0%BC.mp4
exercises/отходы-со-штангой.mp4;отходы-со-штангой.mp4;отходы-со-штангой;отходы со штангой;19292805;https://ac22cf36-390e-4f3a-b58f-98eb399f6f3b.selstorage.ru/exercises/%D0%BE%D1%82%D1%85%D0%BE%D0%B4%D1%8B-%D1%81%D0%BE-%D1%88%D1%82%D0%B0%D0%BD%D0%B3%D0%BE%D0%B9.mp4
exercises/паучьи-сгибания-молотковым-хватом.mp4;паучьи-сгибания-молотковым-хватом.mp4;паучьи-сгибания-молотковым-хватом;паучьи сгибания молотковым хватом;19749850;https://ac22cf36-390e-4f3a-b58f-98eb399f6f3b.selstorage.ru/exercises/%D0%BF%D0%B0%D1%83%D1%87%D1%8C%D0%B8-%D1%81%D0%B3%D0%B8%D0%B1%D0%B0%D0%BD%D0%B8%D1%8F-%D0%BC%D0%BE%D0%BB%D0%BE%D1%82%D0%BA%D0%BE%D0%B2%D1%8B%D0%BC-%D1%85%D0%B2%D0%B0%D1%82%D0%BE%D0%BC.mp4
exercises/паучьи-сгибания.mp4;паучьи-сгибания.mp4;паучьи-сгибания;паучьи сгибания;18029170;https://ac22cf36-390e-4f3a-b58f-98eb399f6f3b.selstorage.ru/exercises/%D0%BF%D0%B0%D1%83%D1%87%D1%8C%D0%B8-%D1%81%D0%B3%D0%B8%D0%B1%D0%B0%D0%BD%D0%B8%D1%8F.mp4
exercises/планка-на-босу-под-ногами.mp4;планка-на-босу-под-ногами.mp4;планка-на-босу-под-ногами;планка на босу под ногами;12007047;https://ac22cf36-390e-4f3a-b58f-98eb399f6f3b.selstorage.ru/exercises/%D0%BF%D0%BB%D0%B0%D0%BD%D0%BA%D0%B0-%D0%BD%D0%B0-%D0%B1%D0%BE%D1%81%D1%83-%D0%BF%D0%BE%D0%B4-%D0%BD%D0%BE%D0%B3%D0%B0%D0%BC%D0%B8.mp4
exercises/планка-на-босу.mp4;планка-на-босу.mp4;планка-на-босу;планка на босу;19638221;https://ac22cf36-390e-4f3a-b58f-98eb399f6f3b.selstorage.ru/exercises/%D0%BF%D0%BB%D0%B0%D0%BD%D0%BA%D0%B0-%D0%BD%D0%B0-%D0%B1%D0%BE%D1%81%D1%83.mp4
exercises/планка-на-фитболе-под-ногами.mp4;планка-на-фитболе-под-ногами.mp4;планка-на-фитболе-под-ногами;планка на фитболе под ногами;11582265;https://ac22cf36-390e-4f3a-b58f-98eb399f6f3b.selstorage.ru/exercises/%D0%BF%D0%BB%D0%B0%D0%BD%D0%BA%D0%B0-%D0%BD%D0%B0-%D1%84%D0%B8%D1%82%D0%B1%D0%BE%D0%BB%D0%B5-%D0%BF%D0%BE%D0%B4-%D0%BD%D0%BE%D0%B3%D0%B0%D0%BC%D0%B8.mp4
exercises/планка-на-фитболе-под-руками.mp4;планка-на-фитболе-под-руками.mp4;планка-на-фитболе-под-руками;планка на фитболе под руками;9593612;https://ac22cf36-390e-4f3a-b58f-98eb399f6f3b.selstorage.ru/exercises/%D0%BF%D0%BB%D0%B0%D0%BD%D0%BA%D0%B0-%D0%BD%D0%B0-%D1%84%D0%B8%D1%82%D0%B1%D0%BE%D0%BB%D0%B5-%D0%BF%D0%BE%D0%B4-%D1%80%D1%83%D0%BA%D0%B0%D0%BC%D0%B8.mp4
exercises/планка-с-перестановкой-ног-и-рук.mp4;планка-с-перестановкой-ног-и-рук.mp4;планка-с-перестановкой-ног-и-рук;планка с перестановкой ног и рук;16995317;https://ac22cf36-390e-4f3a-b58f-98eb399f6f3b.selstorage.ru/exercises/%D0%BF%D0%BB%D0%B0%D0%BD%D0%BA%D0%B0-%D1%81-%D0%BF%D0%B5%D1%80%D0%B5%D1%81%D1%82%D0%B0%D0%BD%D0%BE%D0%B2%D0%BA%D0%BE%D0%B9-%D0%BD%D0%BE%D0%B3-%D0%B8-%D1%80%D1%83%D0%BA.mp4
exercises/планка-с-перестановкой-ног.mp4;планка-с-перестановкой-ног.mp4;планка-с-перестановкой-ног;планка с перестановкой ног;11803285;https://ac22cf36-390e-4f3a-b58f-98eb399f6f3b.selstorage.ru/exercises/%D0%BF%D0%BB%D0%B0%D0%BD%D0%BA%D0%B0-%D1%81-%D0%BF%D0%B5%D1%80%D0%B5%D1%81%D1%82%D0%B0%D0%BD%D0%BE%D0%B2%D0%BA%D0%BE%D0%B9-%D0%BD%D0%BE%D0%B3.mp4
exercises/планка-с-перестановкой-рук.mp4;планка-с-перестановкой-рук.mp4;планка-с-перестановкой-рук;планка с перестановкой рук;16995317;https://ac22cf36-390e-4f3a-b58f-98eb399f6f3b.selstorage.ru/exercises/%D0%BF%D0%BB%D0%B0%D0%BD%D0%BA%D0%B0-%D1%81-%D0%BF%D0%B5%D1%80%D0%B5%D1%81%D1%82%D0%B0%D0%BD%D0%BE%D0%B2%D0%BA%D0%BE%D0%B9-%D1%80%D1%83%D0%BA.mp4
exercises/плеометрический-гак.mp4;плеометрический-гак.mp4;плеометрический-гак;плеометрический гак;11310049;https://ac22cf36-390e-4f3a-b58f-98eb399f6f3b.selstorage.ru/exercises/%D0%BF%D0%BB%D0%B5%D0%BE%D0%BC%D0%B5%D1%82%D1%80%D0%B8%D1%87%D0%B5%D1%81%D0%BA%D0%B8%D0%B9-%D0%B3%D0%B0%D0%BA.mp4
exercises/подтягивания-в-гравитроне-обратным-хватом.mp4;подтягивания-в-гравитроне-обратным-хватом.mp4;подтягивания-в-гравитроне-обратным-хватом;подтягивания в гравитроне обратным хватом;14961015;https://ac22cf36-390e-4f3a-b58f-98eb399f6f3b.selstorage.ru/exercises/%D0%BF%D0%BE%D0%B4%D1%82%D1%8F%D0%B3%D0%B8%D0%B2%D0%B0%D0%BD%D0%B8%D1%8F-%D0%B2-%D0%B3%D1%80%D0%B0%D0%B2%D0%B8%D1%82%D1%80%D0%BE%D0%BD%D0%B5-%D0%BE%D0%B1%D1%80%D0%B0%D1%82%D0%BD%D1%8B%D0%BC-%D1%85%D0%B2%D0%B0%D1%82%D0%BE%D0%BC.mp4
exercises/подтягивания-в-гравитроне-параллельным-хватом.mp4;подтягивания-в-гравитроне-параллельным-хватом.mp4;подтягивания-в-гравитроне-параллельным-хватом;подтягивания в гравитроне параллельным хватом;14325156;https://ac22cf36-390e-4f3a-b58f-98eb399f6f3b.selstorage.ru/exercises/%D0%BF%D0%BE%D0%B4%D1%82%D1%8F%D0%B3%D0%B8%D0%B2%D0%B0%D0%BD%D0%B8%D1%8F-%D0%B2-%D0%B3%D1%80%D0%B0%D0%B2%D0%B8%D1%82%D1%80%D0%BE%D0%BD%D0%B5-%D0%BF%D0%B0%D1%80%D0%B0%D0%BB%D0%BB%D0%B5%D0%BB%D1%8C%D0%BD%D1%8B%D0%BC-%D1%85%D0%B2%D0%B0%D1%82%D0%BE%D0%BC.mp4
exercises/подтягивания-в-гравитроне-широким-хватом.mp4;подтягивания-в-гравитроне-широким-хватом.mp4;подтягивания-в-гравитроне-широким-хватом;подтягивания в гравитроне широким хватом;16343810;https://ac22cf36-390e-4f3a-b58f-98eb399f6f3b.selstorage.ru/exercises/%D0%BF%D0%BE%D0%B4%D1%82%D1%8F%D0%B3%D0%B8%D0%B2%D0%B0%D0%BD%D0%B8%D1%8F-%D0%B2-%D0%B3%D1%80%D0%B0%D0%B2%D0%B8%D1%82%D1%80%D0%BE%D0%BD%D0%B5-%D1%88%D0%B8%D1%80%D0%BE%D0%BA%D0%B8%D0%BC-%D1%85%D0%B2%D0%B0%D1%82%D0%BE%D0%BC.mp4
exercises/подтягивания-обратным-хватом.mp4;подтягивания-обратным-хватом.mp4;подтягивания-обратным-хватом;подтягивания обратным хватом;14395897;https://ac22cf36-390e-4f3a-b58f-98eb399f6f3b.selstorage.ru/exercises/%D0%BF%D0%BE%D0%B4%D1%82%D1%8F%D0%B3%D0%B8%D0%B2%D0%B0%D0%BD%D0%B8%D1%8F-%D0%BE%D0%B1%D1%80%D0%B0%D1%82%D0%BD%D1%8B%D0%BC-%D1%85%D0%B2%D0%B0%D1%82%D0%BE%D0%BC.mp4
exercises/подтягивания-параллельным-хватом.mp4;подтягивания-параллельным-хватом.mp4;подтягивания-параллельным-хватом;подтягивания параллельным хватом;15259692;https://ac22cf36-390e-4f3a-b58f-98eb399f6f3b.selstorage.ru/exercises/%D0%BF%D0%BE%D0%B4%D1%82%D1%8F%D0%B3%D0%B8%D0%B2%D0%B0%D0%BD%D0%B8%D1%8F-%D0%BF%D0%B0%D1%80%D0%B0%D0%BB%D0%BB%D0%B5%D0%BB%D1%8C%D0%BD%D1%8B%D0%BC-%D1%85%D0%B2%D0%B0%D1%82%D0%BE%D0%BC.mp4
exercises/подтягивания-широким-хватом.mp4;подтягивания-широким-хватом.mp4;подтягивания-широким-хватом;подтягивания широким хватом;9576532;https://ac22cf36-390e-4f3a-b58f-98eb399f6f3b.selstorage.ru/exercises/%D0%BF%D0%BE%D0%B4%D1%82%D1%8F%D0%B3%D0%B8%D0%B2%D0%B0%D0%BD%D0%B8%D1%8F-%D1%88%D0%B8%D1%80%D0%BE%D0%BA%D0%B8%D0%BC-%D1%85%D0%B2%D0%B0%D1%82%D0%BE%D0%BC.mp4
exercises/подъем-на-бицепс-в-тренажере-для-гребной-тяги.mp4;подъем-на-бицепс-в-тренажере-для-гребной-тяги.mp4;подъем-на-бицепс-в-тренажере-для-гребной-тяги;подъем на бицепс в тренажере для гребной тяги;13457272;https://ac22cf36-390e-4f3a-b58f-98eb399f6f3b.selstorage.ru/exercises/%D0%BF%D0%BE%D0%B4%D1%8A%D0%B5%D0%BC-%D0%BD%D0%B0-%D0%B1%D0%B8%D1%86%D0%B5%D0%BF%D1%81-%D0%B2-%D1%82%D1%80%D0%B5%D0%BD%D0%B0%D0%B6%D0%B5%D1%80%D0%B5-%D0%B4%D0%BB%D1%8F-%D0%B3%D1%80%D0%B5%D0%B1%D0%BD%D0%BE%D0%B9-%D1%82%D1%8F%D0%B3%D0%B8.mp4
exercises/подъем-на-бицепс-гантелей-стоя.mp4;подъем-на-бицепс-гантелей-стоя.mp4;подъем-на-бицепс-гантелей-стоя;подъем на бицепс гантелей стоя;13331920;https://ac22cf36-390e-4f3a-b58f-98eb399f6f3b.selstorage.ru/exercises/%D0%BF%D0%BE%D0%B4%D1%8A%D0%B5%D0%BC-%D0%BD%D0%B0-%D0%B1%D0%B8%D1%86%D0%B5%D0%BF%D1%81-%D0%B3%D0%B0%D0%BD%D1%82%D0%B5%D0%BB%D0%B5%D0%B9-%D1%81%D1%82%D0%BE%D1%8F.mp4
exercises/подъем-на-бицепс-на-наклонной-скамье-под-45.mp4;подъем-на-бицепс-на-наклонной-скамье-под-45.mp4;подъем-на-бицепс-на-наклонной-скамье-под-45;подъем на бицепс на наклонной скамье под 45;15522221;https://ac22cf36-390e-4f3a-b58f-98eb399f6f3b.selstorage.ru/exercises/%D0%BF%D0%BE%D0%B4%D1%8A%D0%B5%D0%BC-%D0%BD%D0%B0-%D0%B1%D0%B8%D1%86%D0%B5%D0%BF%D1%81-%D0%BD%D0%B0-%D0%BD%D0%B0%D0%BA%D0%BB%D0%BE%D0%BD%D0%BD%D0%BE%D0%B9-%D1%81%D0%BA%D0%B0%D0%BC%D1%8C%D0%B5-%D0%BF%D0%BE%D0%B4-45.mp4
exercises/подъем-на-бицепс-обратным-хватом.mp4;подъем-на-бицепс-обратным-хватом.mp4;подъем-на-бицепс-обратным-хватом;подъем на бицепс обратным хватом;17483187;https://ac22cf36-390e-4f3a-b58f-98eb399f6f3b.selstorage.ru/exercises/%D0%BF%D0%BE%D0%B4%D1%8A%D0%B5%D0%BC-%D0%BD%D0%B0-%D0%B1%D0%B8%D1%86%D0%B5%D0%BF%D1%81-%D0%BE%D0%B1%D1%80%D0%B0%D1%82%D0%BD%D1%8B%D0%BC-%D1%85%D0%B2%D0%B0%D1%82%D0%BE%D0%BC.mp4
exercises/подъем-на-бицепс-с-резинкой-сидя.mp4;подъем-на-бицепс-с-резинкой-сидя.mp4;подъем-на-бицепс-с-резинкой-сидя;подъем на бицепс с резинкой сидя;13307384;https://ac22cf36-390e-4f3a-b58f-98eb399f6f3b.selstorage.ru/exercises/%D0%BF%D0%BE%D0%B4%D1%8A%D0%B5%D0%BC-%D0%BD%D0%B0-%D0%B1%D0%B8%D1%86%D0%B5%D0%BF%D1%81-%D1%81-%D1%80%D0%B5%D0%B7%D0%B8%D0%BD%D0%BA%D0%BE%D0%B9-%D1%81%D0%B8%D0%B4%D1%8F.mp4
exercises/подъем-на-бицепс-с-упором-в-скамью.mp4;подъем-на-бицепс-с-упором-в-скамью.mp4;подъем-на-бицепс-с-упором-в-скамью;подъем на бицепс с упором в скамью;23158556;https://ac22cf36-390e-4f3a-b58f-98eb399f6f3b.selstorage.ru/exercises/%D0%BF%D0%BE%D0%B4%D1%8A%D0%B5%D0%BC-%D0%BD%D0%B0-%D0%B1%D0%B8%D1%86%D0%B5%D0%BF%D1%81-%D1%81-%D1%83%D0%BF%D0%BE%D1%80%D0%BE%D0%BC-%D0%B2-%D1%81%D0%BA%D0%B0%D0%BC%D1%8C%D1%8E.mp4
exercises/подъем-на-бицепс-спиной-к-кроссоверу.mp4;подъем-на-бицепс-спиной-к-кроссоверу.mp4;подъем-на-бицепс-спиной-к-кроссоверу;подъем на бицепс спиной к кроссоверу;17884661;https://ac22cf36-390e-4f3a-b58f-98eb399f6f3b.selstorage.ru/exercises/%D0%BF%D0%BE%D0%B4%D1%8A%D0%B5%D0%BC-%D0%BD%D0%B0-%D0%B1%D0%B8%D1%86%D0%B5%D0%BF%D1%81-%D1%81%D0%BF%D0%B8%D0%BD%D0%BE%D0%B9-%D0%BA-%D0%BA%D1%80%D0%BE%D1%81%D1%81%D0%BE%D0%B2%D0%B5%D1%80%D1%83.mp4
exercises/подъем-на-бицепс-широким-хватом.mp4;подъем-на-бицепс-широким-хватом.mp4;подъем-на-бицепс-широким-хватом;подъем на бицепс широким хватом;12145241;https://ac22cf36-390e-4f3a-b58f-98eb399f6f3b.selstorage.ru/exercises/%D0%BF%D0%BE%D0%B4%D1%8A%D0%B5%D0%BC-%D0%BD%D0%B0-%D0%B1%D0%B8%D1%86%D0%B5%D0%BF%D1%81-%D1%88%D0%B8%D1%80%D0%BE%D0%BA%D0%B8%D0%BC-%D1%85%D0%B2%D0%B0%D1%82%D0%BE%D0%BC.mp4
exercises/подъем-ez-штанги-на-бицепс.mp4;подъем-ez-штанги-на-бицепс.mp4;подъем-ez-штанги-на-бицепс;подъем ez штанги на бицепс;19684012;https://ac22cf36-390e-4f3a-b58f-98eb399f6f3b.selstorage.ru/exercises/%D0%BF%D0%BE%D0%B4%D1%8A%D0%B5%D0%BC-ez-%D1%88%D1%82%D0%B0%D0%BD%D0%B3%D0%B8-%D0%BD%D0%B0-%D0%B1%D0%B8%D1%86%D0%B5%D0%BF%D1%81.mp4
exercises/подъемы-ног-на-пресс.mp4;подъемы-ног-на-пресс.mp4;подъемы-ног-на-пресс;подъемы ног на пресс;15728837;https://ac22cf36-390e-4f3a-b58f-98eb399f6f3b.selstorage.ru/exercises/%D0%BF%D0%BE%D0%B4%D1%8A%D0%B5%D0%BC%D1%8B-%D0%BD%D0%BE%D0%B3-%D0%BD%D0%B0-%D0%BF%D1%80%D0%B5%D1%81%D1%81.mp4
exercises/подъемы-ног-на-скамье-для-пресса.mp4;подъемы-ног-на-скамье-для-пресса.mp4;подъемы-ног-на-скамье-для-пресса;подъемы ног на скамье для пресса;10710179;https://ac22cf36-390e-4f3a-b58f-98eb399f6f3b.selstorage.ru/exercises/%D0%BF%D0%BE%D0%B4%D1%8A%D0%B5%D0%BC%D1%8B-%D0%BD%D0%BE%D0%B3-%D0%BD%D0%B0-%D1%81%D0%BA%D0%B0%D0%BC%D1%8C%D0%B5-%D0%B4%D0%BB%D1%8F-%D0%BF%D1%80%D0%B5%D1%81%D1%81%D0%B0.mp4
exercises/попеременный-подъем-на-бицепс.mp4;попеременный-подъем-на-бицепс.mp4;попеременный-подъем-на-бицепс;попеременный подъем на бицепс;14807202;https://ac22cf36-390e-4f3a-b58f-98eb399f6f3b.selstorage.ru/exercises/%D0%BF%D0%BE%D0%BF%D0%B5%D1%80%D0%B5%D0%BC%D0%B5%D0%BD%D0%BD%D1%8B%D0%B9-%D0%BF%D0%BE%D0%B4%D1%8A%D0%B5%D0%BC-%D0%BD%D0%B0-%D0%B1%D0%B8%D1%86%D0%B5%D0%BF%D1%81.mp4
exercises/пресс-на-босу.mp4;пресс-на-босу.mp4;пресс-на-босу;пресс на босу;17417578;https://ac22cf36-390e-4f3a-b58f-98eb399f6f3b.selstorage.ru/exercises/%D0%BF%D1%80%D0%B5%D1%81%D1%81-%D0%BD%D0%B0-%D0%B1%D0%BE%D1%81%D1%83.mp4
exercises/присед-с-точкой-опоры.mp4;присед-с-точкой-опоры.mp4;присед-с-точкой-опоры;присед с точкой опоры;18961454;https://ac22cf36-390e-4f3a-b58f-98eb399f6f3b.selstorage.ru/exercises/%D0%BF%D1%80%D0%B8%D1%81%D0%B5%D0%B4-%D1%81-%D1%82%D0%BE%D1%87%D0%BA%D0%BE%D0%B9-%D0%BE%D0%BF%D0%BE%D1%80%D1%8B.mp4
exercises/приседание-в-кроссовере.mp4;приседание-в-кроссовере.mp4;приседание-в-кроссовере;приседание в кроссовере;21780694;https://ac22cf36-390e-4f3a-b58f-98eb399f6f3b.selstorage.ru/exercises/%D0%BF%D1%80%D0%B8%D1%81%D0%B5%D0%B4%D0%B0%D0%BD%D0%B8%D0%B5-%D0%B2-%D0%BA%D1%80%D0%BE%D1%81%D1%81%D0%BE%D0%B2%D0%B5%D1%80%D0%B5.mp4
exercises/приседания-в-смите.mp4;приседания-в-смите.mp4;приседания-в-смите;приседания в смите;11690953;https://ac22cf36-390e-4f3a-b58f-98eb399f6f3b.selstorage.ru/exercises/%D0%BF%D1%80%D0%B8%D1%81%D0%B5%D0%B4%D0%B0%D0%BD%D0%B8%D1%8F-%D0%B2-%D1%81%D0%BC%D0%B8%D1%82%D0%B5.mp4
exercises/приседания-с-паузой-техника-выполнения-упражнений.mp4;приседания-с-паузой-техника-выполнения-упражнений.mp4;приседания-с-паузой-техника-выполнения-упражнений;приседания с паузой техника выполнения упражнений;22323329;https://ac22cf36-390e-4f3a-b58f-98eb399f6f3b.selstorage.ru/exercises/%D0%BF%D1%80%D0%B8%D1%81%D0%B5%D0%B4%D0%B0%D0%BD%D0%B8%D1%8F-%D1%81-%D0%BF%D0%B0%D1%83%D0%B7%D0%BE%D0%B9-%D1%82%D0%B5%D1%85%D0%BD%D0%B8%D0%BA%D0%B0-%D0%B2%D1%8B%D0%BF%D0%BE%D0%BB%D0%BD%D0%B5%D0%BD%D0%B8%D1%8F-%D1%83%D0%BF%D1%80%D0%B0%D0%B6%D0%BD%D0%B5%D0%BD%D0%B8%D0%B9.mp4
exercises/приседания-со-штангой-техника-выполнения-упражнений.mp4;приседания-со-штангой-техника-выполнения-упражнений.mp4;приседания-со-штангой-техника-выполнения-упражнений;приседания со штангой техника выполнения упражнений;30835496;https://ac22cf36-390e-4f3a-b58f-98eb399f6f3b.selstorage.ru/exercises/%D0%BF%D1%80%D0%B8%D1%81%D0%B5%D0%B4%D0%B0%D0%BD%D0%B8%D1%8F-%D1%81%D0%BE-%D1%88%D1%82%D0%B0%D0%BD%D0%B3%D0%BE%D0%B9-%D1%82%D0%B5%D1%85%D0%BD%D0%B8%D0%BA%D0%B0-%D0%B2%D1%8B%D0%BF%D0%BE%D0%BB%D0%BD%D0%B5%D0%BD%D0%B8%D1%8F-%D1%83%D0%BF%D1%80%D0%B0%D0%B6%D0%BD%D0%B5%D0%BD%D0%B8%D0%B9.mp4
exercises/прямые-скручивания-с-мячом.mp4;прямые-скручивания-с-мячом.mp4;прямые-скручивания-с-мячом;прямые скручивания с мячом;15060463;https://ac22cf36-390e-4f3a-b58f-98eb399f6f3b.selstorage.ru/exercises/%D0%BF%D1%80%D1%8F%D0%BC%D1%8B%D0%B5-%D1%81%D0%BA%D1%80%D1%83%D1%87%D0%B8%D0%B2%D0%B0%D0%BD%D0%B8%D1%8F-%D1%81-%D0%BC%D1%8F%D1%87%D0%BE%D0%BC.mp4
exercises/пуловер-в-кроссовере.mp4;пуловер-в-кроссовере.mp4;пуловер-в-кроссовере;пуловер в кроссовере;24659198;https://ac22cf36-390e-4f3a-b58f-98eb399f6f3b.selstorage.ru/exercises/%D0%BF%D1%83%D0%BB%D0%BE%D0%B2%D0%B5%D1%80-%D0%B2-%D0%BA%D1%80%D0%BE%D1%81%D1%81%D0%BE%D0%B2%D0%B5%D1%80%D0%B5.mp4
exercises/пуловер-с-гантелей.mp4;пуловер-с-гантелей.mp4;пуловер-с-гантелей;пуловер с гантелей;19717216;https://ac22cf36-390e-4f3a-b58f-98eb399f6f3b.selstorage.ru/exercises/%D0%BF%D1%83%D0%BB%D0%BE%D0%B2%D0%B5%D1%80-%D1%81-%D0%B3%D0%B0%D0%BD%D1%82%D0%B5%D0%BB%D0%B5%D0%B9.mp4
exercises/пуловер-со-штангой.mp4;пуловер-со-штангой.mp4;пуловер-со-штангой;пуловер со штангой;24193633;https://ac22cf36-390e-4f3a-b58f-98eb399f6f3b.selstorage.ru/exercises/%D0%BF%D1%83%D0%BB%D0%BE%D0%B2%D0%B5%D1%80-%D1%81%D0%BE-%D1%88%D1%82%D0%B0%D0%BD%D0%B3%D0%BE%D0%B9.mp4
exercises/раводка-под-15.mp4;раводка-под-15.mp4;раводка-под-15;раводка под 15;22944798;https://ac22cf36-390e-4f3a-b58f-98eb399f6f3b.selstorage.ru/exercises/%D1%80%D0%B0%D0%B2%D0%BE%D0%B4%D0%BA%D0%B0-%D0%BF%D0%BE%D0%B4-15.mp4
exercises/разгибание-на-трицепс-в-кроссовере-с-канатной-рукояткой.mp4;разгибание-на-трицепс-в-кроссовере-с-канатной-рукояткой.mp4;разгибание-на-трицепс-в-кроссовере-с-канатной-рукояткой;разгибание на трицепс в кроссовере с канатной рукояткой;18979854;https://ac22cf36-390e-4f3a-b58f-98eb399f6f3b.selstorage.ru/exercises/%D1%80%D0%B0%D0%B7%D0%B3%D0%B8%D0%B1%D0%B0%D0%BD%D0%B8%D0%B5-%D0%BD%D0%B0-%D1%82%D1%80%D0%B8%D1%86%D0%B5%D0%BF%D1%81-%D0%B2-%D0%BA%D1%80%D0%BE%D1%81%D1%81%D0%BE%D0%B2%D0%B5%D1%80%D0%B5-%D1%81-%D0%BA%D0%B0%D0%BD%D0%B0%D1%82%D0%BD%D0%BE%D0%B9-%D1%80%D1%83%D0%BA%D0%BE%D1%8F%D1%82%D0%BA%D0%BE%D0%B9.mp4
exercises/разгибание-на-трицепс-в-кроссовере.mp4;разгибание-на-трицепс-в-кроссовере.mp4;разгибание-на-трицепс-в-кроссовере;разгибание на трицепс в кроссовере;18711081;https://ac22cf36-390e-4f3a-b58f-98eb399f6f3b.selstorage.ru/exercises/%D1%80%D0%B0%D0%B7%D0%B3%D0%B8%D0%B1%D0%B0%D0%BD%D0%B8%D0%B5-%D0%BD%D0%B0-%D1%82%D1%80%D0%B8%D1%86%D0%B5%D0%BF%D1%81-%D0%B2-%D0%BA%D1%80%D0%BE%D1%81%D1%81%D0%BE%D0%B2%D0%B5%D1%80%D0%B5.mp4
exercises/разгибание-на-трицепс-в-наклоне.mp4;разгибание-на-трицепс-в-наклоне.mp4;разгибание-на-трицепс-в-наклоне;разгибание на трицепс в наклоне;23068949;https://ac22cf36-390e-4f3a-b58f-98eb399f6f3b.selstorage.ru/exercises/%D1%80%D0%B0%D0%B7%D0%B3%D0%B8%D0%B1%D0%B0%D0%BD%D0%B8%D0%B5-%D0%BD%D0%B0-%D1%82%D1%80%D0%B8%D1%86%D0%B5%D0%BF%D1%81-%D0%B2-%D0%BD%D0%B0%D0%BA%D0%BB%D0%BE%D0%BD%D0%B5.mp4
exercises/разгибание-на-трицепс-из-за-головы.mp4;разгибание-на-трицепс-из-за-головы.mp4;разгибание-на-трицепс-из-за-головы;разгибание на трицепс из за головы;14383277;https://ac22cf36-390e-4f3a-b58f-98eb399f6f3b.selstorage.ru/exercises/%D1%80%D0%B0%D0%B7%D0%B3%D0%B8%D0%B1%D0%B0%D0%BD%D0%B8%D0%B5-%D0%BD%D0%B0-%D1%82%D1%80%D0%B8%D1%86%D0%B5%D0%BF%D1%81-%D0%B8%D0%B7-%D0%B7%D0%B0-%D0%B3%D0%BE%D0%BB%D0%BE%D0%B2%D1%8B.mp4
exercises/разгибание-на-трицепс-по-одной-руке-в-кроссовере.mp4;разгибание-на-трицепс-по-одной-руке-в-кроссовере.mp4;разгибание-на-трицепс-по-одной-руке-в-кроссовере;разгибание на трицепс по одной руке в кроссовере;12629174;https://ac22cf36-390e-4f3a-b58f-98eb399f6f3b.selstorage.ru/exercises/%D1%80%D0%B0%D0%B7%D0%B3%D0%B8%D0%B1%D0%B0%D0%BD%D0%B8%D0%B5-%D0%BD%D0%B0-%D1%82%D1%80%D0%B8%D1%86%D0%B5%D0%BF%D1%81-%D0%BF%D0%BE-%D0%BE%D0%B4%D0%BD%D0%BE%D0%B9-%D1%80%D1%83%D0%BA%D0%B5-%D0%B2-%D0%BA%D1%80%D0%BE%D1%81%D1%81%D0%BE%D0%B2%D0%B5%D1%80%D0%B5.mp4
exercises/Растяжка на все тело.mp4;Растяжка на все тело.mp4;Растяжка на все тело;растяжка на все тело;90605577;https://ac22cf36-390e-4f3a-b58f-98eb399f6f3b.selstorage.ru/exercises/%D0%A0%D0%B0%D1%81%D1%82%D1%8F%D0%B6%D0%BA%D0%B0%20%D0%BD%D0%B0%20%D0%B2%D1%81%D0%B5%20%D1%82%D0%B5%D0%BB%D0%BE.mp4
exercises/римские-подтягивания.mp4;римские-подтягивания.mp4;римские-подтягивания;римские подтягивания;23091383;https://ac22cf36-390e-4f3a-b58f-98eb399f6f3b.selstorage.ru/exercises/%D1%80%D0%B8%D0%BC%D1%81%D0%BA%D0%B8%D0%B5-%D0%BF%D0%BE%D0%B4%D1%82%D1%8F%D0%B3%D0%B8%D0%B2%D0%B0%D0%BD%D0%B8%D1%8F.mp4
exercises/румынская-тяга.mp4;румынская-тяга.mp4;румынская-тяга;румынская тяга;18536395;https://ac22cf36-390e-4f3a-b58f-98eb399f6f3b.selstorage.ru/exercises/%D1%80%D1%83%D0%BC%D1%8B%D0%BD%D1%81%D0%BA%D0%B0%D1%8F-%D1%82%D1%8F%D0%B3%D0%B0.mp4
exercises/рычажная-тяга.mp4;рычажная-тяга.mp4;рычажная-тяга;рычажная тяга;24528902;https://ac22cf36-390e-4f3a-b58f-98eb399f6f3b.selstorage.ru/exercises/%D1%80%D1%8B%D1%87%D0%B0%D0%B6%D0%BD%D0%B0%D1%8F-%D1%82%D1%8F%D0%B3%D0%B0.mp4
exercises/сведение-и-разведение-ног.mp4;сведение-и-разведение-ног.mp4;сведение-и-разведение-ног;сведение и разведение ног;25719180;https://ac22cf36-390e-4f3a-b58f-98eb399f6f3b.selstorage.ru/exercises/%D1%81%D0%B2%D0%B5%D0%B4%D0%B5%D0%BD%D0%B8%D0%B5-%D0%B8-%D1%80%D0%B0%D0%B7%D0%B2%D0%B5%D0%B4%D0%B5%D0%BD%D0%B8%D0%B5-%D0%BD%D0%BE%D0%B3.mp4
exercises/сведение-рук-в-кроссовере-на-30-градусной-скамье.mp4;сведение-рук-в-кроссовере-на-30-градусной-скамье.mp4;сведение-рук-в-кроссовере-на-30-градусной-скамье;сведение рук в кроссовере на 30 градусной скамье;20094993;https://ac22cf36-390e-4f3a-b58f-98eb399f6f3b.selstorage.ru/exercises/%D1%81%D0%B2%D0%B5%D0%B4%D0%B5%D0%BD%D0%B8%D0%B5-%D1%80%D1%83%D0%BA-%D0%B2-%D0%BA%D1%80%D0%BE%D1%81%D1%81%D0%BE%D0%B2%D0%B5%D1%80%D0%B5-%D0%BD%D0%B0-30-%D0%B3%D1%80%D0%B0%D0%B4%D1%83%D1%81%D0%BD%D0%BE%D0%B9-%D1%81%D0%BA%D0%B0%D0%BC%D1%8C%D0%B5.mp4
exercises/сведение-рук-в-кроссовере-на-горизонтальной-скамье.mp4;сведение-рук-в-кроссовере-на-горизонтальной-скамье.mp4;сведение-рук-в-кроссовере-на-горизонтальной-скамье;сведение рук в кроссовере на горизонтальной скамье;22552638;https://ac22cf36-390e-4f3a-b58f-98eb399f6f3b.selstorage.ru/exercises/%D1%81%D0%B2%D0%B5%D0%B4%D0%B5%D0%BD%D0%B8%D0%B5-%D1%80%D1%83%D0%BA-%D0%B2-%D0%BA%D1%80%D0%BE%D1%81%D1%81%D0%BE%D0%B2%D0%B5%D1%80%D0%B5-%D0%BD%D0%B0-%D0%B3%D0%BE%D1%80%D0%B8%D0%B7%D0%BE%D0%BD%D1%82%D0%B0%D0%BB%D1%8C%D0%BD%D0%BE%D0%B9-%D1%81%D0%BA%D0%B0%D0%BC%D1%8C%D0%B5.mp4
exercises/сведение-рук-в-кроссовере.mp4;сведение-рук-в-кроссовере.mp4;сведение-рук-в-кроссовере;сведение рук в кроссовере;10098447;https://ac22cf36-390e-4f3a-b58f-98eb399f6f3b.selstorage.ru/exercises/%D1%81%D0%B2%D0%B5%D0%B4%D0%B5%D0%BD%D0%B8%D0%B5-%D1%80%D1%83%D0%BA-%D0%B2-%D0%BA%D1%80%D0%BE%D1%81%D1%81%D0%BE%D0%B2%D0%B5%D1%80%D0%B5.mp4
exercises/сгибание-зотмана.mp4;сгибание-зотмана.mp4;сгибание-зотмана;сгибание зотмана;10908953;https://ac22cf36-390e-4f3a-b58f-98eb399f6f3b.selstorage.ru/exercises/%D1%81%D0%B3%D0%B8%D0%B1%D0%B0%D0%BD%D0%B8%D0%B5-%D0%B7%D0%BE%D1%82%D0%BC%D0%B0%D0%BD%D0%B0.mp4
exercises/сгибание-лежа-по-1-ноге.mp4;сгибание-лежа-по-1-ноге.mp4;сгибание-лежа-по-1-ноге;сгибание лежа по 1 ноге;12731211;https://ac22cf36-390e-4f3a-b58f-98eb399f6f3b.selstorage.ru/exercises/%D1%81%D0%B3%D0%B8%D0%B1%D0%B0%D0%BD%D0%B8%D0%B5-%D0%BB%D0%B5%D0%B6%D0%B0-%D0%BF%D0%BE-1-%D0%BD%D0%BE%D0%B3%D0%B5.mp4
exercises/сгибание-ног-лежа.mp4;сгибание-ног-лежа.mp4;сгибание-ног-лежа;сгибание ног лежа;13068368;https://ac22cf36-390e-4f3a-b58f-98eb399f6f3b.selstorage.ru/exercises/%D1%81%D0%B3%D0%B8%D0%B1%D0%B0%D0%BD%D0%B8%D0%B5-%D0%BD%D0%BE%D0%B3-%D0%BB%D0%B5%D0%B6%D0%B0.mp4
exercises/сгибание-ног-сидя.mp4;сгибание-ног-сидя.mp4;сгибание-ног-сидя;сгибание ног сидя;19356816;https://ac22cf36-390e-4f3a-b58f-98eb399f6f3b.selstorage.ru/exercises/%D1%81%D0%B3%D0%B8%D0%B1%D0%B0%D0%BD%D0%B8%D0%B5-%D0%BD%D0%BE%D0%B3-%D1%81%D0%B8%D0%B4%D1%8F.mp4
exercises/сгибание-рук-с-гантелями-сидя.mp4;сгибание-рук-с-гантелями-сидя.mp4;сгибание-рук-с-гантелями-сидя;сгибание рук с гантелями сидя;10889094;https://ac22cf36-390e-4f3a-b58f-98eb399f6f3b.selstorage.ru/exercises/%D1%81%D0%B3%D0%B8%D0%B1%D0%B0%D0%BD%D0%B8%D0%B5-%D1%80%D1%83%D0%BA-%D1%81-%D0%B3%D0%B0%D0%BD%D1%82%D0%B5%D0%BB%D1%8F%D0%BC%D0%B8-%D1%81%D0%B8%D0%B4%D1%8F.mp4
exercises/си-си-присед-на-бицепс-бедра-в-смите.mp4;си-си-присед-на-бицепс-бедра-в-смите.mp4;си-си-присед-на-бицепс-бедра-в-смите;си си присед на бицепс бедра в смите;13786969;https://ac22cf36-390e-4f3a-b58f-98eb399f6f3b.selstorage.ru/exercises/%D1%81%D0%B8-%D1%81%D0%B8-%D0%BF%D1%80%D0%B8%D1%81%D0%B5%D0%B4-%D0%BD%D0%B0-%D0%B1%D0%B8%D1%86%D0%B5%D0%BF%D1%81-%D0%B1%D0%B5%D0%B4%D1%80%D0%B0-%D0%B2-%D1%81%D0%BC%D0%B8%D1%82%D0%B5.mp4
exercises/си-си-присед-с-собственным-весом.mp4;си-си-присед-с-собственным-весом.mp4;си-си-присед-с-собственным-весом;си си присед с собственным весом;180277495;https://ac22cf36-390e-4f3a-b58f-98eb399f6f3b.selstorage.ru/exercises/%D1%81%D0%B8-%D1%81%D0%B8-%D0%BF%D1%80%D0%B8%D1%81%D0%B5%D0%B4-%D1%81-%D1%81%D0%BE%D0%B1%D1%81%D1%82%D0%B2%D0%B5%D0%BD%D0%BD%D1%8B%D0%BC-%D0%B2%D0%B5%D1%81%D0%BE%D0%BC.mp4
exercises/си-си-приседания-на-переднюю-поверхность-бедра.mp4;си-си-приседания-на-переднюю-поверхность-бедра.mp4;си-си-приседания-на-переднюю-поверхность-бедра;си си приседания на переднюю поверхность бедра;10496379;https://ac22cf36-390e-4f3a-b58f-98eb399f6f3b.selstorage.ru/exercises/%D1%81%D0%B8-%D1%81%D0%B8-%D0%BF%D1%80%D0%B8%D1%81%D0%B5%D0%B4%D0%B0%D0%BD%D0%B8%D1%8F-%D0%BD%D0%B0-%D0%BF%D0%B5%D1%80%D0%B5%D0%B4%D0%BD%D1%8E%D1%8E-%D0%BF%D0%BE%D0%B2%D0%B5%D1%80%D1%85%D0%BD%D0%BE%D1%81%D1%82%D1%8C-%D0%B1%D0%B5%D0%B4%D1%80%D0%B0.mp4
exercises/скрепка-на-пресс.mp4;скрепка-на-пресс.mp4;скрепка-на-пресс;скрепка на пресс;12145373;https://ac22cf36-390e-4f3a-b58f-98eb399f6f3b.selstorage.ru/exercises/%D1%81%D0%BA%D1%80%D0%B5%D0%BF%D0%BA%D0%B0-%D0%BD%D0%B0-%D0%BF%D1%80%D0%B5%D1%81%D1%81.mp4
exercises/скручивания-на-полу-на-пресс.mp4;скручивания-на-полу-на-пресс.mp4;скручивания-на-полу-на-пресс;скручивания на полу на пресс;10977742;https://ac22cf36-390e-4f3a-b58f-98eb399f6f3b.selstorage.ru/exercises/%D1%81%D0%BA%D1%80%D1%83%D1%87%D0%B8%D0%B2%D0%B0%D0%BD%D0%B8%D1%8F-%D0%BD%D0%B0-%D0%BF%D0%BE%D0%BB%D1%83-%D0%BD%D0%B0-%D0%BF%D1%80%D0%B5%D1%81%D1%81.mp4
exercises/скручивания-на-скамье-для-пресса.mp4;скручивания-на-скамье-для-пресса.mp4;скручивания-на-скамье-для-пресса;скручивания на скамье для пресса;10982526;https://ac22cf36-390e-4f3a-b58f-98eb399f6f3b.selstorage.ru/exercises/%D1%81%D0%BA%D1%80%D1%83%D1%87%D0%B8%D0%B2%D0%B0%D0%BD%D0%B8%D1%8F-%D0%BD%D0%B0-%D1%81%D0%BA%D0%B0%D0%BC%D1%8C%D0%B5-%D0%B4%D0%BB%D1%8F-%D0%BF%D1%80%D0%B5%D1%81%D1%81%D0%B0.mp4
exercises/становая-тяга-сумо.mp4;становая-тяга-сумо.mp4;становая-тяга-сумо;становая тяга сумо;22161171;https://ac22cf36-390e-4f3a-b58f-98eb399f6f3b.selstorage.ru/exercises/%D1%81%D1%82%D0%B0%D0%BD%D0%BE%D0%B2%D0%B0%D1%8F-%D1%82%D1%8F%D0%B3%D0%B0-%D1%81%D1%83%D0%BC%D0%BE.mp4
exercises/становая-тяга.mp4;становая-тяга.mp4;становая-тяга;становая тяга;18341923;https://ac22cf36-390e-4f3a-b58f-98eb399f6f3b.selstorage.ru/exercises/%D1%81%D1%82%D0%B0%D0%BD%D0%BE%D0%B2%D0%B0%D1%8F-%D1%82%D1%8F%D0%B3%D0%B0.mp4
exercises/суперсет-на-верх-груди-в-смитте.mp4;суперсет-на-верх-груди-в-смитте.mp4;суперсет-на-верх-груди-в-смитте;суперсет на верх груди в смитте;23288507;https://ac22cf36-390e-4f3a-b58f-98eb399f6f3b.selstorage.ru/exercises/%D1%81%D1%83%D0%BF%D0%B5%D1%80%D1%81%D0%B5%D1%82-%D0%BD%D0%B0-%D0%B2%D0%B5%D1%80%D1%85-%D0%B3%D1%80%D1%83%D0%B4%D0%B8-%D0%B2-%D1%81%D0%BC%D0%B8%D1%82%D1%82%D0%B5.mp4
exercises/т-тяга-в-тренажере.mp4;т-тяга-в-тренажере.mp4;т-тяга-в-тренажере;т тяга в тренажере;30590040;https://ac22cf36-390e-4f3a-b58f-98eb399f6f3b.selstorage.ru/exercises/%D1%82-%D1%82%D1%8F%D0%B3%D0%B0-%D0%B2-%D1%82%D1%80%D0%B5%D0%BD%D0%B0%D0%B6%D0%B5%D1%80%D0%B5.mp4
exercises/т-тяга-со-штангой.mp4;т-тяга-со-штангой.mp4;т-тяга-со-штангой;т тяга со штангой;19252091;https://ac22cf36-390e-4f3a-b58f-98eb399f6f3b.selstorage.ru/exercises/%D1%82-%D1%82%D1%8F%D0%B3%D0%B0-%D1%81%D0%BE-%D1%88%D1%82%D0%B0%D0%BD%D0%B3%D0%BE%D0%B9.mp4
exercises/трицепс-в-кроссовере-обратным-хватом.mp4;трицепс-в-кроссовере-обратным-хватом.mp4;трицепс-в-кроссовере-обратным-хватом;трицепс в кроссовере обратным хватом;17433334;https://ac22cf36-390e-4f3a-b58f-98eb399f6f3b.selstorage.ru/exercises/%D1%82%D1%80%D0%B8%D1%86%D0%B5%D0%BF%D1%81-%D0%B2-%D0%BA%D1%80%D0%BE%D1%81%D1%81%D0%BE%D0%B2%D0%B5%D1%80%D0%B5-%D0%BE%D0%B1%D1%80%D0%B0%D1%82%D0%BD%D1%8B%D0%BC-%D1%85%D0%B2%D0%B0%D1%82%D0%BE%D0%BC.mp4
exercises/трицепс-в-тренажере.mp4;трицепс-в-тренажере.mp4;трицепс-в-тренажере;трицепс в тренажере;139987046;https://ac22cf36-390e-4f3a-b58f-98eb399f6f3b.selstorage.ru/exercises/%D1%82%D1%80%D0%B8%D1%86%D0%B5%D0%BF%D1%81-%D0%B2-%D1%82%D1%80%D0%B5%D0%BD%D0%B0%D0%B6%D0%B5%D1%80%D0%B5.mp4
exercises/тяга-арбалет-на-заднюю-дельту.mp4;тяга-арбалет-на-заднюю-дельту.mp4;тяга-арбалет-на-заднюю-дельту;тяга арбалет на заднюю дельту;22513531;https://ac22cf36-390e-4f3a-b58f-98eb399f6f3b.selstorage.ru/exercises/%D1%82%D1%8F%D0%B3%D0%B0-%D0%B0%D1%80%D0%B1%D0%B0%D0%BB%D0%B5%D1%82-%D0%BD%D0%B0-%D0%B7%D0%B0%D0%B4%D0%BD%D1%8E%D1%8E-%D0%B4%D0%B5%D0%BB%D1%8C%D1%82%D1%83.mp4
exercises/тяга-гантели-к-поясу.mp4;тяга-гантели-к-поясу.mp4;тяга-гантели-к-поясу;тяга гантели к поясу;20974784;https://ac22cf36-390e-4f3a-b58f-98eb399f6f3b.selstorage.ru/exercises/%D1%82%D1%8F%D0%B3%D0%B0-%D0%B3%D0%B0%D0%BD%D1%82%D0%B5%D0%BB%D0%B8-%D0%BA-%D0%BF%D0%BE%D1%8F%D1%81%D1%83.mp4
exercises/тяга-гирь-к-поясу.mp4;тяга-гирь-к-поясу.mp4;тяга-гирь-к-поясу;тяга гирь к поясу;14161451;https://ac22cf36-390e-4f3a-b58f-98eb399f6f3b.selstorage.ru/exercises/%D1%82%D1%8F%D0%B3%D0%B0-%D0%B3%D0%B8%D1%80%D1%8C-%D0%BA-%D0%BF%D0%BE%D1%8F%D1%81%D1%83.mp4
exercises/тяга-до-колена.mp4;тяга-до-колена.mp4;тяга-до-колена;тяга до колена;14130810;https://ac22cf36-390e-4f3a-b58f-98eb399f6f3b.selstorage.ru/exercises/%D1%82%D1%8F%D0%B3%D0%B0-%D0%B4%D0%BE-%D0%BA%D0%BE%D0%BB%D0%B5%D0%BD%D0%B0.mp4
exercises/тяга-из-за-головы-в-кроссовере-на-трицепс.mp4;тяга-из-за-головы-в-кроссовере-на-трицепс.mp4;тяга-из-за-головы-в-кроссовере-на-трицепс;тяга из за головы в кроссовере на трицепс;21865991;https://ac22cf36-390e-4f3a-b58f-98eb399f6f3b.selstorage.ru/exercises/%D1%82%D1%8F%D0%B3%D0%B0-%D0%B8%D0%B7-%D0%B7%D0%B0-%D0%B3%D0%BE%D0%BB%D0%BE%D0%B2%D1%8B-%D0%B2-%D0%BA%D1%80%D0%BE%D1%81%D1%81%D0%BE%D0%B2%D0%B5%D1%80%D0%B5-%D0%BD%D0%B0-%D1%82%D1%80%D0%B8%D1%86%D0%B5%D0%BF%D1%81.mp4
exercises/тяга-из-ямы.mp4;тяга-из-ямы.mp4;тяга-из-ямы;тяга из ямы;19880300;https://ac22cf36-390e-4f3a-b58f-98eb399f6f3b.selstorage.ru/exercises/%D1%82%D1%8F%D0%B3%D0%B0-%D0%B8%D0%B7-%D1%8F%D0%BC%D1%8B.mp4
exercises/тяга-к-подбородку-в-кроссовере.mp4;тяга-к-подбородку-в-кроссовере.mp4;тяга-к-подбородку-в-кроссовере;тяга к подбородку в кроссовере;25843574;https://ac22cf36-390e-4f3a-b58f-98eb399f6f3b.selstorage.ru/exercises/%D1%82%D1%8F%D0%B3%D0%B0-%D0%BA-%D0%BF%D0%BE%D0%B4%D0%B1%D0%BE%D1%80%D0%BE%D0%B4%D0%BA%D1%83-%D0%B2-%D0%BA%D1%80%D0%BE%D1%81%D1%81%D0%BE%D0%B2%D0%B5%D1%80%D0%B5.mp4
exercises/тяга-к-поясу-в-кроссовере.mp4;тяга-к-поясу-в-кроссовере.mp4;тяга-к-поясу-в-кроссовере;тяга к поясу в кроссовере;14458710;https://ac22cf36-390e-4f3a-b58f-98eb399f6f3b.selstorage.ru/exercises/%D1%82%D1%8F%D0%B3%D0%B0-%D0%BA-%D0%BF%D0%BE%D1%8F%D1%81%D1%83-%D0%B2-%D0%BA%D1%80%D0%BE%D1%81%D1%81%D0%BE%D0%B2%D0%B5%D1%80%D0%B5.mp4
exercises/тяга-ли-хэйни.mp4;тяга-ли-хэйни.mp4;тяга-ли-хэйни;тяга ли хэйни;22995860;https://ac22cf36-390e-4f3a-b58f-98eb399f6f3b.selstorage.ru/exercises/%D1%82%D1%8F%D0%B3%D0%B0-%D0%BB%D0%B8-%D1%85%D1%8D%D0%B9%D0%BD%D0%B8.mp4
exercises/тяга-со-стоек.mp4;тяга-со-стоек.mp4;тяга-со-стоек;тяга со стоек;19098045;https://ac22cf36-390e-4f3a-b58f-98eb399f6f3b.selstorage.ru/exercises/%D1%82%D1%8F%D0%B3%D0%B0-%D1%81%D0%BE-%D1%81%D1%82%D0%BE%D0%B5%D0%BA.mp4
exercises/тяга-штанги-к-подбородку.mp4;тяга-штанги-к-подбородку.mp4;тяга-штанги-к-подбородку;тяга штанги к подбородку;28323513;https://ac22cf36-390e-4f3a-b58f-98eb399f6f3b.selstorage.ru/exercises/%D1%82%D1%8F%D0%B3%D0%B0-%D1%88%D1%82%D0%B0%D0%BD%D0%B3%D0%B8-%D0%BA-%D0%BF%D0%BE%D0%B4%D0%B1%D0%BE%D1%80%D0%BE%D0%B4%D0%BA%D1%83.mp4
exercises/тяга-штанги-к-поясу.mp4;тяга-штанги-к-поясу.mp4;тяга-штанги-к-поясу;тяга штанги к поясу;24023849;https://ac22cf36-390e-4f3a-b58f-98eb399f6f3b.selstorage.ru/exercises/%D1%82%D1%8F%D0%B3%D0%B0-%D1%88%D1%82%D0%B0%D0%BD%D0%B3%D0%B8-%D0%BA-%D0%BF%D0%BE%D1%8F%D1%81%D1%83.mp4
exercises/удержание-веса.mp4;удержание-веса.mp4;удержание-веса;удержание веса;20006570;https://ac22cf36-390e-4f3a-b58f-98eb399f6f3b.selstorage.ru/exercises/%D1%83%D0%B4%D0%B5%D1%80%D0%B6%D0%B0%D0%BD%D0%B8%D0%B5-%D0%B2%D0%B5%D1%81%D0%B0.mp4
exercises/французский-жим-в-смитте.mp4;французский-жим-в-смитте.mp4;французский-жим-в-смитте;французский жим в смитте;16091935;https://ac22cf36-390e-4f3a-b58f-98eb399f6f3b.selstorage.ru/exercises/%D1%84%D1%80%D0%B0%D0%BD%D1%86%D1%83%D0%B7%D1%81%D0%BA%D0%B8%D0%B9-%D0%B6%D0%B8%D0%BC-%D0%B2-%D1%81%D0%BC%D0%B8%D1%82%D1%82%D0%B5.mp4
exercises/французский-жим-гантели-стоя.mp4;французский-жим-гантели-стоя.mp4;французский-жим-гантели-стоя;французский жим гантели стоя;19663853;https://ac22cf36-390e-4f3a-b58f-98eb399f6f3b.selstorage.ru/exercises/%D1%84%D1%80%D0%B0%D0%BD%D1%86%D1%83%D0%B7%D1%81%D0%BA%D0%B8%D0%B9-%D0%B6%D0%B8%D0%BC-%D0%B3%D0%B0%D0%BD%D1%82%D0%B5%D0%BB%D0%B8-%D1%81%D1%82%D0%BE%D1%8F.mp4
exercises/французский-жим-лежа.mp4;французский-жим-лежа.mp4;французский-жим-лежа;французский жим лежа;16492114;https://ac22cf36-390e-4f3a-b58f-98eb399f6f3b.selstorage.ru/exercises/%D1%84%D1%80%D0%B0%D0%BD%D1%86%D1%83%D0%B7%D1%81%D0%BA%D0%B8%D0%B9-%D0%B6%D0%B8%D0%BC-%D0%BB%D0%B5%D0%B6%D0%B0.mp4
exercises/французский-жим-с-гантелями.mp4;французский-жим-с-гантелями.mp4;французский-жим-с-гантелями;французский жим с гантелями;14357715;https://ac22cf36-390e-4f3a-b58f-98eb399f6f3b.selstorage.ru/exercises/%D1%84%D1%80%D0%B0%D0%BD%D1%86%D1%83%D0%B7%D1%81%D0%BA%D0%B8%D0%B9-%D0%B6%D0%B8%D0%BC-%D1%81-%D0%B3%D0%B0%D0%BD%D1%82%D0%B5%D0%BB%D1%8F%D0%BC%D0%B8.mp4
exercises/французский-жим-стоя.mp4;французский-жим-стоя.mp4;французский-жим-стоя;французский жим стоя;22848288;https://ac22cf36-390e-4f3a-b58f-98eb399f6f3b.selstorage.ru/exercises/%D1%84%D1%80%D0%B0%D0%BD%D1%86%D1%83%D0%B7%D1%81%D0%BA%D0%B8%D0%B9-%D0%B6%D0%B8%D0%BC-%D1%81%D1%82%D0%BE%D1%8F.mp4
exercises/фронтальные-махи-с-гантелями.mp4;фронтальные-махи-с-гантелями.mp4;фронтальные-махи-с-гантелями;фронтальные махи с гантелями;9701806;https://ac22cf36-390e-4f3a-b58f-98eb399f6f3b.selstorage.ru/exercises/%D1%84%D1%80%D0%BE%D0%BD%D1%82%D0%B0%D0%BB%D1%8C%D0%BD%D1%8B%D0%B5-%D0%BC%D0%B0%D1%85%D0%B8-%D1%81-%D0%B3%D0%B0%D0%BD%D1%82%D0%B5%D0%BB%D1%8F%D0%BC%D0%B8.mp4
exercises/фронтальные-махи-со-штангой-стоя.mp4;фронтальные-махи-со-штангой-стоя.mp4;фронтальные-махи-со-штангой-стоя;фронтальные махи со штангой стоя;20984971;https://ac22cf36-390e-4f3a-b58f-98eb399f6f3b.selstorage.ru/exercises/%D1%84%D1%80%D0%BE%D0%BD%D1%82%D0%B0%D0%BB%D1%8C%D0%BD%D1%8B%D0%B5-%D0%BC%D0%B0%D1%85%D0%B8-%D1%81%D0%BE-%D1%88%D1%82%D0%B0%D0%BD%D0%B3%D0%BE%D0%B9-%D1%81%D1%82%D0%BE%D1%8F.mp4
exercises/фронтальные-приседания.mp4;фронтальные-приседания.mp4;фронтальные-приседания;фронтальные приседания;21570047;https://ac22cf36-390e-4f3a-b58f-98eb399f6f3b.selstorage.ru/exercises/%D1%84%D1%80%D0%BE%D0%BD%D1%82%D0%B0%D0%BB%D1%8C%D0%BD%D1%8B%D0%B5-%D0%BF%D1%80%D0%B8%D1%81%D0%B5%D0%B4%D0%B0%D0%BD%D0%B8%D1%8F.mp4
exercises/ягодицы-в-тренажере.mp4;ягодицы-в-тренажере.mp4;ягодицы-в-тренажере;ягодицы в тренажере;21343073;https://ac22cf36-390e-4f3a-b58f-98eb399f6f3b.selstorage.ru/exercises/%D1%8F%D0%B3%D0%BE%D0%B4%D0%B8%D1%86%D1%8B-%D0%B2-%D1%82%D1%80%D0%B5%D0%BD%D0%B0%D0%B6%D0%B5%D1%80%D0%B5.mp4
exercises/ягодицы-с-канатом-в-кроссовере.mp4;ягодицы-с-канатом-в-кроссовере.mp4;ягодицы-с-канатом-в-кроссовере;ягодицы с канатом в кроссовере;17604926;https://ac22cf36-390e-4f3a-b58f-98eb399f6f3b.selstorage.ru/exercises/%D1%8F%D0%B3%D0%BE%D0%B4%D0%B8%D1%86%D1%8B-%D1%81-%D0%BA%D0%B0%D0%BD%D0%B0%D1%82%D0%BE%D0%BC-%D0%B2-%D0%BA%D1%80%D0%BE%D1%81%D1%81%D0%BE%D0%B2%D0%B5%D1%80%D0%B5.mp4
exercises/ягодичный-мост-в-смитте.mp4;ягодичный-мост-в-смитте.mp4;ягодичный-мост-в-смитте;ягодичный мост в смитте;13528370;https://ac22cf36-390e-4f3a-b58f-98eb399f6f3b.selstorage.ru/exercises/%D1%8F%D0%B3%D0%BE%D0%B4%D0%B8%D1%87%D0%BD%D1%8B%D0%B9-%D0%BC%D0%BE%D1%81%D1%82-%D0%B2-%D1%81%D0%BC%D0%B8%D1%82%D1%82%D0%B5.mp4
exercises/ягодичный-мост-в-тренажере.mp4;ягодичный-мост-в-тренажере.mp4;ягодичный-мост-в-тренажере;ягодичный мост в тренажере;17498614;https://ac22cf36-390e-4f3a-b58f-98eb399f6f3b.selstorage.ru/exercises/%D1%8F%D0%B3%D0%BE%D0%B4%D0%B8%D1%87%D0%BD%D1%8B%D0%B9-%D0%BC%D0%BE%D1%81%D1%82-%D0%B2-%D1%82%D1%80%D0%B5%D0%BD%D0%B0%D0%B6%D0%B5%D1%80%D0%B5.mp4
exercises/ягодичный-мост-на-полу.mp4;ягодичный-мост-на-полу.mp4;ягодичный-мост-на-полу;ягодичный мост на полу;8240076;https://ac22cf36-390e-4f3a-b58f-98eb399f6f3b.selstorage.ru/exercises/%D1%8F%D0%B3%D0%BE%D0%B4%D0%B8%D1%87%D0%BD%D1%8B%D0%B9-%D0%BC%D0%BE%D1%81%D1%82-%D0%BD%D0%B0-%D0%BF%D0%BE%D0%BB%D1%83.mp4
exercises/ягодичный-мост-со-штангой.mp4;ягодичный-мост-со-штангой.mp4;ягодичный-мост-со-штангой;ягодичный мост со штангой;17127529;https://ac22cf36-390e-4f3a-b58f-98eb399f6f3b.selstorage.ru/exercises/%D1%8F%D0%B3%D0%BE%D0%B4%D0%B8%D1%87%D0%BD%D1%8B%D0%B9-%D0%BC%D0%BE%D1%81%D1%82-%D1%81%D0%BE-%D1%88%D1%82%D0%B0%D0%BD%D0%B3%D0%BE%D0%B9.mp4
exercises/g-жим.mp4;g-жим.mp4;g-жим;g жим;24891031;https://ac22cf36-390e-4f3a-b58f-98eb399f6f3b.selstorage.ru/exercises/g-%D0%B6%D0%B8%D0%BC.mp4