id,name,muscleGroup,secondaryMuscleGroup,movementType,equipment,difficulty,movementPattern,laterality,verticalHorizontal,axialLoad,exerciseCategory,alternatives,sourceCount,needsManualReview,manualNotes
"ex_21","21","","","","","unknown","","bilateral","","false","","","25","true","Нужно вручную разметить перед использованием в заменах."
"ex_армейский-жим","Армейский жим","плечи","трицепс","push","bodyweight","beginner","vertical_push","bilateral","vertical_push","false","strength_vertical_push","","15","false",""
"ex_бабочка-на-большие-грудные","Бабочка на большие грудные","грудь","трицепс","push","machine","beginner","horizontal_push","bilateral","horizontal_push","false","strength_horizontal_push","Бабочка на заднюю дельту; Бабочка на большие грудные 10 раз; Жим гантелей лежа; Жим гантелей лёжа на скамье 30*; Жим гантелей сидя; Изодинамический жим гантелей на 30* скамье; Классические отжимания; Обратные отжимания; Отжимания в смитте; Отжимания на брусьях в гравитроне","363","false",""
"ex_бабочка-на-большие-грудные-10-раз","Бабочка на большие грудные 10 раз","грудь","трицепс","push","machine","beginner","horizontal_push","bilateral","horizontal_push","false","strength_horizontal_push","Бабочка на большие грудные; Бабочка на заднюю дельту; Жим гантелей лежа; Жим гантелей лёжа на скамье 30*; Жим гантелей сидя; Изодинамический жим гантелей на 30* скамье; Классические отжимания; Обратные отжимания; Отжимания в смитте; Отжимания на брусьях в гравитроне","4","false",""
"ex_бабочка-на-заднюю-дельту","Бабочка на заднюю дельту","грудь","трицепс","push","machine","beginner","horizontal_push","bilateral","horizontal_push","false","strength_horizontal_push","Бабочка на большие грудные; Бабочка на большие грудные 10 раз; Жим гантелей лежа; Жим гантелей лёжа на скамье 30*; Жим гантелей сидя; Изодинамический жим гантелей на 30* скамье; Классические отжимания; Обратные отжимания; Отжимания в смитте; Отжимания на брусьях в гравитроне","137","false",""
"ex_бицепс-с-гантелью-на-скамье-скотта","Бицепс с гантелью на скамье Скотта","бицепс","предплечья","isolation","free_weight","beginner","elbow_flexion","bilateral","accessory","false","strength_elbow_flexion","Бицепс со штангой на скамье Скотта; Подъем на бицепс с гантелями сидя; Подъем EZ-штанги на бицепс; Бицепс с двумя гантелями на скамье Скотта; Подъем на бицепс гантелей стоя.; Бицепс с канатной рукояткой в кроссовере; Изодинамический подъем на бицепс; Изодинамический подъем на бицепс.; Классический подъем на бицепс в кроссовере; Концентрированный подъем на бицепс","56","false",""
"ex_бицепс-с-двумя-гантелями-на-скамье-скотта","Бицепс с двумя гантелями на скамье Скотта","бицепс","предплечья","isolation","free_weight","beginner","elbow_flexion","bilateral","accessory","false","strength_elbow_flexion","Бицепс с гантелью на скамье Скотта; Бицепс со штангой на скамье Скотта; Подъем на бицепс с гантелями сидя; Подъем EZ-штанги на бицепс; Подъем на бицепс гантелей стоя.; Бицепс с канатной рукояткой в кроссовере; Изодинамический подъем на бицепс; Изодинамический подъем на бицепс.; Классический подъем на бицепс в кроссовере; Концентрированный подъем на бицепс","15","false",""
"ex_бицепс-с-канатной-рукояткой-в-кроссовере","Бицепс с канатной рукояткой в кроссовере","бицепс","предплечья","isolation","bodyweight","beginner","elbow_flexion","bilateral","accessory","false","strength_elbow_flexion","Изодинамический подъем на бицепс; Изодинамический подъем на бицепс.; Классический подъем на бицепс в кроссовере; Концентрированный подъем на бицепс; Молотки, подъем на бицепс.; Молотковые сгибания на бицепс с канатной рукояткой; Подъем на бицепс на наклонной скамье под 45*; Подъем на бицепс широким хватом; Сгибание Зотмана; Подъем на бицепс обратным хватом в кроссовере","135","false",""
"ex_бицепс-со-штангой-на-скамье-скотта","Бицепс со штангой на скамье Скотта","бицепс","предплечья","isolation","free_weight","beginner","elbow_flexion","bilateral","accessory","false","strength_elbow_flexion","Бицепс с гантелью на скамье Скотта; Подъем на бицепс с гантелями сидя; Подъем EZ-штанги на бицепс; Бицепс с двумя гантелями на скамье Скотта; Подъем на бицепс гантелей стоя.; Бицепс с канатной рукояткой в кроссовере; Изодинамический подъем на бицепс; Изодинамический подъем на бицепс.; Классический подъем на бицепс в кроссовере; Концентрированный подъем на бицепс","60","false",""
"ex_боковая-или-латеральная-планка","Боковая или латеральная планка","кор","","core","bodyweight","beginner","anti_extension","bilateral","core","false","strength_anti_extension","Динамическая планка на косые мышцы; Классическая планка; Планка с перестановкой ног; Планка на босу под ногами; Планка на фитболе; Планка на фитболе под руками; Планка на босу","106","false",""
"ex_болгарский-присед","Болгарский присед","квадрицепс","ягодицы","push","bodyweight","intermediate","squat_lunge","unilateral","lower_push","true","strength_squat_lunge","Обратный гак присед; Присед плие; Приседания в кроссовере; Гак присед; Плеометрический гак присед; Си-си присед с собственным весом; Присед в смите; Си-си присед с собственным весом 10 раз; Си-си присед на бицепс бедра; Присед с паузой","94","false",""
"ex_велосипедные-скручивания","Велосипедные скручивания","кор","","core","bodyweight","beginner","trunk_flexion","bilateral","core","false","strength_trunk_flexion","Касания пяток (пресс); Косые скручивания с мячом; Подъемы ног на скамье для пресса; Прямые скручивания с мячом; Скручивания на скамье для пресса; Прямые скручивания на пресс; Скручивание на полу; Пресс на босу","6","false",""
"ex_вертикальная-тяга-обратным-хватом","Вертикальная тяга обратным хватом","спина","бицепс","pull","bodyweight","intermediate","vertical_pull","bilateral","vertical_pull","false","strength_vertical_pull","Вертикальная тяга узким хватом; Вертикальная тяга широким хватом; Подтягивания обратным хватом; Подтягивания широким хватом; Римские подтягивания; Подтягивания параллельным хватом; Вертикальная тяга одной рукой; Подтягивания в гравитроне параллельным хватом; Подтягивания в гравитроне широким хватом; Подтягивания в гравитроне обратным хватом","90","false",""
"ex_вертикальная-тяга-одной-рукой","Вертикальная тяга одной рукой","спина","бицепс","pull","bodyweight","intermediate","vertical_pull","unilateral","vertical_pull","false","strength_vertical_pull","Вертикальная тяга обратным хватом; Вертикальная тяга узким хватом; Вертикальная тяга широким хватом; Подтягивания обратным хватом; Подтягивания широким хватом; Римские подтягивания; Подтягивания параллельным хватом; Подтягивания в гравитроне параллельным хватом; Подтягивания в гравитроне широким хватом","17","false",""
"ex_вертикальная-тяга-узким-хватом","Вертикальная тяга узким хватом","спина","бицепс","pull","bodyweight","intermediate","vertical_pull","bilateral","vertical_pull","false","strength_vertical_pull","Вертикальная тяга обратным хватом; Вертикальная тяга широким хватом; Подтягивания обратным хватом; Подтягивания широким хватом; Римские подтягивания; Подтягивания параллельным хватом; Вертикальная тяга одной рукой; Подтягивания в гравитроне параллельным хватом; Подтягивания в гравитроне широким хватом; Подтягивания в гравитроне обратным хватом","76","false",""
"ex_вертикальная-тяга-широким-хватом","Вертикальная тяга широким хватом","спина","бицепс","pull","bodyweight","intermediate","vertical_pull","bilateral","vertical_pull","false","strength_vertical_pull","Вертикальная тяга обратным хватом; Вертикальная тяга узким хватом; Подтягивания обратным хватом; Подтягивания широким хватом; Римские подтягивания; Подтягивания параллельным хватом; Вертикальная тяга одной рукой; Подтягивания в гравитроне параллельным хватом; Подтягивания в гравитроне широким хватом; Подтягивания в гравитроне обратным хватом","103","false",""
"ex_выпады-в-кроссовере","Выпады в кроссовере","квадрицепс","ягодицы","push","bodyweight","beginner","squat_lunge","unilateral","lower_push","false","strength_squat_lunge","Выпады в смите; Латеральные или боковые зашагивания; Зашагивания на тумбу; Зашагивания на тумбу 10 раз; Латеральные или боковые зашагивания 10 раз; Зашагивания на тумбу 15 раз; Классические выпады.; Латеральные или боковые зашагивания 15 раз; Зашагивания на тумбу 12 раз; Зашагивания на тумбу 8 раз","154","false",""
"ex_выпады-в-смите","Выпады в смите","квадрицепс","ягодицы","push","bodyweight","beginner","squat_lunge","unilateral","lower_push","false","strength_squat_lunge","Выпады в кроссовере; Латеральные или боковые зашагивания; Зашагивания на тумбу; Зашагивания на тумбу 10 раз; Латеральные или боковые зашагивания 10 раз; Зашагивания на тумбу 15 раз; Классические выпады.; Латеральные или боковые зашагивания 15 раз; Зашагивания на тумбу 12 раз; Зашагивания на тумбу 8 раз","33","false",""
"ex_выпады-с-гантелями","Выпады с гантелями","квадрицепс","ягодицы","push","free_weight","beginner","squat_lunge","unilateral","lower_push","false","strength_squat_lunge","Выпады в кроссовере; Выпады в смите; Латеральные или боковые зашагивания; Зашагивания на тумбу; Зашагивания на тумбу 10 раз; Латеральные или боковые зашагивания 10 раз; Зашагивания на тумбу 15 раз; Классические выпады.; Латеральные или боковые зашагивания 15 раз; Зашагивания на тумбу 12 раз","77","false",""
"ex_выпады-со-штангой","Выпады со штангой","квадрицепс","ягодицы","push","free_weight","intermediate","squat_lunge","unilateral","lower_push","true","strength_squat_lunge","Приседания со штангой; Фронтальные приседания со штангой; Болгарский присед; Обратный гак присед; Присед плие; Приседания в кроссовере; Гак присед; Плеометрический гак присед; Си-си присед с собственным весом; Присед в смите","97","false",""
"ex_вытяжка-в-гиперэкстензии","Вытяжка в гиперэкстензии","задняя цепь","ягодицы","hinge","bodyweight_machine","beginner","hip_hinge","bilateral","lower_pull","false","strength_hip_hinge","Гиперэкстензия","183","false",""
"ex_гак-присед","Гак присед","квадрицепс","ягодицы","push","bodyweight","beginner","squat_lunge","bilateral","lower_push","true","strength_squat_lunge","Обратный гак присед; Присед плие; Приседания в кроссовере; Плеометрический гак присед; Си-си присед с собственным весом; Присед в смите; Си-си присед с собственным весом 10 раз; Си-си присед на бицепс бедра; Присед с паузой; Си-си приседания на переднюю поверхность бедра","18","false",""
"ex_гибридная-тяга","Гибридная тяга","","","","","unknown","","bilateral","","false","","","45","true","Нужно вручную разметить перед использованием в заменах."
"ex_гильотина","Гильотина","","","","","unknown","","bilateral","","false","","","69","true","Нужно вручную разметить перед использованием в заменах."
"ex_гиперэкстензия","Гиперэкстензия","задняя цепь","ягодицы","hinge","bodyweight_machine","beginner","hip_hinge","bilateral","lower_pull","false","strength_hip_hinge","Вытяжка в гиперэкстензии","70","false",""
"ex_горизонтальная-вытяжка-в-кроссовере","Горизонтальная вытяжка в кроссовере","мобильность","","mobility","bodyweight","beginner","mobility","bilateral","mobility","false","mobility","Латеральная или боковая вытяжка в кроссовере.; Растяжка на все тело","89","false",""
"ex_горизонтальная-или-гребная-тяга-широким-хватом","Горизонтальная или гребная тяга широким хватом","спина","бицепс","pull","free_weight","beginner","horizontal_pull","bilateral","horizontal_pull","false","strength_horizontal_pull","Горизонтальная тяга или гребная тяга.; Тяга к поясу в кроссовере","232","false",""
"ex_горизонтальная-тяга-или-гребная-тяга","Горизонтальная тяга или гребная тяга.","спина","бицепс","pull","free_weight","beginner","horizontal_pull","bilateral","horizontal_pull","false","strength_horizontal_pull","Горизонтальная или гребная тяга широким хватом; Тяга к поясу в кроссовере","215","false",""
"ex_горизонтальный-жим-ногами","Горизонтальный жим ногами","квадрицепс","","push","machine","beginner","knee_extension","bilateral","lower_push","false","strength_knee_extension","Жим ногами; Жим ногами на бицеп бедра; Жим ногами с параллельной постановкой ног; Жим ногами с широкой постановкой ног; Жим платформы на ягодицы; Разгибание ног; Разгибание ног 10 раз","13","false",""
"ex_динамическая-планка-на-косые-мышцы","Динамическая планка на косые мышцы","кор","","core","bodyweight","beginner","anti_extension","bilateral","core","false","strength_anti_extension","Боковая или латеральная планка; Классическая планка; Планка с перестановкой ног; Планка на босу под ногами; Планка на фитболе; Планка на фитболе под руками; Планка на босу","56","false",""
"ex_дуговая-разводка","Дуговая разводка","","","","","unknown","","bilateral","","false","","","103","true","Нужно вручную разметить перед использованием в заменах."
"ex_дуговые-махи","Дуговые махи","плечи","","isolation","bodyweight","beginner","shoulder_isolation","bilateral","accessory","false","strength_shoulder_isolation","Дуговые махи на заднюю дельту; Изодинамические махи; Изодинамические махи на заднюю дельту; Махи на заднюю дельту на скамье 30*; Махи на плечи в кроссовере, тросс сзади.; Махи на скамье под 45* на плечи; Махи на ягодицы в кроссовере.; Махи гантелями","101","false",""
"ex_дуговые-махи-на-заднюю-дельту","Дуговые махи на заднюю дельту","плечи","","isolation","bodyweight","beginner","shoulder_isolation","bilateral","accessory","false","strength_shoulder_isolation","Дуговые махи; Изодинамические махи; Изодинамические махи на заднюю дельту; Махи на заднюю дельту на скамье 30*; Махи на плечи в кроссовере, тросс сзади.; Махи на скамье под 45* на плечи; Махи на ягодицы в кроссовере.; Махи гантелями","78","false",""
"ex_жим-арнольда","Жим Арнольда","","","","","unknown","","bilateral","","false","","","31","true","Нужно вручную разметить перед использованием в заменах."
"ex_жим-в-свенда-в-кроссовере","Жим в свенда в кроссовере","","","","","unknown","","bilateral","","false","","","59","true","Нужно вручную разметить перед использованием в заменах."
"ex_жим-в-свенда-в-кроссовере-10-раз","Жим в свенда в кроссовере 10 раз","","","","","unknown","","bilateral","","false","","","3","true","Нужно вручную разметить перед использованием в заменах."
"ex_жим-в-смитте","Жим в смитте","","","","","unknown","","bilateral","","false","","","24","true","Нужно вручную разметить перед использованием в заменах."
"ex_жим-в-хаммере-верх-груди","Жим в хаммере верх груди","","","","","unknown","","bilateral","","false","","","109","true","Нужно вручную разметить перед использованием в заменах."
"ex_жим-в-хаммере-низ","Жим в хаммере низ","","","","","unknown","","bilateral","","false","","","62","true","Нужно вручную разметить перед использованием в заменах."
"ex_жим-гантелей-лежа","Жим гантелей лежа","грудь","трицепс","push","free_weight","beginner","horizontal_push","bilateral","horizontal_push","false","strength_horizontal_push","Жим гантелей лёжа на скамье 30*; Жим гантелей сидя; Изодинамический жим гантелей на 30* скамье; Жим штанги лежа; Жим штанги под углом; Отжимания с гантелей на трицепс; Бабочка на большие грудные; Бабочка на заднюю дельту; Классические отжимания; Обратные отжимания","71","false",""
"ex_жим-гантелей-лежа-на-скамье-30","Жим гантелей лёжа на скамье 30*","грудь","трицепс","push","free_weight","beginner","horizontal_push","bilateral","horizontal_push","false","strength_horizontal_push","Жим гантелей лежа; Жим гантелей сидя; Изодинамический жим гантелей на 30* скамье; Жим штанги лежа; Жим штанги под углом; Отжимания с гантелей на трицепс; Бабочка на большие грудные; Бабочка на заднюю дельту; Классические отжимания; Обратные отжимания","464","false",""
"ex_жим-гантелей-сидя","Жим гантелей сидя","грудь","трицепс","push","free_weight","beginner","horizontal_push","bilateral","horizontal_push","false","strength_horizontal_push","Жим гантелей лежа; Жим гантелей лёжа на скамье 30*; Изодинамический жим гантелей на 30* скамье; Жим штанги лежа; Жим штанги под углом; Отжимания с гантелей на трицепс; Бабочка на большие грудные; Бабочка на заднюю дельту; Классические отжимания; Обратные отжимания","50","false",""
"ex_жим-гирей-с-пола","Жим гирей с пола","","","","","unknown","","bilateral","","false","","","4","true","Нужно вручную разметить перед использованием в заменах."
"ex_жим-ногами","Жим ногами","квадрицепс","","push","machine","beginner","knee_extension","bilateral","lower_push","false","strength_knee_extension","Жим ногами на бицеп бедра; Жим ногами с параллельной постановкой ног; Жим ногами с широкой постановкой ног; Жим платформы на ягодицы; Разгибание ног; Горизонтальный жим ногами; Разгибание ног 10 раз","27","false",""
"ex_жим-ногами-на-бицеп-бедра","Жим ногами на бицеп бедра","квадрицепс","","push","machine","beginner","knee_extension","bilateral","lower_push","false","strength_knee_extension","Жим ногами; Жим ногами с параллельной постановкой ног; Жим ногами с широкой постановкой ног; Жим платформы на ягодицы; Разгибание ног; Горизонтальный жим ногами; Разгибание ног 10 раз","198","false",""
"ex_жим-ногами-с-параллельной-постановкой-ног","Жим ногами с параллельной постановкой ног","квадрицепс","","push","machine","beginner","knee_extension","bilateral","lower_push","false","strength_knee_extension","Жим ногами; Жим ногами на бицеп бедра; Жим ногами с широкой постановкой ног; Жим платформы на ягодицы; Разгибание ног; Горизонтальный жим ногами; Разгибание ног 10 раз","37","false",""
"ex_жим-ногами-с-широкой-постановкой-ног","Жим ногами с широкой постановкой ног","квадрицепс","","push","machine","beginner","knee_extension","bilateral","lower_push","false","strength_knee_extension","Жим ногами; Жим ногами на бицеп бедра; Жим ногами с параллельной постановкой ног; Жим платформы на ягодицы; Разгибание ног; Горизонтальный жим ногами; Разгибание ног 10 раз","110","false",""
"ex_жим-платформы-на-ягодицы","Жим платформы на ягодицы","квадрицепс","","push","machine","beginner","knee_extension","bilateral","lower_push","false","strength_knee_extension","Жим ногами; Жим ногами на бицеп бедра; Жим ногами с параллельной постановкой ног; Жим ногами с широкой постановкой ног; Разгибание ног; Горизонтальный жим ногами; Разгибание ног 10 раз","68","false",""
"ex_жим-с-пола-узким-хватом","Жим с пола узким хватом","","","","","unknown","","bilateral","","false","","","54","true","Нужно вручную разметить перед использованием в заменах."
"ex_жим-узким-хватом","Жим узким хватом","","","","","unknown","","bilateral","","false","","","69","true","Нужно вручную разметить перед использованием в заменах."
"ex_жим-узким-хватом-в-смитте","Жим узким хватом в смитте","","","","","unknown","","bilateral","","false","","","21","true","Нужно вручную разметить перед использованием в заменах."
"ex_жим-штанги-лежа","Жим штанги лежа","грудь","трицепс","push","free_weight","intermediate","horizontal_push","bilateral","horizontal_push","false","strength_horizontal_push","Жим штанги под углом; Жим гантелей лежа; Жим гантелей лёжа на скамье 30*; Жим гантелей сидя; Изодинамический жим гантелей на 30* скамье; Отжимания с гантелей на трицепс; Бабочка на большие грудные; Бабочка на заднюю дельту; Классические отжимания; Обратные отжимания","76","false",""
"ex_жим-штанги-под-углом","Жим штанги под углом","грудь","трицепс","push","free_weight","intermediate","horizontal_push","bilateral","horizontal_push","false","strength_horizontal_push","Жим штанги лежа; Жим гантелей лежа; Жим гантелей лёжа на скамье 30*; Жим гантелей сидя; Изодинамический жим гантелей на 30* скамье; Отжимания с гантелей на трицепс; Бабочка на большие грудные; Бабочка на заднюю дельту; Классические отжимания; Обратные отжимания","123","false",""
"ex_задняя-дельта-в-кроссовере-стоя","Задняя дельта в кроссовере стоя","","","","","unknown","","bilateral","","false","","","28","true","Нужно вручную разметить перед использованием в заменах."
"ex_зашагивания-на-тумбу","Зашагивания на тумбу","квадрицепс","ягодицы","push","bodyweight","beginner","squat_lunge","unilateral","lower_push","false","strength_squat_lunge","Выпады в кроссовере; Выпады в смите; Латеральные или боковые зашагивания; Зашагивания на тумбу 10 раз; Латеральные или боковые зашагивания 10 раз; Зашагивания на тумбу 15 раз; Классические выпады.; Латеральные или боковые зашагивания 15 раз; Зашагивания на тумбу 12 раз; Зашагивания на тумбу 8 раз","19","false",""
"ex_зашагивания-на-тумбу-10-раз","Зашагивания на тумбу 10 раз","квадрицепс","ягодицы","push","bodyweight","beginner","squat_lunge","unilateral","lower_push","false","strength_squat_lunge","Выпады в кроссовере; Выпады в смите; Латеральные или боковые зашагивания; Зашагивания на тумбу; Латеральные или боковые зашагивания 10 раз; Зашагивания на тумбу 15 раз; Классические выпады.; Латеральные или боковые зашагивания 15 раз; Зашагивания на тумбу 12 раз; Зашагивания на тумбу 8 раз","8","false",""
"ex_зашагивания-на-тумбу-12-раз","Зашагивания на тумбу 12 раз","квадрицепс","ягодицы","push","bodyweight","beginner","squat_lunge","unilateral","lower_push","false","strength_squat_lunge","Выпады в кроссовере; Выпады в смите; Латеральные или боковые зашагивания; Зашагивания на тумбу; Зашагивания на тумбу 10 раз; Латеральные или боковые зашагивания 10 раз; Зашагивания на тумбу 15 раз; Классические выпады.; Латеральные или боковые зашагивания 15 раз; Зашагивания на тумбу 8 раз","1","false",""
"ex_зашагивания-на-тумбу-15-раз","Зашагивания на тумбу 15 раз","квадрицепс","ягодицы","push","bodyweight","beginner","squat_lunge","unilateral","lower_push","false","strength_squat_lunge","Выпады в кроссовере; Выпады в смите; Латеральные или боковые зашагивания; Зашагивания на тумбу; Зашагивания на тумбу 10 раз; Латеральные или боковые зашагивания 10 раз; Классические выпады.; Латеральные или боковые зашагивания 15 раз; Зашагивания на тумбу 12 раз; Зашагивания на тумбу 8 раз","2","false",""
"ex_зашагивания-на-тумбу-8-раз","Зашагивания на тумбу 8 раз","квадрицепс","ягодицы","push","bodyweight","beginner","squat_lunge","unilateral","lower_push","false","strength_squat_lunge","Выпады в кроссовере; Выпады в смите; Латеральные или боковые зашагивания; Зашагивания на тумбу; Зашагивания на тумбу 10 раз; Латеральные или боковые зашагивания 10 раз; Зашагивания на тумбу 15 раз; Классические выпады.; Латеральные или боковые зашагивания 15 раз; Зашагивания на тумбу 12 раз","1","false",""
"ex_изодинамические-махи","Изодинамические махи","плечи","","isolation","bodyweight","beginner","shoulder_isolation","bilateral","accessory","false","strength_shoulder_isolation","Дуговые махи; Дуговые махи на заднюю дельту; Изодинамические махи на заднюю дельту; Махи на заднюю дельту на скамье 30*; Махи на плечи в кроссовере, тросс сзади.; Махи на скамье под 45* на плечи; Махи на ягодицы в кроссовере.; Махи гантелями","51","false",""
"ex_изодинамические-махи-на-заднюю-дельту","Изодинамические махи на заднюю дельту","плечи","","isolation","bodyweight","beginner","shoulder_isolation","bilateral","accessory","false","strength_shoulder_isolation","Дуговые махи; Дуговые махи на заднюю дельту; Изодинамические махи; Махи на заднюю дельту на скамье 30*; Махи на плечи в кроссовере, тросс сзади.; Махи на скамье под 45* на плечи; Махи на ягодицы в кроссовере.; Махи гантелями","38","false",""
"ex_изодинамический-жим-гантелей-на-30-скамье","Изодинамический жим гантелей на 30* скамье","грудь","трицепс","push","free_weight","beginner","horizontal_push","bilateral","horizontal_push","false","strength_horizontal_push","Жим гантелей лежа; Жим гантелей лёжа на скамье 30*; Жим гантелей сидя; Жим штанги лежа; Жим штанги под углом; Отжимания с гантелей на трицепс; Бабочка на большие грудные; Бабочка на заднюю дельту; Классические отжимания; Обратные отжимания","42","false",""
"ex_изодинамический-подъем-на-бицепс","Изодинамический подъем на бицепс","бицепс","предплечья","isolation","bodyweight","beginner","elbow_flexion","bilateral","accessory","false","strength_elbow_flexion","Бицепс с канатной рукояткой в кроссовере; Классический подъем на бицепс в кроссовере; Концентрированный подъем на бицепс; Молотки, подъем на бицепс.; Молотковые сгибания на бицепс с канатной рукояткой; Подъем на бицепс на наклонной скамье под 45*; Подъем на бицепс широким хватом; Сгибание Зотмана; Подъем на бицепс обратным хватом в кроссовере; Подъем на бицепс спиной к кроссоверу","43","false",""
"ex_изодинамический-подъем-на-бицепс","Изодинамический подъем на бицепс.","бицепс","предплечья","isolation","bodyweight","beginner","elbow_flexion","bilateral","accessory","false","strength_elbow_flexion","Бицепс с канатной рукояткой в кроссовере; Классический подъем на бицепс в кроссовере; Концентрированный подъем на бицепс; Молотки, подъем на бицепс.; Молотковые сгибания на бицепс с канатной рукояткой; Подъем на бицепс на наклонной скамье под 45*; Подъем на бицепс широким хватом; Сгибание Зотмана; Подъем на бицепс обратным хватом в кроссовере; Подъем на бицепс спиной к кроссоверу","24","false",""
"ex_калифорнийский-жим-в-смитте","Калифорнийский жим в смитте","","","","","unknown","","bilateral","","false","","","33","true","Нужно вручную разметить перед использованием в заменах."
"ex_касания-пяток-пресс","Касания пяток (пресс)","кор","","core","bodyweight","beginner","trunk_flexion","bilateral","core","false","strength_trunk_flexion","Косые скручивания с мячом; Подъемы ног на скамье для пресса; Прямые скручивания с мячом; Скручивания на скамье для пресса; Прямые скручивания на пресс; Велосипедные скручивания; Скручивание на полу; Пресс на босу","86","false",""
"ex_классическая-планка","Классическая планка","кор","","core","bodyweight","beginner","anti_extension","bilateral","core","false","strength_anti_extension","Боковая или латеральная планка; Динамическая планка на косые мышцы; Планка с перестановкой ног; Планка на босу под ногами; Планка на фитболе; Планка на фитболе под руками; Планка на босу","44","false",""
"ex_классические-выпады","Классические выпады.","квадрицепс","ягодицы","push","bodyweight","beginner","squat_lunge","unilateral","lower_push","false","strength_squat_lunge","Выпады в кроссовере; Выпады в смите; Латеральные или боковые зашагивания; Зашагивания на тумбу; Зашагивания на тумбу 10 раз; Латеральные или боковые зашагивания 10 раз; Зашагивания на тумбу 15 раз; Латеральные или боковые зашагивания 15 раз; Зашагивания на тумбу 12 раз; Зашагивания на тумбу 8 раз","2","false",""
"ex_классические-отжимания","Классические отжимания","грудь","трицепс","push","bodyweight","beginner","horizontal_push","bilateral","horizontal_push","false","strength_horizontal_push","Обратные отжимания; Отжимания в смитте; Отжимания на брусьях в гравитроне; Отжимания узким хватом; Сведение рук в кроссовере; Сведение рук в кроссовере на 30* скамье; Французский жим лёжа; Отжимания на брусьях; Классические отжимания 10 раз; Сведение рук в кроссовере на горизонтальной скамье","150","false",""
"ex_классические-отжимания-10-раз","Классические отжимания 10 раз","грудь","трицепс","push","bodyweight","beginner","horizontal_push","bilateral","horizontal_push","false","strength_horizontal_push","Классические отжимания; Обратные отжимания; Отжимания в смитте; Отжимания на брусьях в гравитроне; Отжимания узким хватом; Сведение рук в кроссовере; Сведение рук в кроссовере на 30* скамье; Французский жим лёжа; Отжимания на брусьях; Сведение рук в кроссовере на горизонтальной скамье","10","false",""
"ex_классический-жим-в-тренажере","Классический жим в тренажере","","","","","unknown","","bilateral","","false","","","212","true","Нужно вручную разметить перед использованием в заменах."
"ex_классический-подъем-на-бицепс-в-кроссовере","Классический подъем на бицепс в кроссовере","бицепс","предплечья","isolation","bodyweight","beginner","elbow_flexion","bilateral","accessory","false","strength_elbow_flexion","Бицепс с канатной рукояткой в кроссовере; Изодинамический подъем на бицепс; Изодинамический подъем на бицепс.; Концентрированный подъем на бицепс; Молотки, подъем на бицепс.; Молотковые сгибания на бицепс с канатной рукояткой; Подъем на бицепс на наклонной скамье под 45*; Подъем на бицепс широким хватом; Сгибание Зотмана; Подъем на бицепс обратным хватом в кроссовере","86","false",""
"ex_комплекс-лфк-упражнений-на-плечи","Комплекс ЛФК упражнений на плечи","","","","","unknown","","bilateral","","false","","","139","true","Нужно вручную разметить перед использованием в заменах."
"ex_комплекс-лфк-упражнений-на-плечи","Комплекс ЛФК упражнений на плечи.","","","","","unknown","","bilateral","","false","","","285","true","Нужно вручную разметить перед использованием в заменах."
"ex_концентрированный-подъем-на-бицепс","Концентрированный подъем на бицепс","бицепс","предплечья","isolation","bodyweight","beginner","elbow_flexion","bilateral","accessory","false","strength_elbow_flexion","Бицепс с канатной рукояткой в кроссовере; Изодинамический подъем на бицепс; Изодинамический подъем на бицепс.; Классический подъем на бицепс в кроссовере; Молотки, подъем на бицепс.; Молотковые сгибания на бицепс с канатной рукояткой; Подъем на бицепс на наклонной скамье под 45*; Подъем на бицепс широким хватом; Сгибание Зотмана; Подъем на бицепс обратным хватом в кроссовере","43","false",""
"ex_косые-скручивания-с-мячом","Косые скручивания с мячом","кор","","core","bodyweight","beginner","trunk_flexion","bilateral","core","false","strength_trunk_flexion","Касания пяток (пресс); Подъемы ног на скамье для пресса; Прямые скручивания с мячом; Скручивания на скамье для пресса; Прямые скручивания на пресс; Велосипедные скручивания; Скручивание на полу; Пресс на босу","83","false",""
"ex_латеральная-или-боковая-вытяжка-в-кроссовере","Латеральная или боковая вытяжка в кроссовере.","мобильность","","mobility","bodyweight","beginner","mobility","bilateral","mobility","false","mobility","Горизонтальная вытяжка в кроссовере; Растяжка на все тело","119","false",""
"ex_латеральные-или-боковые-зашагивания","Латеральные или боковые зашагивания","квадрицепс","ягодицы","push","bodyweight","beginner","squat_lunge","unilateral","lower_push","false","strength_squat_lunge","Выпады в кроссовере; Выпады в смите; Зашагивания на тумбу; Зашагивания на тумбу 10 раз; Латеральные или боковые зашагивания 10 раз; Зашагивания на тумбу 15 раз; Классические выпады.; Латеральные или боковые зашагивания 15 раз; Зашагивания на тумбу 12 раз; Зашагивания на тумбу 8 раз","98","false",""
"ex_латеральные-или-боковые-зашагивания-10-раз","Латеральные или боковые зашагивания 10 раз","квадрицепс","ягодицы","push","bodyweight","beginner","squat_lunge","unilateral","lower_push","false","strength_squat_lunge","Выпады в кроссовере; Выпады в смите; Латеральные или боковые зашагивания; Зашагивания на тумбу; Зашагивания на тумбу 10 раз; Зашагивания на тумбу 15 раз; Классические выпады.; Латеральные или боковые зашагивания 15 раз; Зашагивания на тумбу 12 раз; Зашагивания на тумбу 8 раз","8","false",""
"ex_латеральные-или-боковые-зашагивания-12-раз","Латеральные или боковые зашагивания 12 раз","квадрицепс","ягодицы","push","bodyweight","beginner","squat_lunge","unilateral","lower_push","false","strength_squat_lunge","Выпады в кроссовере; Выпады в смите; Латеральные или боковые зашагивания; Зашагивания на тумбу; Зашагивания на тумбу 10 раз; Латеральные или боковые зашагивания 10 раз; Зашагивания на тумбу 15 раз; Классические выпады.; Латеральные или боковые зашагивания 15 раз; Зашагивания на тумбу 12 раз","1","false",""
"ex_латеральные-или-боковые-зашагивания-15-раз","Латеральные или боковые зашагивания 15 раз","квадрицепс","ягодицы","push","bodyweight","beginner","squat_lunge","unilateral","lower_push","false","strength_squat_lunge","Выпады в кроссовере; Выпады в смите; Латеральные или боковые зашагивания; Зашагивания на тумбу; Зашагивания на тумбу 10 раз; Латеральные или боковые зашагивания 10 раз; Зашагивания на тумбу 15 раз; Классические выпады.; Зашагивания на тумбу 12 раз; Зашагивания на тумбу 8 раз","2","false",""
"ex_латеральные-или-боковые-зашагивания-8-раз","Латеральные или боковые зашагивания 8 раз","квадрицепс","ягодицы","push","bodyweight","beginner","squat_lunge","unilateral","lower_push","false","strength_squat_lunge","Выпады в кроссовере; Выпады в смите; Латеральные или боковые зашагивания; Зашагивания на тумбу; Зашагивания на тумбу 10 раз; Латеральные или боковые зашагивания 10 раз; Зашагивания на тумбу 15 раз; Классические выпады.; Латеральные или боковые зашагивания 15 раз; Зашагивания на тумбу 12 раз","1","false",""
"ex_махи-гантелями","Махи гантелями","плечи","","isolation","free_weight","beginner","shoulder_isolation","bilateral","accessory","false","strength_shoulder_isolation","Дуговые махи; Дуговые махи на заднюю дельту; Изодинамические махи; Изодинамические махи на заднюю дельту; Махи на заднюю дельту на скамье 30*; Махи на плечи в кроссовере, тросс сзади.; Махи на скамье под 45* на плечи; Махи на ягодицы в кроссовере.","14","false",""
"ex_махи-на-заднюю-дельту-на-скамье-30","Махи на заднюю дельту на скамье 30*","плечи","","isolation","bodyweight","beginner","shoulder_isolation","bilateral","accessory","false","strength_shoulder_isolation","Дуговые махи; Дуговые махи на заднюю дельту; Изодинамические махи; Изодинамические махи на заднюю дельту; Махи на плечи в кроссовере, тросс сзади.; Махи на скамье под 45* на плечи; Махи на ягодицы в кроссовере.; Махи гантелями","56","false",""
"ex_махи-на-плечи-в-кроссовере-тросс-сзади","Махи на плечи в кроссовере, тросс сзади.","плечи","","isolation","bodyweight","beginner","shoulder_isolation","bilateral","accessory","false","strength_shoulder_isolation","Дуговые махи; Дуговые махи на заднюю дельту; Изодинамические махи; Изодинамические махи на заднюю дельту; Махи на заднюю дельту на скамье 30*; Махи на скамье под 45* на плечи; Махи на ягодицы в кроссовере.; Махи гантелями","31","false",""
"ex_махи-на-скамье-под-45-на-плечи","Махи на скамье под 45* на плечи","плечи","","isolation","bodyweight","beginner","shoulder_isolation","bilateral","accessory","false","strength_shoulder_isolation","Дуговые махи; Дуговые махи на заднюю дельту; Изодинамические махи; Изодинамические махи на заднюю дельту; Махи на заднюю дельту на скамье 30*; Махи на плечи в кроссовере, тросс сзади.; Махи на ягодицы в кроссовере.; Махи гантелями","46","false",""
"ex_махи-на-ягодицы-в-кроссовере","Махи на ягодицы в кроссовере.","плечи","","isolation","bodyweight","beginner","shoulder_isolation","bilateral","accessory","false","strength_shoulder_isolation","Дуговые махи; Дуговые махи на заднюю дельту; Изодинамические махи; Изодинамические махи на заднюю дельту; Махи на заднюю дельту на скамье 30*; Махи на плечи в кроссовере, тросс сзади.; Махи на скамье под 45* на плечи; Махи гантелями","93","false",""
"ex_мертвая-тяга","Мертвая тяга","задняя цепь","ягодицы","hinge","free_weight","beginner","hip_hinge","bilateral","lower_pull","true","strength_hip_hinge","Румынская тяга; Становая тяга; Становая тяга сумо; Мертвая тяга 12 раз","513","false",""
"ex_мертвая-тяга-12-раз","Мертвая тяга 12 раз","задняя цепь","ягодицы","hinge","free_weight","beginner","hip_hinge","bilateral","lower_pull","true","strength_hip_hinge","Мертвая тяга; Румынская тяга; Становая тяга; Становая тяга сумо","1","false",""
"ex_молотки-подъем-на-бицепс","Молотки, подъем на бицепс.","бицепс","предплечья","isolation","bodyweight","beginner","elbow_flexion","bilateral","accessory","false","strength_elbow_flexion","Бицепс с канатной рукояткой в кроссовере; Изодинамический подъем на бицепс; Изодинамический подъем на бицепс.; Классический подъем на бицепс в кроссовере; Концентрированный подъем на бицепс; Молотковые сгибания на бицепс с канатной рукояткой; Подъем на бицепс на наклонной скамье под 45*; Подъем на бицепс широким хватом; Сгибание Зотмана; Подъем на бицепс обратным хватом в кроссовере","99","false",""
"ex_молотковые-сгибания-на-бицепс-с-канатной-рукояткой","Молотковые сгибания на бицепс с канатной рукояткой","бицепс","предплечья","isolation","bodyweight","beginner","elbow_flexion","bilateral","accessory","false","strength_elbow_flexion","Бицепс с канатной рукояткой в кроссовере; Изодинамический подъем на бицепс; Изодинамический подъем на бицепс.; Классический подъем на бицепс в кроссовере; Концентрированный подъем на бицепс; Молотки, подъем на бицепс.; Подъем на бицепс на наклонной скамье под 45*; Подъем на бицепс широким хватом; Сгибание Зотмана; Подъем на бицепс обратным хватом в кроссовере","40","false",""
"ex_молотковые-сгибания-с-канатной-рукоятью-в-кроссовере","Молотковые сгибания с канатной рукоятью в кроссовере","бицепс","предплечья","isolation","bodyweight","beginner","elbow_flexion","bilateral","accessory","false","strength_elbow_flexion","Бицепс с канатной рукояткой в кроссовере; Изодинамический подъем на бицепс; Изодинамический подъем на бицепс.; Классический подъем на бицепс в кроссовере; Концентрированный подъем на бицепс; Молотки, подъем на бицепс.; Молотковые сгибания на бицепс с канатной рукояткой; Подъем на бицепс на наклонной скамье под 45*; Подъем на бицепс широким хватом; Сгибание Зотмана","6","false",""
"ex_обратные-отжимания","Обратные отжимания","грудь","трицепс","push","bodyweight","beginner","horizontal_push","bilateral","horizontal_push","false","strength_horizontal_push","Классические отжимания; Отжимания в смитте; Отжимания на брусьях в гравитроне; Отжимания узким хватом; Сведение рук в кроссовере; Сведение рук в кроссовере на 30* скамье; Французский жим лёжа; Отжимания на брусьях; Классические отжимания 10 раз; Сведение рук в кроссовере на горизонтальной скамье","135","false",""
"ex_обратный-гак-присед","Обратный гак присед","квадрицепс","ягодицы","push","bodyweight","beginner","squat_lunge","bilateral","lower_push","true","strength_squat_lunge","Присед плие; Приседания в кроссовере; Гак присед; Плеометрический гак присед; Си-си присед с собственным весом; Присед в смите; Си-си присед с собственным весом 10 раз; Си-си присед на бицепс бедра; Присед с паузой; Си-си приседания на переднюю поверхность бедра","134","false",""
"ex_отжимания-в-смитте","Отжимания в смитте","грудь","трицепс","push","bodyweight","beginner","horizontal_push","bilateral","horizontal_push","false","strength_horizontal_push","Классические отжимания; Обратные отжимания; Отжимания на брусьях в гравитроне; Отжимания узким хватом; Сведение рук в кроссовере; Сведение рук в кроссовере на 30* скамье; Французский жим лёжа; Отжимания на брусьях; Классические отжимания 10 раз; Сведение рук в кроссовере на горизонтальной скамье","124","false",""
"ex_отжимания-на-брусьях","Отжимания на брусьях","грудь","трицепс","push","bodyweight","beginner","horizontal_push","bilateral","horizontal_push","false","strength_horizontal_push","Классические отжимания; Обратные отжимания; Отжимания в смитте; Отжимания на брусьях в гравитроне; Отжимания узким хватом; Сведение рук в кроссовере; Сведение рук в кроссовере на 30* скамье; Французский жим лёжа; Классические отжимания 10 раз; Сведение рук в кроссовере на горизонтальной скамье","17","false",""
"ex_отжимания-на-брусьях-в-гравитроне","Отжимания на брусьях в гравитроне","грудь","трицепс","push","bodyweight","beginner","horizontal_push","bilateral","horizontal_push","false","strength_horizontal_push","Классические отжимания; Обратные отжимания; Отжимания в смитте; Отжимания узким хватом; Сведение рук в кроссовере; Сведение рук в кроссовере на 30* скамье; Французский жим лёжа; Отжимания на брусьях; Классические отжимания 10 раз; Сведение рук в кроссовере на горизонтальной скамье","74","false",""
"ex_отжимания-с-гантелей-на-трицепс","Отжимания с гантелей на трицепс","грудь","трицепс","push","free_weight","beginner","horizontal_push","bilateral","horizontal_push","false","strength_horizontal_push","Жим гантелей лежа; Жим гантелей лёжа на скамье 30*; Жим гантелей сидя; Изодинамический жим гантелей на 30* скамье; Жим штанги лежа; Жим штанги под углом; Бабочка на большие грудные; Бабочка на заднюю дельту; Классические отжимания; Обратные отжимания","8","false",""
"ex_отжимания-узким-хватом","Отжимания узким хватом","грудь","трицепс","push","bodyweight","beginner","horizontal_push","bilateral","horizontal_push","false","strength_horizontal_push","Классические отжимания; Обратные отжимания; Отжимания в смитте; Отжимания на брусьях в гравитроне; Сведение рук в кроссовере; Сведение рук в кроссовере на 30* скамье; Французский жим лёжа; Отжимания на брусьях; Классические отжимания 10 раз; Сведение рук в кроссовере на горизонтальной скамье","45","false",""
"ex_паучьи-сгибания-молотковым-хватом","Паучьи сгибания молотковым хватом","бицепс","предплечья","isolation","bodyweight","beginner","elbow_flexion","bilateral","accessory","false","strength_elbow_flexion","Бицепс с канатной рукояткой в кроссовере; Изодинамический подъем на бицепс; Изодинамический подъем на бицепс.; Классический подъем на бицепс в кроссовере; Концентрированный подъем на бицепс; Молотки, подъем на бицепс.; Молотковые сгибания на бицепс с канатной рукояткой; Подъем на бицепс на наклонной скамье под 45*; Подъем на бицепс широким хватом; Сгибание Зотмана","2","false",""
"ex_паучьи-сгибания-с-гантелями","Паучьи сгибания с гантелями","","","","","unknown","","bilateral","","false","","","18","true","Нужно вручную разметить перед использованием в заменах."
"ex_планка-на-босу","Планка на босу","кор","","core","unstable_surface","intermediate","anti_extension","bilateral","core","false","strength_anti_extension","Планка на босу под ногами; Планка на фитболе; Планка на фитболе под руками; Боковая или латеральная планка; Динамическая планка на косые мышцы; Классическая планка; Планка с перестановкой ног","13","false",""
"ex_планка-на-босу-под-ногами","Планка на босу под ногами","кор","","core","unstable_surface","intermediate","anti_extension","bilateral","core","false","strength_anti_extension","Планка на фитболе; Планка на фитболе под руками; Планка на босу; Боковая или латеральная планка; Динамическая планка на косые мышцы; Классическая планка; Планка с перестановкой ног","86","false",""
"ex_планка-на-фитболе","Планка на фитболе","кор","","core","unstable_surface","intermediate","anti_extension","bilateral","core","false","strength_anti_extension","Планка на босу под ногами; Планка на фитболе под руками; Планка на босу; Боковая или латеральная планка; Динамическая планка на косые мышцы; Классическая планка; Планка с перестановкой ног","52","false",""
"ex_планка-на-фитболе-под-руками","Планка на фитболе под руками","кор","","core","unstable_surface","intermediate","anti_extension","bilateral","core","false","strength_anti_extension","Планка на босу под ногами; Планка на фитболе; Планка на босу; Боковая или латеральная планка; Динамическая планка на косые мышцы; Классическая планка; Планка с перестановкой ног","94","false",""
"ex_планка-с-перестановкой-ног","Планка с перестановкой ног","кор","","core","bodyweight","beginner","anti_extension","bilateral","core","false","strength_anti_extension","Боковая или латеральная планка; Динамическая планка на косые мышцы; Классическая планка; Планка на босу под ногами; Планка на фитболе; Планка на фитболе под руками; Планка на босу","79","false",""
"ex_плеометрический-гак-присед","Плеометрический гак присед","квадрицепс","ягодицы","push","bodyweight","beginner","squat_lunge","bilateral","lower_push","true","strength_squat_lunge","Обратный гак присед; Присед плие; Приседания в кроссовере; Гак присед; Си-си присед с собственным весом; Присед в смите; Си-си присед с собственным весом 10 раз; Си-си присед на бицепс бедра; Присед с паузой; Си-си приседания на переднюю поверхность бедра","17","false",""
"ex_подтягивания-в-гравитроне-обратным-хватом","Подтягивания в гравитроне обратным хватом","спина","бицепс","pull","machine","beginner","vertical_pull","bilateral","vertical_pull","false","strength_vertical_pull","Подтягивания в гравитроне параллельным хватом; Подтягивания в гравитроне широким хватом; Вертикальная тяга обратным хватом; Вертикальная тяга узким хватом; Вертикальная тяга широким хватом; Подтягивания обратным хватом; Подтягивания широким хватом; Римские подтягивания; Подтягивания параллельным хватом; Вертикальная тяга одной рукой","1","false",""
"ex_подтягивания-в-гравитроне-параллельным-хватом","Подтягивания в гравитроне параллельным хватом","спина","бицепс","pull","machine","beginner","vertical_pull","bilateral","vertical_pull","false","strength_vertical_pull","Подтягивания в гравитроне широким хватом; Подтягивания в гравитроне обратным хватом; Вертикальная тяга обратным хватом; Вертикальная тяга узким хватом; Вертикальная тяга широким хватом; Подтягивания обратным хватом; Подтягивания широким хватом; Римские подтягивания; Подтягивания параллельным хватом; Вертикальная тяга одной рукой","32","false",""
"ex_подтягивания-в-гравитроне-широким-хватом","Подтягивания в гравитроне широким хватом","спина","бицепс","pull","machine","beginner","vertical_pull","bilateral","vertical_pull","false","strength_vertical_pull","Подтягивания в гравитроне параллельным хватом; Подтягивания в гравитроне обратным хватом; Вертикальная тяга обратным хватом; Вертикальная тяга узким хватом; Вертикальная тяга широким хватом; Подтягивания обратным хватом; Подтягивания широким хватом; Римские подтягивания; Подтягивания параллельным хватом; Вертикальная тяга одной рукой","27","false",""
"ex_подтягивания-обратным-хватом","Подтягивания обратным хватом","спина","бицепс","pull","bodyweight","intermediate","vertical_pull","bilateral","vertical_pull","false","strength_vertical_pull","Вертикальная тяга обратным хватом; Вертикальная тяга узким хватом; Вертикальная тяга широким хватом; Подтягивания широким хватом; Римские подтягивания; Подтягивания параллельным хватом; Вертикальная тяга одной рукой; Подтягивания в гравитроне параллельным хватом; Подтягивания в гравитроне широким хватом; Подтягивания в гравитроне обратным хватом","27","false",""
"ex_подтягивания-параллельным-хватом","Подтягивания параллельным хватом","спина","бицепс","pull","bodyweight","intermediate","vertical_pull","bilateral","vertical_pull","false","strength_vertical_pull","Вертикальная тяга обратным хватом; Вертикальная тяга узким хватом; Вертикальная тяга широким хватом; Подтягивания обратным хватом; Подтягивания широким хватом; Римские подтягивания; Вертикальная тяга одной рукой; Подтягивания в гравитроне параллельным хватом; Подтягивания в гравитроне широким хватом; Подтягивания в гравитроне обратным хватом","13","false",""
"ex_подтягивания-широким-хватом","Подтягивания широким хватом","спина","бицепс","pull","bodyweight","intermediate","vertical_pull","bilateral","vertical_pull","false","strength_vertical_pull","Вертикальная тяга обратным хватом; Вертикальная тяга узким хватом; Вертикальная тяга широким хватом; Подтягивания обратным хватом; Римские подтягивания; Подтягивания параллельным хватом; Вертикальная тяга одной рукой; Подтягивания в гравитроне параллельным хватом; Подтягивания в гравитроне широким хватом; Подтягивания в гравитроне обратным хватом","48","false",""
"ex_подъем-на-бицепс-в-тренажере-для-гребной-тяги","Подъем на бицепс в тренажере для гребной тяги","бицепс","предплечья","isolation","machine","beginner","elbow_flexion","bilateral","accessory","false","strength_elbow_flexion","Бицепс с гантелью на скамье Скотта; Бицепс с канатной рукояткой в кроссовере; Бицепс со штангой на скамье Скотта; Изодинамический подъем на бицепс; Изодинамический подъем на бицепс.; Классический подъем на бицепс в кроссовере; Концентрированный подъем на бицепс; Молотки, подъем на бицепс.; Молотковые сгибания на бицепс с канатной рукояткой; Подъем на бицепс на наклонной скамье под 45*","22","false",""
"ex_подъем-на-бицепс-гантелей-стоя","Подъем на бицепс гантелей стоя.","бицепс","предплечья","isolation","free_weight","beginner","elbow_flexion","bilateral","accessory","false","strength_elbow_flexion","Бицепс с гантелью на скамье Скотта; Бицепс со штангой на скамье Скотта; Подъем на бицепс с гантелями сидя; Подъем EZ-штанги на бицепс; Бицепс с двумя гантелями на скамье Скотта; Бицепс с канатной рукояткой в кроссовере; Изодинамический подъем на бицепс; Изодинамический подъем на бицепс.; Классический подъем на бицепс в кроссовере; Концентрированный подъем на бицепс","15","false",""
"ex_подъем-на-бицепс-на-наклонной-скамье-под-45","Подъем на бицепс на наклонной скамье под 45*","бицепс","предплечья","isolation","bodyweight","beginner","elbow_flexion","bilateral","accessory","false","strength_elbow_flexion","Бицепс с канатной рукояткой в кроссовере; Изодинамический подъем на бицепс; Изодинамический подъем на бицепс.; Классический подъем на бицепс в кроссовере; Концентрированный подъем на бицепс; Молотки, подъем на бицепс.; Молотковые сгибания на бицепс с канатной рукояткой; Подъем на бицепс широким хватом; Сгибание Зотмана; Подъем на бицепс обратным хватом в кроссовере","106","false",""
"ex_подъем-на-бицепс-обратным-хватом-в-кроссовере","Подъем на бицепс обратным хватом в кроссовере","бицепс","предплечья","isolation","bodyweight","beginner","elbow_flexion","bilateral","accessory","false","strength_elbow_flexion","Бицепс с канатной рукояткой в кроссовере; Изодинамический подъем на бицепс; Изодинамический подъем на бицепс.; Классический подъем на бицепс в кроссовере; Концентрированный подъем на бицепс; Молотки, подъем на бицепс.; Молотковые сгибания на бицепс с канатной рукояткой; Подъем на бицепс на наклонной скамье под 45*; Подъем на бицепс широким хватом; Сгибание Зотмана","14","false",""
"ex_подъем-на-бицепс-с-гантелями-сидя","Подъем на бицепс с гантелями сидя","бицепс","предплечья","isolation","free_weight","beginner","elbow_flexion","bilateral","accessory","false","strength_elbow_flexion","Бицепс с гантелью на скамье Скотта; Бицепс со штангой на скамье Скотта; Подъем EZ-штанги на бицепс; Бицепс с двумя гантелями на скамье Скотта; Подъем на бицепс гантелей стоя.; Бицепс с канатной рукояткой в кроссовере; Изодинамический подъем на бицепс; Изодинамический подъем на бицепс.; Классический подъем на бицепс в кроссовере; Концентрированный подъем на бицепс","41","false",""
"ex_подъем-на-бицепс-с-резинкой-сидя","Подъем на бицепс с резинкой сидя","бицепс","предплечья","isolation","bodyweight","beginner","elbow_flexion","bilateral","accessory","false","strength_elbow_flexion","Бицепс с канатной рукояткой в кроссовере; Изодинамический подъем на бицепс; Изодинамический подъем на бицепс.; Классический подъем на бицепс в кроссовере; Концентрированный подъем на бицепс; Молотки, подъем на бицепс.; Молотковые сгибания на бицепс с канатной рукояткой; Подъем на бицепс на наклонной скамье под 45*; Подъем на бицепс широким хватом; Сгибание Зотмана","5","false",""
"ex_подъем-на-бицепс-спиной-к-кроссоверу","Подъем на бицепс спиной к кроссоверу","бицепс","предплечья","isolation","bodyweight","beginner","elbow_flexion","bilateral","accessory","false","strength_elbow_flexion","Бицепс с канатной рукояткой в кроссовере; Изодинамический подъем на бицепс; Изодинамический подъем на бицепс.; Классический подъем на бицепс в кроссовере; Концентрированный подъем на бицепс; Молотки, подъем на бицепс.; Молотковые сгибания на бицепс с канатной рукояткой; Подъем на бицепс на наклонной скамье под 45*; Подъем на бицепс широким хватом; Сгибание Зотмана","11","false",""
"ex_подъем-на-бицепс-широким-хватом","Подъем на бицепс широким хватом","бицепс","предплечья","isolation","bodyweight","beginner","elbow_flexion","bilateral","accessory","false","strength_elbow_flexion","Бицепс с канатной рукояткой в кроссовере; Изодинамический подъем на бицепс; Изодинамический подъем на бицепс.; Классический подъем на бицепс в кроссовере; Концентрированный подъем на бицепс; Молотки, подъем на бицепс.; Молотковые сгибания на бицепс с канатной рукояткой; Подъем на бицепс на наклонной скамье под 45*; Сгибание Зотмана; Подъем на бицепс обратным хватом в кроссовере","58","false",""
"ex_подъем-на-бицепс-широким-хватом","Подъём на бицепс широким хватом","бицепс","предплечья","isolation","bodyweight","beginner","elbow_flexion","bilateral","accessory","false","strength_elbow_flexion","Бицепс с канатной рукояткой в кроссовере; Изодинамический подъем на бицепс; Изодинамический подъем на бицепс.; Классический подъем на бицепс в кроссовере; Концентрированный подъем на бицепс; Молотки, подъем на бицепс.; Молотковые сгибания на бицепс с канатной рукояткой; Подъем на бицепс на наклонной скамье под 45*; Сгибание Зотмана; Подъем на бицепс обратным хватом в кроссовере","9","false",""
"ex_подъем-ez-штанги-на-бицепс","Подъем EZ-штанги на бицепс","бицепс","предплечья","isolation","free_weight","beginner","elbow_flexion","bilateral","accessory","false","strength_elbow_flexion","Бицепс с гантелью на скамье Скотта; Бицепс со штангой на скамье Скотта; Подъем на бицепс с гантелями сидя; Бицепс с двумя гантелями на скамье Скотта; Подъем на бицепс гантелей стоя.; Бицепс с канатной рукояткой в кроссовере; Изодинамический подъем на бицепс; Изодинамический подъем на бицепс.; Классический подъем на бицепс в кроссовере; Концентрированный подъем на бицепс","64","false",""
"ex_подъемы-ног","Подъемы ног","","","","","unknown","","bilateral","","false","","","341","true","Нужно вручную разметить перед использованием в заменах."
"ex_подъемы-ног-на-скамье-для-пресса","Подъемы ног на скамье для пресса","кор","","core","bodyweight","beginner","trunk_flexion","bilateral","core","false","strength_trunk_flexion","Касания пяток (пресс); Косые скручивания с мячом; Прямые скручивания с мячом; Скручивания на скамье для пресса; Прямые скручивания на пресс; Велосипедные скручивания; Скручивание на полу; Пресс на босу","59","false",""
"ex_попеременный-подъем-на-бицепс","Попеременный подъем на бицепс","бицепс","предплечья","isolation","bodyweight","beginner","elbow_flexion","bilateral","accessory","false","strength_elbow_flexion","Бицепс с канатной рукояткой в кроссовере; Изодинамический подъем на бицепс; Изодинамический подъем на бицепс.; Классический подъем на бицепс в кроссовере; Концентрированный подъем на бицепс; Молотки, подъем на бицепс.; Молотковые сгибания на бицепс с канатной рукояткой; Подъем на бицепс на наклонной скамье под 45*; Подъем на бицепс широким хватом; Сгибание Зотмана","8","false",""
"ex_пресс-на-босу","Пресс на босу","кор","","core","unstable_surface","intermediate","trunk_flexion","bilateral","core","false","strength_trunk_flexion","Касания пяток (пресс); Косые скручивания с мячом; Подъемы ног на скамье для пресса; Прямые скручивания с мячом; Скручивания на скамье для пресса; Прямые скручивания на пресс; Велосипедные скручивания; Скручивание на полу","240","false",""
"ex_присед-в-смите","Присед в смите","квадрицепс","ягодицы","push","bodyweight","beginner","squat_lunge","bilateral","lower_push","true","strength_squat_lunge","Обратный гак присед; Присед плие; Приседания в кроссовере; Гак присед; Плеометрический гак присед; Си-си присед с собственным весом; Си-си присед с собственным весом 10 раз; Си-си присед на бицепс бедра; Присед с паузой; Си-си приседания на переднюю поверхность бедра","11","false",""
"ex_присед-плие","Присед плие","квадрицепс","ягодицы","push","bodyweight","beginner","squat_lunge","bilateral","lower_push","true","strength_squat_lunge","Обратный гак присед; Приседания в кроссовере; Гак присед; Плеометрический гак присед; Си-си присед с собственным весом; Присед в смите; Си-си присед с собственным весом 10 раз; Си-си присед на бицепс бедра; Присед с паузой; Си-си приседания на переднюю поверхность бедра","45","false",""
"ex_присед-с-паузой","Присед с паузой","квадрицепс","ягодицы","push","bodyweight","beginner","squat_lunge","bilateral","lower_push","true","strength_squat_lunge","Обратный гак присед; Присед плие; Приседания в кроссовере; Гак присед; Плеометрический гак присед; Си-си присед с собственным весом; Присед в смите; Си-си присед с собственным весом 10 раз; Си-си присед на бицепс бедра; Си-си приседания на переднюю поверхность бедра","2","false",""
"ex_приседания-в-кроссовере","Приседания в кроссовере","квадрицепс","ягодицы","push","bodyweight","beginner","squat_lunge","bilateral","lower_push","true","strength_squat_lunge","Обратный гак присед; Присед плие; Гак присед; Плеометрический гак присед; Си-си присед с собственным весом; Присед в смите; Си-си присед с собственным весом 10 раз; Си-си присед на бицепс бедра; Присед с паузой; Си-си приседания на переднюю поверхность бедра","176","false",""
"ex_приседания-со-штангой","Приседания со штангой","квадрицепс","ягодицы","push","free_weight","intermediate","squat_lunge","bilateral","lower_push","true","strength_squat_lunge","Фронтальные приседания со штангой; Выпады со штангой; Болгарский присед; Обратный гак присед; Присед плие; Приседания в кроссовере; Гак присед; Плеометрический гак присед; Си-си присед с собственным весом; Присед в смите","27","false",""
"ex_прямые-скручивания-на-пресс","Прямые скручивания на пресс","кор","","core","bodyweight","beginner","trunk_flexion","bilateral","core","false","strength_trunk_flexion","Касания пяток (пресс); Косые скручивания с мячом; Подъемы ног на скамье для пресса; Прямые скручивания с мячом; Скручивания на скамье для пресса; Велосипедные скручивания; Скручивание на полу; Пресс на босу","14","false",""
"ex_прямые-скручивания-с-мячом","Прямые скручивания с мячом","кор","","core","bodyweight","beginner","trunk_flexion","bilateral","core","false","strength_trunk_flexion","Касания пяток (пресс); Косые скручивания с мячом; Подъемы ног на скамье для пресса; Скручивания на скамье для пресса; Прямые скручивания на пресс; Велосипедные скручивания; Скручивание на полу; Пресс на босу","47","false",""
"ex_пуловер-в-кроссовере","Пуловер в кроссовере","","","","","unknown","","bilateral","","false","","","89","true","Нужно вручную разметить перед использованием в заменах."
"ex_пуловер-с-гантелей","Пуловер с гантелей","","","","","unknown","","bilateral","","false","","","2","true","Нужно вручную разметить перед использованием в заменах."
"ex_пуловер-со-штангой","Пуловер со штангой","","","","","unknown","","bilateral","","false","","","87","true","Нужно вручную разметить перед использованием в заменах."
"ex_разводка-под-15","Разводка под 15*","","","","","unknown","","bilateral","","false","","","533","true","Нужно вручную разметить перед использованием в заменах."
"ex_разгибание-на-трицепс-в-наклоне","Разгибание на трицепс в наклоне","трицепс","","isolation","bodyweight","beginner","elbow_extension","bilateral","accessory","false","strength_elbow_extension","Разгибание на трицепс с канатной рукоятью; Трицепс в кроссовере обратным хватом; Тяга из-за головы в кроссовере на трицепс.; Тяга из-за головы на трицепс; Разгибание на трицепс из-за головы; Разгибание на трицепс по одной руке в кроссовере; Трицепс в тренажёре формата ""брусья""; Французский жим гантели стоя; Французский жим с гантелями","61","false",""
"ex_разгибание-на-трицепс-из-за-головы","Разгибание на трицепс из-за головы","трицепс","","isolation","bodyweight","beginner","elbow_extension","bilateral","accessory","false","strength_elbow_extension","Разгибание на трицепс в наклоне; Разгибание на трицепс с канатной рукоятью; Трицепс в кроссовере обратным хватом; Тяга из-за головы в кроссовере на трицепс.; Тяга из-за головы на трицепс; Разгибание на трицепс по одной руке в кроссовере; Трицепс в тренажёре формата ""брусья""; Французский жим гантели стоя; Французский жим с гантелями","16","false",""
"ex_разгибание-на-трицепс-по-одной-руке-в-кроссовере","Разгибание на трицепс по одной руке в кроссовере","трицепс","","isolation","bodyweight","beginner","elbow_extension","unilateral","accessory","false","strength_elbow_extension","Разгибание на трицепс в наклоне; Разгибание на трицепс с канатной рукоятью; Трицепс в кроссовере обратным хватом; Тяга из-за головы в кроссовере на трицепс.; Тяга из-за головы на трицепс; Разгибание на трицепс из-за головы; Трицепс в тренажёре формата ""брусья""; Французский жим гантели стоя; Французский жим с гантелями","61","false",""
"ex_разгибание-на-трицепс-с-канатной-рукоятью","Разгибание на трицепс с канатной рукоятью","трицепс","","isolation","bodyweight","beginner","elbow_extension","bilateral","accessory","false","strength_elbow_extension","Разгибание на трицепс в наклоне; Трицепс в кроссовере обратным хватом; Тяга из-за головы в кроссовере на трицепс.; Тяга из-за головы на трицепс; Разгибание на трицепс из-за головы; Разгибание на трицепс по одной руке в кроссовере; Трицепс в тренажёре формата ""брусья""; Французский жим гантели стоя; Французский жим с гантелями","109","false",""
"ex_разгибание-ног","Разгибание ног","квадрицепс","","push","machine","beginner","knee_extension","bilateral","lower_push","false","strength_knee_extension","Жим ногами; Жим ногами на бицеп бедра; Жим ногами с параллельной постановкой ног; Жим ногами с широкой постановкой ног; Жим платформы на ягодицы; Горизонтальный жим ногами; Разгибание ног 10 раз","224","false",""
"ex_разгибание-ног-10-раз","Разгибание ног 10 раз","квадрицепс","","push","machine","beginner","knee_extension","bilateral","lower_push","false","strength_knee_extension","Жим ногами; Жим ногами на бицеп бедра; Жим ногами с параллельной постановкой ног; Жим ногами с широкой постановкой ног; Жим платформы на ягодицы; Разгибание ног; Горизонтальный жим ногами","9","false",""
"ex_растяжка-на-все-тело","Растяжка на все тело","мобильность","","mobility","bodyweight","beginner","mobility","bilateral","mobility","false","mobility","Горизонтальная вытяжка в кроссовере; Латеральная или боковая вытяжка в кроссовере.","2473","false",""
"ex_римские-подтягивания","Римские подтягивания","спина","бицепс","pull","bodyweight","intermediate","vertical_pull","bilateral","vertical_pull","false","strength_vertical_pull","Вертикальная тяга обратным хватом; Вертикальная тяга узким хватом; Вертикальная тяга широким хватом; Подтягивания обратным хватом; Подтягивания широким хватом; Подтягивания параллельным хватом; Вертикальная тяга одной рукой; Подтягивания в гравитроне параллельным хватом; Подтягивания в гравитроне широким хватом; Подтягивания в гравитроне обратным хватом","315","false",""
"ex_румынская-тяга","Румынская тяга","задняя цепь","ягодицы","hinge","free_weight","beginner","hip_hinge","bilateral","lower_pull","true","strength_hip_hinge","Мертвая тяга; Становая тяга; Становая тяга сумо; Мертвая тяга 12 раз","238","false",""
"ex_рычажная-тяга","Рычажная тяга","","","","","unknown","","bilateral","","false","","","182","true","Нужно вручную разметить перед использованием в заменах."
"ex_сведение-и-разведение-ног","Сведение и разведение ног","ягодицы","задняя цепь","extension_abduction","bodyweight","beginner","hip_abduction","bilateral","lower_accessory","false","strength_hip_abduction","","270","false",""
"ex_сведение-на-ягодицы","Сведение на ягодицы","","","","","unknown","","bilateral","","false","","","5","true","Нужно вручную разметить перед использованием в заменах."
"ex_сведение-рук-в-кроссовере","Сведение рук в кроссовере","грудь","трицепс","push","bodyweight","beginner","horizontal_push","bilateral","horizontal_push","false","strength_horizontal_push","Классические отжимания; Обратные отжимания; Отжимания в смитте; Отжимания на брусьях в гравитроне; Отжимания узким хватом; Сведение рук в кроссовере на 30* скамье; Французский жим лёжа; Отжимания на брусьях; Классические отжимания 10 раз; Сведение рук в кроссовере на горизонтальной скамье","80","false",""
"ex_сведение-рук-в-кроссовере-10-раз","Сведение рук в кроссовере 10 раз","грудь","трицепс","push","bodyweight","beginner","horizontal_push","bilateral","horizontal_push","false","strength_horizontal_push","Классические отжимания; Обратные отжимания; Отжимания в смитте; Отжимания на брусьях в гравитроне; Отжимания узким хватом; Сведение рук в кроссовере; Сведение рук в кроссовере на 30* скамье; Французский жим лёжа; Отжимания на брусьях; Классические отжимания 10 раз","3","false",""
"ex_сведение-рук-в-кроссовере-на-30-градусной-скамье","Сведение рук в кроссовере на 30 градусной скамье","грудь","трицепс","push","bodyweight","beginner","horizontal_push","bilateral","horizontal_push","false","strength_horizontal_push","Классические отжимания; Обратные отжимания; Отжимания в смитте; Отжимания на брусьях в гравитроне; Отжимания узким хватом; Сведение рук в кроссовере; Сведение рук в кроссовере на 30* скамье; Французский жим лёжа; Отжимания на брусьях; Классические отжимания 10 раз","5","false",""
"ex_сведение-рук-в-кроссовере-на-30-скамье","Сведение рук в кроссовере на 30* скамье","грудь","трицепс","push","bodyweight","beginner","horizontal_push","bilateral","horizontal_push","false","strength_horizontal_push","Классические отжимания; Обратные отжимания; Отжимания в смитте; Отжимания на брусьях в гравитроне; Отжимания узким хватом; Сведение рук в кроссовере; Французский жим лёжа; Отжимания на брусьях; Классические отжимания 10 раз; Сведение рук в кроссовере на горизонтальной скамье","45","false",""
"ex_сведение-рук-в-кроссовере-на-30-скамье-10-раз","Сведение рук в кроссовере на 30* скамье 10 раз","грудь","трицепс","push","bodyweight","beginner","horizontal_push","bilateral","horizontal_push","false","strength_horizontal_push","Классические отжимания; Обратные отжимания; Отжимания в смитте; Отжимания на брусьях в гравитроне; Отжимания узким хватом; Сведение рук в кроссовере; Сведение рук в кроссовере на 30* скамье; Французский жим лёжа; Отжимания на брусьях; Классические отжимания 10 раз","6","false",""
"ex_сведение-рук-в-кроссовере-на-горизонтальной-скамье","Сведение рук в кроссовере на горизонтальной скамье","грудь","трицепс","push","bodyweight","beginner","horizontal_push","bilateral","horizontal_push","false","strength_horizontal_push","Классические отжимания; Обратные отжимания; Отжимания в смитте; Отжимания на брусьях в гравитроне; Отжимания узким хватом; Сведение рук в кроссовере; Сведение рук в кроссовере на 30* скамье; Французский жим лёжа; Отжимания на брусьях; Классические отжимания 10 раз","10","false",""
"ex_сгибание-зотмана","Сгибание Зотмана","бицепс","предплечья","isolation","bodyweight","beginner","elbow_flexion","bilateral","accessory","false","strength_elbow_flexion","Бицепс с канатной рукояткой в кроссовере; Изодинамический подъем на бицепс; Изодинамический подъем на бицепс.; Классический подъем на бицепс в кроссовере; Концентрированный подъем на бицепс; Молотки, подъем на бицепс.; Молотковые сгибания на бицепс с канатной рукояткой; Подъем на бицепс на наклонной скамье под 45*; Подъем на бицепс широким хватом; Подъем на бицепс обратным хватом в кроссовере","129","false",""
"ex_сгибание-лежа-по-1-ноге","Сгибание лежа по 1 ноге","","","","","unknown","","bilateral","","false","","","143","true","Нужно вручную разметить перед использованием в заменах."
"ex_сгибание-ног-лежа","Сгибание ног лежа","бицепс бедра","","pull","machine","beginner","knee_flexion","bilateral","lower_pull","false","strength_knee_flexion","Сгибание ног сидя; Сгибание ног лежа 15 раз","61","false",""
"ex_сгибание-ног-лежа-15-раз","Сгибание ног лежа 15 раз","бицепс бедра","","pull","machine","beginner","knee_flexion","bilateral","lower_pull","false","strength_knee_flexion","Сгибание ног лежа; Сгибание ног сидя","1","false",""
"ex_сгибание-ног-сидя","Сгибание ног сидя","бицепс бедра","","pull","machine","beginner","knee_flexion","bilateral","lower_pull","false","strength_knee_flexion","Сгибание ног лежа; Сгибание ног лежа 15 раз","430","false",""
"ex_си-си-присед-на-бицепс-бедра","Си-си присед на бицепс бедра","квадрицепс","ягодицы","push","bodyweight","beginner","squat_lunge","bilateral","lower_push","true","strength_squat_lunge","Обратный гак присед; Присед плие; Приседания в кроссовере; Гак присед; Плеометрический гак присед; Си-си присед с собственным весом; Присед в смите; Си-си присед с собственным весом 10 раз; Присед с паузой; Си-си приседания на переднюю поверхность бедра","6","false",""
"ex_си-си-присед-с-собственным-весом","Си-си присед с собственным весом","квадрицепс","ягодицы","push","bodyweight","beginner","squat_lunge","bilateral","lower_push","true","strength_squat_lunge","Обратный гак присед; Присед плие; Приседания в кроссовере; Гак присед; Плеометрический гак присед; Присед в смите; Си-си присед с собственным весом 10 раз; Си-си присед на бицепс бедра; Присед с паузой; Си-си приседания на переднюю поверхность бедра","15","false",""
"ex_си-си-присед-с-собственным-весом-10-раз","Си-си присед с собственным весом 10 раз","квадрицепс","ягодицы","push","bodyweight","beginner","squat_lunge","bilateral","lower_push","true","strength_squat_lunge","Обратный гак присед; Присед плие; Приседания в кроссовере; Гак присед; Плеометрический гак присед; Си-си присед с собственным весом; Присед в смите; Си-си присед на бицепс бедра; Присед с паузой; Си-си приседания на переднюю поверхность бедра","9","false",""
"ex_си-си-приседания-на-переднюю-поверхность-бедра","Си-си приседания на переднюю поверхность бедра","квадрицепс","ягодицы","push","bodyweight","beginner","squat_lunge","bilateral","lower_push","true","strength_squat_lunge","Обратный гак присед; Присед плие; Приседания в кроссовере; Гак присед; Плеометрический гак присед; Си-си присед с собственным весом; Присед в смите; Си-си присед с собственным весом 10 раз; Си-си присед на бицепс бедра; Присед с паузой","2","false",""
"ex_скрепка","Скрепка","","","","","unknown","","bilateral","","false","","","100","true","Нужно вручную разметить перед использованием в заменах."
"ex_скручивание-на-полу","Скручивание на полу","кор","","core","bodyweight","beginner","trunk_flexion","bilateral","core","false","strength_trunk_flexion","Касания пяток (пресс); Косые скручивания с мячом; Подъемы ног на скамье для пресса; Прямые скручивания с мячом; Скручивания на скамье для пресса; Прямые скручивания на пресс; Велосипедные скручивания; Пресс на босу","2","false",""
"ex_скручивания-на-скамье-для-пресса","Скручивания на скамье для пресса","кор","","core","bodyweight","beginner","trunk_flexion","bilateral","core","false","strength_trunk_flexion","Касания пяток (пресс); Косые скручивания с мячом; Подъемы ног на скамье для пресса; Прямые скручивания с мячом; Прямые скручивания на пресс; Велосипедные скручивания; Скручивание на полу; Пресс на босу","120","false",""
"ex_становая-тяга","Становая тяга","задняя цепь","ягодицы","hinge","free_weight","intermediate","hip_hinge","bilateral","lower_pull","true","strength_hip_hinge","Становая тяга сумо; Мертвая тяга; Румынская тяга; Мертвая тяга 12 раз","107","false",""
"ex_становая-тяга-сумо","Становая тяга сумо","задняя цепь","ягодицы","hinge","free_weight","intermediate","hip_hinge","bilateral","lower_pull","true","strength_hip_hinge","Становая тяга; Мертвая тяга; Румынская тяга; Мертвая тяга 12 раз","65","false",""
"ex_суперсет-на-верх-груди-в-смитте","Суперсет на верх груди в смитте","","","","","unknown","","bilateral","","false","","","17","true","Нужно вручную разметить перед использованием в заменах."
"ex_т-тяга-в-тренажере","Т-тяга в тренажере","","","","","unknown","","bilateral","","false","","","17","true","Нужно вручную разметить перед использованием в заменах."
"ex_т-тяга-со-штангой","Т-тяга со штангой","","","","","unknown","","bilateral","","false","","","124","true","Нужно вручную разметить перед использованием в заменах."
"ex_трицепс-в-кроссовере-обратным-хватом","Трицепс в кроссовере обратным хватом","трицепс","","isolation","bodyweight","beginner","elbow_extension","bilateral","accessory","false","strength_elbow_extension","Разгибание на трицепс в наклоне; Разгибание на трицепс с канатной рукоятью; Тяга из-за головы в кроссовере на трицепс.; Тяга из-за головы на трицепс; Разгибание на трицепс из-за головы; Разгибание на трицепс по одной руке в кроссовере; Трицепс в тренажёре формата ""брусья""; Французский жим гантели стоя; Французский жим с гантелями","165","false",""
"ex_трицепс-в-тренажере-формата-брусья","Трицепс в тренажёре формата ""брусья""","трицепс","","isolation","machine","beginner","elbow_extension","bilateral","accessory","false","strength_elbow_extension","Разгибание на трицепс в наклоне; Разгибание на трицепс с канатной рукоятью; Трицепс в кроссовере обратным хватом; Тяга из-за головы в кроссовере на трицепс.; Тяга из-за головы на трицепс; Французский жим гантели стоя; Французский жим с гантелями; Разгибание на трицепс из-за головы; Разгибание на трицепс по одной руке в кроссовере","129","false",""
"ex_тяга-арбалет-на-заднюю-дельту","Тяга ""Арбалет"" на заднюю дельту","","","","","unknown","","bilateral","","false","","","84","true","Нужно вручную разметить перед использованием в заменах."
"ex_тяга-гантели-к-поясу","Тяга гантели к поясу","","","","","unknown","","bilateral","","false","","","97","true","Нужно вручную разметить перед использованием в заменах."
"ex_тяга-гирь-к-поясу","Тяга гирь к поясу","","","","","unknown","","bilateral","","false","","","33","true","Нужно вручную разметить перед использованием в заменах."
"ex_тяга-из-за-головы-в-кроссовере-на-трицепс","Тяга из-за головы в кроссовере на трицепс.","трицепс","","isolation","bodyweight","beginner","elbow_extension","bilateral","accessory","false","strength_elbow_extension","Разгибание на трицепс в наклоне; Разгибание на трицепс с канатной рукоятью; Трицепс в кроссовере обратным хватом; Тяга из-за головы на трицепс; Разгибание на трицепс из-за головы; Разгибание на трицепс по одной руке в кроссовере; Трицепс в тренажёре формата ""брусья""; Французский жим гантели стоя; Французский жим с гантелями","55","false",""
"ex_тяга-из-за-головы-на-трицепс","Тяга из-за головы на трицепс","трицепс","","isolation","bodyweight","beginner","elbow_extension","bilateral","accessory","false","strength_elbow_extension","Разгибание на трицепс в наклоне; Разгибание на трицепс с канатной рукоятью; Трицепс в кроссовере обратным хватом; Тяга из-за головы в кроссовере на трицепс.; Разгибание на трицепс из-за головы; Разгибание на трицепс по одной руке в кроссовере; Трицепс в тренажёре формата ""брусья""; Французский жим гантели стоя; Французский жим с гантелями","96","false",""
"ex_тяга-к-подбородку-в-кроссовере","Тяга к подбородку в кроссовере","","","","","unknown","","bilateral","","false","","","153","true","Нужно вручную разметить перед использованием в заменах."
"ex_тяга-к-поясу-в-кроссовере","Тяга к поясу в кроссовере","спина","бицепс","pull","free_weight","beginner","horizontal_pull","bilateral","horizontal_pull","false","strength_horizontal_pull","Горизонтальная или гребная тяга широким хватом; Горизонтальная тяга или гребная тяга.","166","false",""
"ex_тяга-ли-хэйни","Тяга Ли Хэйни","","","","","unknown","","bilateral","","false","","","67","true","Нужно вручную разметить перед использованием в заменах."
"ex_тяга-штанги-к-поясу","Тяга штанги к поясу","","","","","unknown","","bilateral","","false","","","114","true","Нужно вручную разметить перед использованием в заменах."
"ex_французский-жим-гантели-стоя","Французский жим гантели стоя","трицепс","","isolation","free_weight","beginner","elbow_extension","bilateral","accessory","false","strength_elbow_extension","Французский жим с гантелями; Разгибание на трицепс в наклоне; Разгибание на трицепс с канатной рукоятью; Трицепс в кроссовере обратным хватом; Трицепс в тренажёре формата ""брусья""; Тяга из-за головы в кроссовере на трицепс.; Тяга из-за головы на трицепс; Разгибание на трицепс из-за головы; Разгибание на трицепс по одной руке в кроссовере","36","false",""
"ex_французский-жим-лежа","Французский жим лёжа","грудь","трицепс","push","bodyweight","beginner","horizontal_push","bilateral","horizontal_push","false","strength_horizontal_push","Классические отжимания; Обратные отжимания; Отжимания в смитте; Отжимания на брусьях в гравитроне; Отжимания узким хватом; Сведение рук в кроссовере; Сведение рук в кроссовере на 30* скамье; Отжимания на брусьях; Классические отжимания 10 раз; Сведение рук в кроссовере на горизонтальной скамье","23","false",""
"ex_французский-жим-с-гантелями","Французский жим с гантелями","трицепс","","isolation","free_weight","beginner","elbow_extension","bilateral","accessory","false","strength_elbow_extension","Французский жим гантели стоя; Разгибание на трицепс в наклоне; Разгибание на трицепс с канатной рукоятью; Трицепс в кроссовере обратным хватом; Трицепс в тренажёре формата ""брусья""; Тяга из-за головы в кроссовере на трицепс.; Тяга из-за головы на трицепс; Разгибание на трицепс из-за головы; Разгибание на трицепс по одной руке в кроссовере","73","false",""
"ex_фронтальные-махи-со-штангой-стоя","Фронтальные махи со штангой стоя","плечи","","isolation","free_weight","beginner","shoulder_isolation","bilateral","accessory","true","strength_shoulder_isolation","","55","false",""
"ex_фронтальные-приседания-со-штангой","Фронтальные приседания со штангой","квадрицепс","ягодицы","push","free_weight","intermediate","squat_lunge","bilateral","lower_push","true","strength_squat_lunge","Приседания со штангой; Выпады со штангой; Болгарский присед; Обратный гак присед; Присед плие; Приседания в кроссовере; Гак присед; Плеометрический гак присед; Си-си присед с собственным весом; Присед в смите","291","false",""
"ex_ягодицы-в-тренажере","Ягодицы в тренажере","","","","","unknown","","bilateral","","false","","","53","true","Нужно вручную разметить перед использованием в заменах."
"ex_ягодичный-мост-в-смитте","Ягодичный мост в смитте","ягодицы","задняя цепь","extension_abduction","bodyweight","beginner","hip_extension","bilateral","lower_accessory","false","strength_hip_extension","Ягодичный мост в тренажере; Ягодичный мост со штангой","104","false",""
"ex_ягодичный-мост-в-тренажере","Ягодичный мост в тренажере","ягодицы","задняя цепь","extension_abduction","machine","beginner","hip_extension","bilateral","lower_accessory","false","strength_hip_extension","Ягодичный мост в смитте; Ягодичный мост со штангой","379","false",""
"ex_ягодичный-мост-со-штангой","Ягодичный мост со штангой","ягодицы","задняя цепь","extension_abduction","free_weight","beginner","hip_extension","bilateral","lower_accessory","false","strength_hip_extension","Ягодичный мост в смитте; Ягодичный мост в тренажере","51","false",""
"ex_g-жим","G-жим","","","","","unknown","","bilateral","","false","","","55","true","Нужно вручную разметить перед использованием в заменах."
